{"stats":{"minecraft:dropped":{"minecraft:feather":1,"wizards_reborn:arcanum_dust":1,"minecraft:stick":2,"minecraft:dirt":6,"minecraft:diorite":7,"gravestone:obituary":1,"minecraft:string":5,"minecraft:stone_axe":1,"minecraft:tuff":37,"minecraft:rotten_flesh":1,"minecraft:clay_ball":4,"minecraft:shield":1,"minecraft:wooden_pickaxe":1},"minecraft:killed":{"minecraft:cave_spider":2,"minecraft:spider":6,"minecraft:skeleton":16,"minecraft:chicken":14,"minecraft:drowned":1,"minecraft:magma_cube":1,"minecraft:pig":5,"minecraft:zombie_villager":1,"minecraft:creeper":3,"minecraft:sheep":1,"minecraft:zombie":16,"minecraft:ghast":1,"minecraft:wither_skeleton":1,"minecraft:cow":11},"minecraft:custom":{"minecraft:mob_kills":80,"minecraft:interact_with_crafting_table":53,"minecraft:open_barrel":1,"minecraft:leave_game":3,"minecraft:time_since_death":3596,"minecraft:climb_one_cm":25754,"minecraft:sprint_one_cm":421012,"minecraft:walk_one_cm":420442,"minecraft:damage_blocked_by_shield":830,"minecraft:drop":13,"minecraft:play_time":209914,"minecraft:deaths":8,"minecraft:sneak_time":20081,"minecraft:walk_under_water_one_cm":46408,"minecraft:jump":4353,"minecraft:walk_on_water_one_cm":41694,"minecraft:total_world_time":209914,"minecraft:interact_with_furnace":83,"minecraft:sleep_in_bed":4,"minecraft:time_since_rest":3621,"minecraft:damage_taken":4518,"minecraft:damage_dealt":11573,"minecraft:swim_one_cm":163133,"minecraft:fly_one_cm":693323,"minecraft:open_chest":20,"minecraft:crouch_one_cm":44491,"minecraft:fall_one_cm":128588},"minecraft:mined":{"minecraft:tuff":37,"minecraft:deepslate_diamond_ore":13,"minecraft:sculk_vein":2,"minecraft:jungle_leaves":4,"minecraft:dark_oak_fence":1,"minecraft:obsidian":5,"minecraft:glow_lichen":1,"gravestone:gravestone":4,"minecraft:granite":17,"minecraft:grass_block":11,"minecraft:jungle_log":6,"minecraft:cracked_polished_blackstone_bricks":1,"minecraft:polished_blackstone_bricks":43,"minecraft:furnace":12,"minecraft:iron_ore":111,"minecraft:cobbled_deepslate":6,"minecraft:fire":6,"wizards_reborn:deepslate_arcanum_ore":5,"minecraft:andesite":5,"minecraft:deepslate_lapis_ore":10,"minecraft:cave_vines":2,"minecraft:deepslate_iron_ore":46,"minecraft:vine":2,"minecraft:bamboo":1,"minecraft:stone":373,"minecraft:deepslate_redstone_ore":2,"minecraft:red_bed":5,"minecraft:blackstone":10,"minecraft:basalt":14,"minecraft:clay":1,"minecraft:crafting_table":20,"minecraft:torch":4,"wizards_reborn:arcanum_ore":1,"minecraft:melon":13,"minecraft:cobblestone":14,"minecraft:lapis_ore":2,"minecraft:deepslate_gold_ore":24,"minecraft:oak_planks":8,"minecraft:diorite":21,"minecraft:wall_torch":2,"minecraft:birch_leaves":4,"minecraft:grass":14,"minecraft:oak_log":39,"minecraft:coal_ore":122,"minecraft:gravel":9,"minecraft:dirt":30,"minecraft:gold_ore":4,"minecraft:oak_leaves":37,"minecraft:deepslate":291,"minecraft:fern":2},"minecraft:killed_by":{"cave_dweller:cave_dweller":1},"minecraft:used":{"minecraft:flint_and_steel":1,"minecraft:stone_shovel":10,"minecraft:shield":31,"minecraft:cooked_chicken":11,"minecraft:torch":16,"minecraft:dirt":18,"minecraft:jungle_planks":4,"minecraft:granite":16,"minecraft:obsidian":5,"minecraft:wooden_axe":47,"minecraft:lava_bucket":9,"travelersbackpack:gold":2,"minecraft:iron_axe":82,"minecraft:basalt":13,"minecraft:furnace":13,"minecraft:cooked_beef":2,"minecraft:cobbled_deepslate":161,"minecraft:water_bucket":1,"minecraft:diorite":10,"minecraft:stone_pickaxe":385,"minecraft:oak_planks":41,"minecraft:wooden_pickaxe":31,"anthropology_items__structures:hunters_machete":65,"minecraft:crafting_table":21,"minecraft:red_bed":4,"minecraft:diamond_pickaxe":82,"minecraft:apple":1,"minecraft:melon_slice":36,"minecraft:bread":8,"minecraft:iron_pickaxe":725,"minecraft:gravel":3,"minecraft:stone_axe":85,"minecraft:cobblestone":198,"minecraft:cooked_porkchop":12,"minecraft:jungle_door":1,"minecraft:bucket":11},"minecraft:crafted":{"minecraft:oak_planks":156,"minecraft:stone_shovel":1,"minecraft:cooked_chicken":14,"minecraft:furnace":3,"minecraft:flint_and_steel":1,"minecraft:diamond_helmet":1,"minecraft:iron_boots":2,"minecraft:iron_axe":3,"minecraft:stone_pickaxe":4,"minecraft:diamond_boots":1,"minecraft:cooked_beef":3,"minecraft:cooked_porkchop":12,"minecraft:crafting_table":5,"minecraft:wooden_pickaxe":4,"minecraft:iron_helmet":1,"minecraft:bucket":1,"minecraft:stone_axe":3,"minecraft:air":0,"minecraft:jungle_planks":24,"minecraft:jungle_door":3,"minecraft:iron_chestplate":2,"minecraft:diamond_pickaxe":1,"minecraft:shield":2,"minecraft:stick":56,"minecraft:iron_ingot":87,"minecraft:iron_pickaxe":5,"minecraft:wooden_axe":3,"minecraft:iron_leggings":2,"minecraft:torch":16},"minecraft:picked_up":{"minecraft:crafting_table":20,"minecraft:chicken":14,"minecraft:clay_ball":4,"minecraft:shield":1,"minecraft:red_bed":5,"minecraft:string":5,"minecraft:blackstone":6,"minecraft:cobbled_deepslate":247,"minecraft:beef":12,"minecraft:melon_slice":54,"minecraft:egg":3,"minecraft:furnace":12,"minecraft:stick":1,"wizards_reborn:arcanum":6,"minecraft:raw_iron":242,"minecraft:torch":7,"minecraft:polished_blackstone_bricks":43,"minecraft:porkchop":19,"minecraft:diorite":21,"minecraft:redstone":8,"minecraft:rotten_flesh":9,"minecraft:arrow":7,"minecraft:glow_berries":1,"minecraft:obsidian":5,"minecraft:white_wool":1,"minecraft:cobblestone":380,"minecraft:feather":6,"minecraft:basalt":14,"minecraft:jungle_log":6,"minecraft:andesite":5,"minecraft:leather":9,"minecraft:flint":1,"minecraft:tuff":37,"minecraft:oak_log":39,"minecraft:gunpowder":5,"minecraft:lapis_lazuli":70,"minecraft:dirt":39,"minecraft:bone":11,"minecraft:apple":1,"minecraft:wheat_seeds":2,"minecraft:raw_gold":27,"minecraft:iron_ingot":3,"minecraft:bamboo":11,"travelersbackpack:gold":2,"minecraft:oak_planks":8,"minecraft:gravel":6,"minecraft:diamond":13,"minecraft:stone_axe":1,"wizards_reborn:arcanum_dust":1,"minecraft:cracked_polished_blackstone_bricks":1,"minecraft:granite":16,"minecraft:oak_sapling":1,"minecraft:coal":601},"minecraft:broken":{"minecraft:stone_pickaxe":2,"minecraft:stone_axe":1,"minecraft:iron_pickaxe":2}},"DataVersion":3465}