{"stats":{"minecraft:dropped":{"minecraft:feather":1,"wizards_reborn:arcanum_dust":1,"minecraft:stick":2,"minecraft:dirt":6,"minecraft:diorite":7,"gravestone:obituary":1,"minecraft:string":5,"minecraft:stone_axe":1,"minecraft:tuff":37,"minecraft:rotten_flesh":1,"minecraft:clay_ball":4,"minecraft:shield":1,"minecraft:wooden_pickaxe":1},"minecraft:killed":{"minecraft:cave_spider":2,"minecraft:spider":5,"minecraft:skeleton":16,"minecraft:chicken":12,"minecraft:drowned":1,"minecraft:magma_cube":1,"minecraft:pig":5,"minecraft:zombie_villager":1,"minecraft:creeper":3,"minecraft:sheep":1,"minecraft:zombie":16,"minecraft:ghast":1,"minecraft:wither_skeleton":1,"minecraft:cow":10},"minecraft:custom":{"minecraft:mob_kills":76,"minecraft:interact_with_crafting_table":44,"minecraft:open_barrel":1,"minecraft:leave_game":3,"minecraft:time_since_death":2373,"minecraft:climb_one_cm":21055,"minecraft:sprint_one_cm":376812,"minecraft:walk_one_cm":377259,"minecraft:damage_blocked_by_shield":830,"minecraft:drop":13,"minecraft:play_time":185914,"minecraft:deaths":5,"minecraft:sneak_time":16743,"minecraft:walk_under_water_one_cm":42953,"minecraft:jump":3849,"minecraft:walk_on_water_one_cm":35396,"minecraft:total_world_time":185914,"minecraft:interact_with_furnace":76,"minecraft:sleep_in_bed":4,"minecraft:time_since_rest":2501,"minecraft:damage_taken":3598,"minecraft:damage_dealt":11233,"minecraft:swim_one_cm":129328,"minecraft:fly_one_cm":583010,"minecraft:open_chest":20,"minecraft:crouch_one_cm":38850,"minecraft:fall_one_cm":104629},"minecraft:mined":{"minecraft:tuff":37,"minecraft:deepslate_diamond_ore":13,"minecraft:sculk_vein":2,"minecraft:jungle_leaves":4,"minecraft:dark_oak_fence":1,"minecraft:obsidian":5,"minecraft:glow_lichen":1,"gravestone:gravestone":3,"minecraft:granite":17,"minecraft:grass_block":11,"minecraft:jungle_log":5,"minecraft:cracked_polished_blackstone_bricks":1,"minecraft:polished_blackstone_bricks":43,"minecraft:furnace":11,"minecraft:iron_ore":97,"minecraft:cobbled_deepslate":6,"minecraft:fire":6,"wizards_reborn:deepslate_arcanum_ore":5,"minecraft:andesite":5,"minecraft:deepslate_lapis_ore":10,"minecraft:cave_vines":2,"minecraft:deepslate_iron_ore":46,"minecraft:vine":2,"minecraft:stone":356,"minecraft:deepslate_redstone_ore":2,"minecraft:red_bed":5,"minecraft:blackstone":10,"minecraft:basalt":14,"minecraft:clay":1,"minecraft:crafting_table":16,"minecraft:torch":4,"wizards_reborn:arcanum_ore":1,"minecraft:melon":13,"minecraft:cobblestone":14,"minecraft:lapis_ore":2,"minecraft:deepslate_gold_ore":24,"minecraft:oak_planks":8,"minecraft:diorite":21,"minecraft:wall_torch":2,"minecraft:birch_leaves":4,"minecraft:grass":11,"minecraft:oak_log":26,"minecraft:coal_ore":109,"minecraft:gravel":9,"minecraft:dirt":7,"minecraft:gold_ore":4,"minecraft:oak_leaves":32,"minecraft:deepslate":291,"minecraft:fern":1},"minecraft:killed_by":{"cave_dweller:cave_dweller":1},"minecraft:used":{"minecraft:flint_and_steel":1,"minecraft:stone_shovel":10,"minecraft:shield":31,"minecraft:cooked_chicken":11,"minecraft:torch":16,"minecraft:dirt":9,"minecraft:granite":16,"minecraft:obsidian":5,"minecraft:wooden_axe":22,"minecraft:lava_bucket":9,"travelersbackpack:gold":2,"minecraft:iron_axe":82,"minecraft:basalt":13,"minecraft:furnace":11,"minecraft:cooked_beef":1,"minecraft:cobbled_deepslate":161,"minecraft:water_bucket":1,"minecraft:diorite":10,"minecraft:stone_pickaxe":346,"minecraft:oak_planks":9,"minecraft:wooden_pickaxe":25,"anthropology_items__structures:hunters_machete":65,"minecraft:crafting_table":17,"minecraft:red_bed":4,"minecraft:diamond_pickaxe":82,"minecraft:apple":1,"minecraft:melon_slice":36,"minecraft:bread":8,"minecraft:iron_pickaxe":725,"minecraft:gravel":3,"minecraft:stone_axe":83,"minecraft:cobblestone":198,"minecraft:cooked_porkchop":12,"minecraft:jungle_door":1,"minecraft:bucket":11},"minecraft:crafted":{"minecraft:oak_planks":104,"minecraft:stone_shovel":1,"minecraft:cooked_chicken":12,"minecraft:furnace":2,"minecraft:flint_and_steel":1,"minecraft:diamond_helmet":1,"minecraft:iron_boots":2,"minecraft:iron_axe":2,"minecraft:stone_pickaxe":3,"minecraft:diamond_boots":1,"minecraft:cooked_beef":1,"minecraft:cooked_porkchop":12,"minecraft:crafting_table":4,"minecraft:wooden_pickaxe":3,"minecraft:iron_helmet":1,"minecraft:bucket":1,"minecraft:stone_axe":2,"minecraft:air":0,"minecraft:jungle_planks":20,"minecraft:jungle_door":3,"minecraft:iron_chestplate":2,"minecraft:diamond_pickaxe":1,"minecraft:shield":2,"minecraft:stick":44,"minecraft:iron_ingot":73,"minecraft:iron_pickaxe":4,"minecraft:wooden_axe":2,"minecraft:iron_leggings":2,"minecraft:torch":16},"minecraft:picked_up":{"minecraft:crafting_table":16,"minecraft:chicken":12,"minecraft:clay_ball":4,"minecraft:shield":1,"minecraft:red_bed":5,"minecraft:string":5,"minecraft:blackstone":6,"minecraft:cobbled_deepslate":247,"minecraft:beef":10,"minecraft:melon_slice":54,"minecraft:egg":1,"minecraft:furnace":11,"minecraft:stick":1,"wizards_reborn:arcanum":6,"minecraft:raw_iron":228,"minecraft:torch":7,"minecraft:polished_blackstone_bricks":43,"minecraft:porkchop":19,"minecraft:diorite":21,"minecraft:redstone":8,"minecraft:rotten_flesh":9,"minecraft:arrow":7,"minecraft:glow_berries":1,"minecraft:obsidian":5,"minecraft:white_wool":1,"minecraft:cobblestone":363,"minecraft:feather":5,"minecraft:basalt":14,"minecraft:jungle_log":5,"minecraft:andesite":5,"minecraft:leather":7,"minecraft:flint":1,"minecraft:tuff":37,"minecraft:oak_log":26,"minecraft:gunpowder":5,"minecraft:lapis_lazuli":70,"minecraft:dirt":17,"minecraft:bone":11,"minecraft:apple":1,"minecraft:raw_gold":27,"minecraft:iron_ingot":3,"travelersbackpack:gold":2,"minecraft:oak_planks":8,"minecraft:gravel":6,"minecraft:diamond":13,"minecraft:stone_axe":1,"wizards_reborn:arcanum_dust":1,"minecraft:cracked_polished_blackstone_bricks":1,"minecraft:granite":16,"minecraft:oak_sapling":1,"minecraft:coal":588},"minecraft:broken":{"minecraft:stone_pickaxe":2,"minecraft:stone_axe":1,"minecraft:iron_pickaxe":2}},"DataVersion":3465}