{"stats":{"minecraft:killed":{"alexsmobs:lobster":2,"minecraft:cave_spider":3,"minecraft:spider":29,"minecraft:skeleton":57,"minecraft:chicken":27,"minecraft:silverfish":4,"minecraft:magma_cube":2,"minecraft:piglin":1,"minecraft:pig":15,"minecraft:zombie_villager":2,"minecraft:salmon":6,"alexsmobs:stradpole":1,"minecraft:creeper":10,"minecraft:sheep":12,"minecraft:trader_llama":1,"minecraft:pillager":2,"minecraft:zombie":77,"minecraft:ghast":1,"alexsmobs:fly":1,"cave_dweller:cave_dweller":2,"minecraft:cow":26,"chococraft:chocobo":2,"minecraft:llama":1,"alexsmobs:soul_vulture":3,"minecraft:drowned":1,"alexsmobs:flying_fish":2,"minecraft:bat":1,"minecraft:wandering_trader":1,"minecraft:hoglin":2,"minecraft:squid":2,"minecraft:wither_skeleton":1,"minecraft:villager":3},"minecraft:killed_by":{"alexsmobs:cachalot_whale":1,"minecraft:player":1,"alexsmobs:tiger":1,"cave_dweller:cave_dweller":3},"minecraft:dropped":{"minecraft:soul_sand":27,"mores:silver_ingot":1,"minecraft:birch_planks":22,"minecraft:leather":9,"minecraft:chest_minecart":3,"minecraft:rail":6,"minecraft:cracked_polished_blackstone_bricks":2,"minecraft:dirt":38,"mores:topaz_chestplate":2,"minecraft:dark_oak_fence":1,"mores:amethyst_shield":1,"gravestone:obituary":13,"minecraft:sunflower":1,"minecraft:polished_blackstone_bricks":81,"minecraft:iron_pickaxe":2,"minecraft:white_wool":1,"minecraft:gold_ingot":11,"minecraft:bone":34,"minecraft:gravel":33,"mores:anthracite":7,"minecraft:stone_axe":1,"minecraft:blackstone":6,"minecraft:nether_brick":2,"minecraft:cobbled_deepslate":1188,"minecraft:rotten_flesh":9,"minecraft:oak_planks":10,"minecraft:cooked_mutton":1,"minecraft:poppy":1,"anthropology_items__structures:thermonuclear_bomb":1,"minecraft:gunpowder":4,"mores:steel_helmet":1,"minecraft:chest":2,"minecraft:arrow":18,"minecraft:netherrack":48,"mores:turquoise_chestplate":1,"minecraft:wheat_seeds":9,"minecraft:tnt":192,"chococraft:gold_gysahl":1,"anthropology_items__structures:hunters_machete":1,"minecraft:oak_fence":14,"minecraft:iron_helmet":1,"minecraft:feather":3,"minecraft:cobblestone":138,"minecraft:amethyst_block":6,"chococraft:gysahl_green_seeds":28,"minecraft:granite":8,"minecraft:coal":2,"minecraft:stick":6,"minecraft:diorite":20,"minecraft:golden_carrot":2,"minecraft:torch":5,"minecraft:repeater":1,"minecraft:wooden_axe":1,"minecraft:melon_slice":7,"minecraft:diamond_helmet":1,"minecraft:fire_charge":1,"minecraft:iron_leggings":3,"minecraft:white_banner":1,"minecraft:iron_axe":3,"minecraft:string":8,"minecraft:pink_petals":6,"minecraft:furnace":1,"alexsmobs:maggot":2,"minecraft:soul_soil":52,"minecraft:cocoa_beans":3,"chococraft:chocobo_feather":2,"mores:raw_tin":10,"minecraft:deepslate":4,"minecraft:tuff":113,"minecraft:stone_shovel":3,"minecraft:clay_ball":148,"mores:topaz_helmet":1,"minecraft:flint_and_steel":1,"minecraft:shield":2,"minecraft:iron_chestplate":3,"minecraft:andesite":1,"mores:ruby_boots":2,"mores:raw_silver":1,"minecraft:oak_boat":2,"minecraft:oak_sapling":5,"minecraft:redstone_torch":66,"mores:topaz_axe":1,"minecraft:magenta_dye":2,"minecraft:bow":1,"minecraft:wooden_pickaxe":2,"minecraft:raw_gold":1,"minecraft:calcite":9,"chococraft:gysahl_green":5,"minecraft:brick":32},"minecraft:broken":{"minecraft:iron_boots":1,"minecraft:stone_pickaxe":3,"minecraft:stone_axe":2,"minecraft:iron_hoe":3,"minecraft:shield":1,"minecraft:iron_pickaxe":6},"minecraft:mined":{"minecraft:white_bed":1,"anthropology_items__structures:limestone":5,"minecraft:sculk_vein":102,"minecraft:cherry_log":7,"minecraft:jungle_leaves":5,"minecraft:obsidian":7,"minecraft:granite":64,"minecraft:chiseled_polished_blackstone":6,"minecraft:grass_block":64,"minecraft:jungle_log":8,"minecraft:cracked_polished_blackstone_bricks":8,"minecraft:soul_soil":27,"minecraft:gilded_blackstone":1,"minecraft:sandstone_stairs":2,"minecraft:polished_blackstone_bricks":82,"minecraft:magma_block":3,"mores:deepslate_tourmaline_ore":20,"minecraft:sculk_catalyst":10,"minecraft:mossy_cobblestone_stairs":1,"minecraft:iron_ore":212,"minecraft:cobbled_deepslate":20,"minecraft:fire":22,"minecraft:pumpkin":1,"minecraft:fletching_table":1,"minecraft:deepslate_lapis_ore":18,"minecraft:sculk_shrieker":1,"chococraft:gysahl_green":14,"minecraft:red_tulip":3,"minecraft:cave_vines":3,"minecraft:iron_bars":3,"minecraft:tripwire":3,"mores:deepslate_moissanite_ore":6,"minecraft:deepslate_redstone_ore":23,"minecraft:red_bed":5,"minecraft:blackstone":20,"minecraft:amethyst_cluster":1,"mores:deepslate_anthracite_ore":11,"minecraft:clay":40,"minecraft:torch":21,"minecraft:light_gray_terracotta":2,"minecraft:dark_oak_wood":1,"minecraft:blast_furnace":2,"minecraft:calcite":9,"minecraft:melon":21,"minecraft:chest":3,"minecraft:nether_quartz_ore":12,"minecraft:glass":2,"minecraft:cobblestone":41,"minecraft:sugar_cane":3,"minecraft:oak_planks":55,"mores:deepslate_turquoise_ore":39,"minecraft:wall_torch":15,"minecraft:amethyst_block":6,"minecraft:repeater":1,"minecraft:birch_log":4,"minecraft:lilac":2,"minecraft:tnt":659,"minecraft:grass":235,"minecraft:oak_log":75,"minecraft:sand":21,"minecraft:dirt":90,"mores:silver_ore":5,"minecraft:smooth_basalt":8,"minecraft:potted_red_tulip":1,"minecraft:netherrack":82,"mores:deepslate_topaz_ore":33,"minecraft:oak_leaves":62,"minecraft:deepslate":1561,"minecraft:emerald_block":12,"minecraft:red_carpet":1,"minecraft:tuff":107,"minecraft:quartz_stairs":3,"minecraft:mossy_cobblestone":5,"minecraft:deepslate_diamond_ore":61,"minecraft:oak_door":2,"minecraft:glow_lichen":1,"gravestone:gravestone":12,"minecraft:dark_oak_fence":7,"minecraft:redstone_wire":9,"minecraft:sandstone":4,"minecraft:redstone_ore":4,"minecraft:furnace":32,"minecraft:andesite":70,"minecraft:gold_block":99,"mores:deepslate_cobalt_ore":1,"minecraft:deepslate_iron_ore":103,"minecraft:vine":3,"minecraft:bamboo":1,"minecraft:stone":1096,"minecraft:white_wool":3,"minecraft:redstone_wall_torch":1,"minecraft:glass_pane":1,"mores:cobalt_ore":5,"minecraft:soul_sand":26,"minecraft:basalt":16,"minecraft:crafting_table":55,"minecraft:cornflower":2,"minecraft:sculk_sensor":24,"minecraft:tall_grass":3,"minecraft:copper_ore":5,"minecraft:deepslate_gold_ore":45,"minecraft:lapis_ore":14,"minecraft:polished_blackstone_brick_stairs":2,"minecraft:sculk":1495,"minecraft:diorite":73,"mores:deepslate_ruby_ore":8,"minecraft:redstone_torch":17,"mores:deepslate_tin_ore":1,"minecraft:white_carpet":1,"minecraft:birch_leaves":7,"minecraft:coal_ore":210,"minecraft:cocoa":1,"minecraft:cherry_leaves":12,"minecraft:sunflower":1,"minecraft:gravel":25,"minecraft:cobweb":1,"mores:deepslate_silver_ore":2,"minecraft:gold_ore":9,"minecraft:fern":45,"minecraft:infested_stone":3},"minecraft:custom":{"minecraft:interact_with_crafting_table":223,"minecraft:open_barrel":13,"minecraft:eat_cake_slice":7,"minecraft:leave_game":11,"minecraft:time_since_death":8054,"minecraft:sprint_one_cm":1664507,"minecraft:damage_blocked_by_shield":5250,"minecraft:drop":363,"minecraft:talked_to_villager":4,"minecraft:play_time":846803,"minecraft:deaths":18,"minecraft:jump":16663,"minecraft:walk_on_water_one_cm":121704,"minecraft:interact_with_furnace":261,"minecraft:interact_with_cartography_table":2,"minecraft:sleep_in_bed":11,"minecraft:damage_dealt":45939,"minecraft:crouch_one_cm":176821,"minecraft:interact_with_smoker":32,"minecraft:inspect_dispenser":1,"minecraft:mob_kills":304,"minecraft:interact_with_campfire":4,"minecraft:climb_one_cm":87111,"minecraft:walk_one_cm":1967976,"minecraft:sneak_time":65787,"minecraft:walk_under_water_one_cm":161795,"minecraft:boat_one_cm":493062,"minecraft:interact_with_blast_furnace":4,"minecraft:total_world_time":846803,"minecraft:pot_flower":1,"minecraft:time_since_rest":8163,"minecraft:damage_taken":14076,"minecraft:swim_one_cm":500527,"minecraft:fly_one_cm":2908201,"minecraft:open_chest":193,"minecraft:fall_one_cm":480710},"minecraft:picked_up":{"minecraft:wooden_axe":1,"mores:topaz_helmet":1,"minecraft:iron_chestplate":1,"minecraft:flower_pot":1,"minecraft:nether_brick":7,"minecraft:amethyst_block":6,"minecraft:string":18,"minecraft:soul_soil":52,"minecraft:raw_copper":14,"minecraft:iron_leggings":1,"mores:tourmaline_gem":14,"minecraft:gold_nugget":6,"minecraft:cobbled_deepslate":1924,"minecraft:redstone_torch":18,"minecraft:calcite":9,"minecraft:iron_pickaxe":2,"minecraft:melon_slice":101,"minecraft:furnace":31,"minecraft:stick":9,"minecraft:oak_fence":14,"minecraft:torch":57,"minecraft:porkchop":51,"minecraft:cherry_log":7,"mores:topaz_gem":59,"minecraft:diorite":65,"mores:topaz_leggings":1,"mores:tourmaline_hoe":1,"mores:raw_tin":10,"minecraft:rotten_flesh":43,"minecraft:red_tulip":1,"chococraft:chocobo_drumstick_cooked":1,"chococraft:chocobo_drumstick_raw":2,"minecraft:obsidian":7,"minecraft:cobblestone":1066,"minecraft:birch_log":4,"minecraft:pink_petals":6,"minecraft:cooked_beef":5,"minecraft:feather":24,"minecraft:lilac":2,"minecraft:repeater":1,"minecraft:andesite":54,"minecraft:jungle_log":8,"minecraft:flint":1,"minecraft:tuff":163,"minecraft:lapis_lazuli":157,"minecraft:dirt":150,"minecraft:bone":78,"minecraft:bow":1,"minecraft:wheat_seeds":36,"minecraft:raw_gold":51,"mores:turquoise_chestplate":2,"minecraft:diamond_helmet":1,"minecraft:fletching_table":1,"minecraft:bamboo":11,"travelersbackpack:gold":2,"mores:turquoise_gem":39,"minecraft:oak_planks":106,"minecraft:cooked_porkchop":1,"minecraft:sand":21,"minecraft:ink_sac":3,"minecraft:spectral_arrow":16,"alexsmobs:animal_dictionary":1,"minecraft:deepslate":8,"minecraft:diamond":69,"minecraft:cracked_polished_blackstone_bricks":2,"minecraft:granite":72,"minecraft:bread":1,"alexsmobs:maggot":2,"minecraft:netherrack":68,"minecraft:oak_sapling":6,"mores:raw_silver":5,"minecraft:dark_oak_fence":7,"minecraft:cocoa_beans":3,"minecraft:crafting_table":54,"mores:ruby_boots":2,"minecraft:chicken":29,"minecraft:clay_ball":148,"minecraft:chest_minecart":3,"minecraft:gold_block":95,"mores:amethyst_shield":1,"gravestone:obituary":5,"minecraft:brick":32,"minecraft:shield":1,"minecraft:cornflower":2,"minecraft:red_bed":5,"minecraft:moss_carpet":1,"minecraft:iron_axe":2,"minecraft:flint_and_steel":2,"minecraft:white_carpet":1,"minecraft:blackstone":33,"travelersbackpack:lapis":3,"minecraft:beef":48,"minecraft:oak_boat":2,"minecraft:poppy":1,"minecraft:chest":3,"minecraft:sugar_cane":4,"minecraft:egg":4,"mores:topaz_chestplate":2,"minecraft:raw_iron":419,"alexsmobs:straddlite":2,"minecraft:fire_charge":1,"minecraft:polished_blackstone_bricks":86,"minecraft:carrot":8,"minecraft:redstone":172,"minecraft:tnt":625,"mores:topaz_axe":2,"minecraft:stone_shovel":2,"minecraft:arrow":33,"minecraft:gold_ingot":5,"minecraft:glow_berries":1,"minecraft:mutton":14,"minecraft:rail":6,"minecraft:white_wool":14,"minecraft:basalt":14,"minecraft:salmon":3,"minecraft:leather":32,"minecraft:birch_planks":11,"minecraft:oak_log":73,"anthropology_items__structures:limestone":5,"minecraft:gunpowder":10,"minecraft:white_banner":1,"minecraft:cooked_mutton":1,"chococraft:chocobo_feather":8,"minecraft:red_carpet":1,"chococraft:gysahl_green":33,"minecraft:apple":1,"chococraft:gold_gysahl":1,"minecraft:iron_ingot":18,"mores:topaz_boots":1,"minecraft:soul_sand":50,"minecraft:smooth_basalt":15,"minecraft:emerald_block":12,"minecraft:pumpkin":1,"minecraft:gravel":45,"mores:ruby_gem":8,"minecraft:amethyst_shard":4,"mores:moissanite_gem":9,"minecraft:blast_furnace":2,"chococraft:gysahl_green_seeds":29,"minecraft:white_bed":1,"minecraft:stone_axe":1,"mores:anthracite":15,"minecraft:gray_wool":1,"minecraft:dark_oak_wood":1,"minecraft:coal":846,"mores:steel_helmet":1,"minecraft:sunflower":2,"minecraft:ender_pearl":1},"minecraft:crafted":{"minecraft:smooth_stone":4,"minecraft:oak_planks":292,"securitycraft:mine":6,"mores:topaz_axe":1,"minecraft:birch_boat":1,"minecraft:cooked_chicken":28,"mores:topaz_leggings":1,"mores:tourmaline_hoe":1,"minecraft:stone":4,"minecraft:cooked_mutton":14,"minecraft:glass":16,"minecraft:diamond_helmet":1,"minecraft:iron_boots":4,"minecraft:chest":8,"mores:topaz_helmet":3,"minecraft:magenta_dye":4,"mores:silver_ingot":2,"minecraft:emerald":108,"minecraft:cooked_porkchop":16,"mores:silver_shovel":1,"minecraft:crafting_table":8,"travelersbackpack:lapis":1,"minecraft:iron_helmet":3,"minecraft:wooden_pickaxe":5,"travelersbackpack:standard":1,"minecraft:birch_planks":16,"travelersbackpack:blue_sleeping_bag":1,"minecraft:pumpkin_seeds":4,"minecraft:iron_chestplate":4,"minecraft:diamond_pickaxe":3,"minecraft:shield":4,"minecraft:stick":128,"mores:ruby_boots":1,"minecraft:iron_ingot":211,"minecraft:iron_pickaxe":11,"minecraft:gold_ingot":35,"minecraft:redstone_torch":8,"chococraft:gysahl_green_seeds":1,"minecraft:golden_carrot":37,"minecraft:magenta_wool":2,"minecraft:stone_shovel":2,"minecraft:furnace":9,"minecraft:blast_furnace":1,"mores:topaz_boots":1,"mores:topaz_chestplate":1,"minecraft:flint_and_steel":1,"mores:topaz_pickaxe":1,"minecraft:iron_axe":4,"minecraft:iron_hoe":3,"minecraft:stone_pickaxe":5,"minecraft:diamond_boots":1,"minecraft:cooked_beef":29,"travelersbackpack:backpack_tank":2,"minecraft:iron_sword":1,"minecraft:cooked_salmon":3,"mores:turquoise_chestplate":1,"minecraft:bucket":5,"minecraft:stone_axe":4,"minecraft:air":0,"minecraft:jungle_planks":28,"securitycraft:dirt_mine":2,"minecraft:blue_dye":2,"minecraft:oak_boat":1,"minecraft:jungle_door":3,"minecraft:gold_nugget":300,"minecraft:wooden_axe":4,"minecraft:blue_wool":2,"minecraft:iron_leggings":5,"minecraft:white_bed":1,"minecraft:torch":72,"minecraft:lapis_block":4},"minecraft:used":{"minecraft:writable_book":1,"travelersbackpack:lapis":12,"minecraft:chest":5,"minecraft:shield":168,"minecraft:iron_sword":4,"minecraft:jungle_planks":4,"minecraft:tuff":3,"minecraft:obsidian":7,"minecraft:glass":2,"minecraft:lava_bucket":9,"minecraft:furnace":33,"mores:topaz_axe":132,"minecraft:diorite":10,"minecraft:stone_pickaxe":516,"minecraft:oak_planks":81,"minecraft:blackstone":27,"minecraft:ender_pearl":1,"minecraft:wooden_pickaxe":61,"mores:topaz_pickaxe":317,"minecraft:white_wool":6,"minecraft:blast_furnace":2,"minecraft:redstone_torch":22,"minecraft:melon_slice":74,"minecraft:bread":34,"minecraft:string":2,"minecraft:deepslate":4,"minecraft:gravel":5,"securitycraft:mine":2,"minecraft:diamond_sword":2,"minecraft:dark_oak_fence":5,"minecraft:andesite":45,"chococraft:gysahl_green":9,"minecraft:oak_boat":1,"minecraft:flint_and_steel":24,"anthropology_items__structures:thermonuclear_bomb":1,"minecraft:stone_shovel":99,"minecraft:redstone":7,"minecraft:cooked_salmon":3,"minecraft:cooked_chicken":21,"minecraft:netherrack":20,"minecraft:torch":123,"minecraft:dirt":52,"minecraft:granite":20,"minecraft:iron_hoe":750,"chococraft:chocobo_drumstick_raw":1,"minecraft:wooden_axe":76,"mores:silver_shovel":73,"travelersbackpack:gold":2,"minecraft:iron_axe":356,"minecraft:jungle_log":1,"minecraft:smooth_basalt":15,"minecraft:basalt":14,"minecraft:golden_carrot":35,"securitycraft:dirt_mine":2,"mores:tourmaline_hoe":865,"minecraft:cooked_beef":32,"minecraft:cobbled_deepslate":528,"minecraft:beetroot_soup":1,"minecraft:cooked_mutton":14,"minecraft:water_bucket":52,"minecraft:birch_boat":1,"anthropology_items__structures:hunters_machete":292,"minecraft:tnt":447,"minecraft:crafting_table":56,"minecraft:red_bed":4,"minecraft:white_bed":2,"minecraft:cake":1,"minecraft:flower_pot":1,"minecraft:diamond_pickaxe":1340,"minecraft:apple":1,"minecraft:iron_pickaxe":2817,"minecraft:stone_axe":206,"travelersbackpack:standard":9,"minecraft:cobblestone":525,"minecraft:cooked_porkchop":15,"minecraft:jungle_door":1,"minecraft:bucket":65,"alexsmobs:animal_dictionary":4,"minecraft:smooth_stone":1}},"DataVersion":3465}