{"stats":{"minecraft:dropped":{"minecraft:feather":1,"wizards_reborn:arcanum_dust":1,"minecraft:stick":4,"minecraft:dirt":6,"minecraft:torch":5,"minecraft:diorite":7,"gravestone:obituary":3,"minecraft:iron_axe":1,"minecraft:iron_pickaxe":1,"minecraft:string":5,"minecraft:stone_axe":1,"minecraft:tuff":37,"minecraft:rotten_flesh":1,"minecraft:clay_ball":20,"minecraft:shield":1,"minecraft:wooden_pickaxe":1},"minecraft:killed":{"minecraft:cave_spider":2,"minecraft:spider":7,"minecraft:skeleton":25,"minecraft:chicken":15,"minecraft:drowned":1,"minecraft:magma_cube":1,"minecraft:pig":13,"minecraft:zombie_villager":1,"minecraft:salmon":6,"minecraft:creeper":3,"minecraft:sheep":4,"minecraft:zombie":34,"minecraft:ghast":1,"minecraft:wither_skeleton":1,"minecraft:cow":13},"minecraft:custom":{"minecraft:mob_kills":128,"minecraft:interact_with_crafting_table":71,"minecraft:open_barrel":1,"minecraft:leave_game":4,"minecraft:time_since_death":2275,"minecraft:climb_one_cm":32917,"minecraft:sprint_one_cm":498524,"minecraft:walk_one_cm":539483,"minecraft:damage_blocked_by_shield":2010,"minecraft:drop":24,"minecraft:talked_to_villager":2,"minecraft:play_time":273057,"minecraft:deaths":9,"minecraft:sneak_time":32496,"minecraft:walk_under_water_one_cm":62514,"minecraft:jump":5502,"minecraft:walk_on_water_one_cm":54552,"minecraft:total_world_time":273057,"minecraft:interact_with_furnace":117,"minecraft:interact_with_cartography_table":2,"minecraft:sleep_in_bed":4,"minecraft:time_since_rest":2336,"minecraft:damage_taken":5216,"minecraft:damage_dealt":18389,"minecraft:swim_one_cm":203945,"minecraft:fly_one_cm":840993,"minecraft:open_chest":29,"minecraft:crouch_one_cm":77203,"minecraft:interact_with_smoker":4,"minecraft:fall_one_cm":158435},"minecraft:mined":{"minecraft:tuff":40,"minecraft:deepslate_diamond_ore":25,"minecraft:sculk_vein":57,"minecraft:jungle_leaves":4,"minecraft:dark_oak_fence":1,"minecraft:obsidian":5,"minecraft:glow_lichen":1,"gravestone:gravestone":4,"minecraft:granite":30,"minecraft:grass_block":14,"minecraft:jungle_log":6,"minecraft:cracked_polished_blackstone_bricks":1,"minecraft:polished_blackstone_bricks":43,"minecraft:sculk_catalyst":6,"minecraft:furnace":19,"minecraft:iron_ore":134,"minecraft:cobbled_deepslate":13,"minecraft:fire":6,"wizards_reborn:deepslate_arcanum_ore":5,"minecraft:andesite":22,"minecraft:deepslate_lapis_ore":12,"minecraft:sculk_shrieker":1,"minecraft:cave_vines":2,"minecraft:deepslate_iron_ore":70,"minecraft:vine":2,"minecraft:bamboo":1,"minecraft:stone":428,"minecraft:white_wool":3,"minecraft:deepslate_redstone_ore":4,"minecraft:red_bed":5,"minecraft:blackstone":10,"minecraft:basalt":14,"minecraft:clay":5,"minecraft:crafting_table":27,"minecraft:torch":4,"wizards_reborn:arcanum_ore":1,"minecraft:melon":13,"minecraft:sculk_sensor":13,"minecraft:cobblestone":14,"minecraft:lapis_ore":2,"minecraft:deepslate_gold_ore":38,"minecraft:oak_planks":40,"minecraft:sculk":683,"minecraft:diorite":21,"minecraft:wall_torch":2,"minecraft:birch_leaves":4,"minecraft:grass":17,"minecraft:oak_log":41,"minecraft:coal_ore":142,"minecraft:gravel":10,"minecraft:dirt":34,"minecraft:gold_ore":4,"minecraft:oak_leaves":37,"minecraft:deepslate":370,"minecraft:fern":2},"minecraft:killed_by":{"cave_dweller:cave_dweller":2},"minecraft:used":{"minecraft:flint_and_steel":1,"minecraft:stone_shovel":10,"minecraft:shield":71,"minecraft:cooked_salmon":3,"minecraft:cooked_chicken":11,"minecraft:torch":23,"minecraft:dirt":35,"minecraft:jungle_planks":4,"minecraft:tuff":3,"minecraft:granite":20,"minecraft:obsidian":5,"minecraft:iron_hoe":750,"minecraft:wooden_axe":47,"minecraft:lava_bucket":9,"travelersbackpack:gold":2,"minecraft:iron_axe":201,"minecraft:basalt":13,"minecraft:furnace":19,"minecraft:cooked_beef":3,"minecraft:cobbled_deepslate":239,"minecraft:cooked_mutton":5,"minecraft:water_bucket":1,"minecraft:diorite":10,"minecraft:stone_pickaxe":385,"minecraft:oak_planks":52,"minecraft:wooden_pickaxe":31,"minecraft:white_wool":6,"anthropology_items__structures:hunters_machete":65,"minecraft:crafting_table":27,"minecraft:red_bed":4,"minecraft:diamond_pickaxe":124,"minecraft:apple":1,"minecraft:melon_slice":36,"minecraft:bread":8,"minecraft:iron_pickaxe":975,"minecraft:gravel":4,"minecraft:stone_axe":118,"minecraft:cobblestone":242,"minecraft:cooked_porkchop":12,"minecraft:jungle_door":1,"minecraft:andesite":16,"minecraft:bucket":11},"minecraft:crafted":{"minecraft:oak_planks":156,"minecraft:stone_shovel":1,"minecraft:cooked_chicken":18,"minecraft:furnace":3,"minecraft:cooked_mutton":5,"minecraft:flint_and_steel":1,"minecraft:diamond_helmet":1,"minecraft:iron_boots":3,"minecraft:iron_axe":3,"minecraft:iron_hoe":3,"minecraft:stone_pickaxe":4,"minecraft:diamond_boots":1,"minecraft:cooked_beef":3,"minecraft:cooked_porkchop":13,"minecraft:crafting_table":5,"minecraft:wooden_pickaxe":4,"minecraft:iron_helmet":2,"minecraft:cooked_salmon":3,"minecraft:bucket":1,"minecraft:stone_axe":3,"minecraft:air":0,"minecraft:jungle_planks":24,"minecraft:jungle_door":3,"minecraft:iron_chestplate":3,"minecraft:diamond_pickaxe":2,"minecraft:shield":3,"minecraft:stick":72,"minecraft:iron_ingot":115,"minecraft:iron_pickaxe":5,"minecraft:wooden_axe":3,"minecraft:iron_leggings":4,"minecraft:torch":32},"minecraft:picked_up":{"minecraft:crafting_table":27,"minecraft:chicken":18,"minecraft:clay_ball":20,"minecraft:shield":1,"minecraft:iron_axe":1,"minecraft:red_bed":5,"minecraft:string":7,"minecraft:blackstone":6,"minecraft:cobbled_deepslate":333,"minecraft:beef":18,"minecraft:iron_pickaxe":1,"minecraft:melon_slice":54,"minecraft:egg":3,"minecraft:furnace":19,"minecraft:stick":1,"wizards_reborn:arcanum":6,"minecraft:raw_iron":289,"minecraft:torch":13,"minecraft:polished_blackstone_bricks":43,"minecraft:porkchop":45,"minecraft:diorite":21,"minecraft:redstone":16,"minecraft:rotten_flesh":16,"minecraft:arrow":12,"minecraft:mutton":5,"minecraft:glow_berries":1,"minecraft:obsidian":5,"minecraft:white_wool":7,"minecraft:cobblestone":435,"minecraft:feather":13,"minecraft:basalt":14,"minecraft:salmon":3,"minecraft:jungle_log":6,"minecraft:andesite":21,"minecraft:leather":9,"minecraft:flint":1,"minecraft:tuff":40,"minecraft:oak_log":39,"minecraft:gunpowder":5,"minecraft:lapis_lazuli":70,"minecraft:dirt":83,"minecraft:bone":18,"minecraft:apple":1,"minecraft:bow":1,"minecraft:wheat_seeds":3,"minecraft:raw_gold":40,"minecraft:iron_ingot":6,"minecraft:bamboo":11,"travelersbackpack:gold":2,"minecraft:oak_planks":40,"minecraft:cooked_porkchop":1,"minecraft:gravel":7,"minecraft:diamond":25,"minecraft:stone_axe":1,"wizards_reborn:arcanum_dust":1,"minecraft:cracked_polished_blackstone_bricks":1,"minecraft:granite":29,"minecraft:oak_sapling":1,"minecraft:coal":678},"minecraft:broken":{"minecraft:stone_pickaxe":2,"minecraft:stone_axe":1,"minecraft:iron_pickaxe":3,"minecraft:iron_hoe":3}},"DataVersion":3465}