{"stats":{"minecraft:killed":{"minecraft:cave_spider":2,"minecraft:spider":7,"minecraft:skeleton":26,"minecraft:chicken":15,"minecraft:drowned":1,"minecraft:magma_cube":1,"minecraft:pig":13,"minecraft:zombie_villager":1,"minecraft:salmon":6,"minecraft:creeper":3,"minecraft:sheep":4,"minecraft:zombie":41,"minecraft:ghast":1,"minecraft:wither_skeleton":1,"minecraft:cow":13},"minecraft:crafted":{"minecraft:oak_planks":180,"minecraft:stone_shovel":1,"minecraft:cooked_chicken":18,"minecraft:furnace":3,"minecraft:cooked_mutton":5,"minecraft:flint_and_steel":1,"minecraft:diamond_helmet":1,"minecraft:iron_boots":3,"minecraft:iron_axe":3,"minecraft:iron_hoe":3,"minecraft:stone_pickaxe":5,"minecraft:diamond_boots":1,"minecraft:cooked_beef":3,"minecraft:cooked_porkchop":13,"minecraft:crafting_table":6,"minecraft:wooden_pickaxe":5,"minecraft:iron_helmet":2,"minecraft:cooked_salmon":3,"minecraft:bucket":1,"minecraft:stone_axe":4,"minecraft:air":0,"minecraft:jungle_planks":28,"minecraft:jungle_door":3,"minecraft:iron_chestplate":3,"minecraft:diamond_pickaxe":2,"minecraft:shield":3,"minecraft:stick":84,"minecraft:iron_ingot":115,"minecraft:iron_pickaxe":5,"minecraft:wooden_axe":4,"minecraft:iron_leggings":4,"minecraft:torch":48},"minecraft:custom":{"minecraft:mob_kills":136,"minecraft:interact_with_crafting_table":74,"minecraft:open_barrel":1,"minecraft:leave_game":4,"minecraft:time_since_death":14530,"minecraft:climb_one_cm":35691,"minecraft:sprint_one_cm":519788,"minecraft:walk_one_cm":590317,"minecraft:damage_blocked_by_shield":2010,"minecraft:drop":24,"minecraft:talked_to_villager":2,"minecraft:play_time":285312,"minecraft:sneak_time":34228,"minecraft:deaths":9,"minecraft:walk_under_water_one_cm":62514,"minecraft:jump":5718,"minecraft:walk_on_water_one_cm":54552,"minecraft:total_world_time":285312,"minecraft:interact_with_furnace":117,"minecraft:interact_with_cartography_table":2,"minecraft:sleep_in_bed":4,"minecraft:time_since_rest":14591,"minecraft:damage_taken":5531,"minecraft:damage_dealt":19880,"minecraft:swim_one_cm":203945,"minecraft:fly_one_cm":870095,"minecraft:open_chest":29,"minecraft:crouch_one_cm":81832,"minecraft:interact_with_smoker":4,"minecraft:fall_one_cm":163435},"minecraft:mined":{"minecraft:tuff":40,"minecraft:deepslate_diamond_ore":25,"minecraft:sculk_vein":57,"minecraft:jungle_leaves":5,"minecraft:obsidian":5,"minecraft:glow_lichen":1,"gravestone:gravestone":4,"minecraft:granite":30,"minecraft:dark_oak_fence":1,"minecraft:grass_block":14,"minecraft:jungle_log":8,"minecraft:cracked_polished_blackstone_bricks":1,"minecraft:polished_blackstone_bricks":43,"minecraft:sculk_catalyst":6,"minecraft:furnace":19,"minecraft:iron_ore":134,"minecraft:cobbled_deepslate":13,"minecraft:fire":6,"wizards_reborn:deepslate_arcanum_ore":5,"minecraft:andesite":22,"minecraft:deepslate_lapis_ore":12,"minecraft:sculk_shrieker":1,"minecraft:cave_vines":2,"minecraft:deepslate_iron_ore":70,"minecraft:vine":2,"minecraft:bamboo":1,"minecraft:stone":448,"minecraft:white_wool":3,"minecraft:deepslate_redstone_ore":4,"minecraft:red_bed":5,"minecraft:blackstone":10,"minecraft:basalt":14,"minecraft:clay":5,"minecraft:crafting_table":29,"minecraft:torch":7,"wizards_reborn:arcanum_ore":1,"minecraft:melon":20,"minecraft:sculk_sensor":13,"minecraft:cobblestone":14,"minecraft:lapis_ore":2,"minecraft:deepslate_gold_ore":38,"minecraft:oak_planks":40,"minecraft:sculk":683,"minecraft:diorite":21,"minecraft:wall_torch":5,"minecraft:birch_leaves":4,"minecraft:grass":192,"minecraft:oak_log":47,"minecraft:coal_ore":155,"minecraft:cocoa":1,"minecraft:gravel":10,"minecraft:dirt":35,"minecraft:gold_ore":4,"minecraft:oak_leaves":44,"minecraft:deepslate":370,"minecraft:fern":45},"minecraft:killed_by":{"cave_dweller:cave_dweller":2},"minecraft:picked_up":{"minecraft:cocoa_beans":3,"minecraft:crafting_table":29,"minecraft:chicken":18,"minecraft:clay_ball":20,"minecraft:shield":1,"minecraft:iron_axe":1,"minecraft:red_bed":5,"minecraft:string":7,"minecraft:blackstone":6,"minecraft:cobbled_deepslate":333,"minecraft:beef":18,"minecraft:iron_pickaxe":1,"minecraft:melon_slice":87,"minecraft:furnace":19,"minecraft:egg":3,"wizards_reborn:arcanum":6,"minecraft:stick":1,"minecraft:raw_iron":289,"minecraft:torch":19,"minecraft:polished_blackstone_bricks":43,"minecraft:porkchop":45,"minecraft:diorite":21,"minecraft:redstone":16,"minecraft:rotten_flesh":22,"minecraft:arrow":13,"minecraft:obsidian":5,"minecraft:glow_berries":1,"minecraft:mutton":5,"minecraft:white_wool":7,"minecraft:cobblestone":455,"minecraft:feather":13,"minecraft:basalt":14,"minecraft:andesite":21,"minecraft:salmon":3,"minecraft:jungle_log":8,"minecraft:leather":9,"minecraft:flint":1,"minecraft:tuff":40,"minecraft:oak_log":45,"minecraft:gunpowder":5,"minecraft:lapis_lazuli":70,"minecraft:dirt":84,"minecraft:bone":19,"minecraft:apple":1,"minecraft:bow":1,"minecraft:wheat_seeds":31,"minecraft:raw_gold":40,"minecraft:iron_ingot":6,"minecraft:bamboo":11,"travelersbackpack:gold":2,"minecraft:oak_planks":40,"minecraft:cooked_porkchop":1,"minecraft:gravel":7,"minecraft:diamond":25,"minecraft:stone_axe":1,"wizards_reborn:arcanum_dust":1,"minecraft:cracked_polished_blackstone_bricks":1,"minecraft:granite":29,"minecraft:oak_sapling":4,"minecraft:coal":691},"minecraft:dropped":{"minecraft:feather":1,"wizards_reborn:arcanum_dust":1,"minecraft:stick":4,"minecraft:dirt":6,"minecraft:diorite":7,"minecraft:torch":5,"gravestone:obituary":3,"minecraft:iron_axe":1,"minecraft:iron_pickaxe":1,"minecraft:string":5,"minecraft:stone_axe":1,"minecraft:tuff":37,"minecraft:rotten_flesh":1,"minecraft:clay_ball":20,"minecraft:shield":1,"minecraft:wooden_pickaxe":1},"minecraft:broken":{"minecraft:stone_pickaxe":2,"minecraft:stone_axe":1,"minecraft:iron_pickaxe":3,"minecraft:iron_hoe":3},"minecraft:used":{"minecraft:flint_and_steel":1,"minecraft:stone_shovel":10,"minecraft:shield":71,"minecraft:cooked_salmon":3,"minecraft:cooked_chicken":11,"minecraft:torch":29,"minecraft:dirt":36,"minecraft:jungle_planks":4,"minecraft:tuff":3,"minecraft:granite":20,"minecraft:obsidian":5,"minecraft:iron_hoe":750,"minecraft:wooden_axe":70,"minecraft:lava_bucket":9,"minecraft:iron_axe":201,"travelersbackpack:gold":2,"minecraft:jungle_log":1,"minecraft:basalt":13,"minecraft:furnace":19,"minecraft:cooked_beef":3,"minecraft:cobbled_deepslate":239,"minecraft:cooked_mutton":5,"minecraft:water_bucket":1,"minecraft:diorite":10,"minecraft:stone_pickaxe":412,"minecraft:oak_planks":53,"minecraft:wooden_pickaxe":37,"minecraft:white_wool":6,"anthropology_items__structures:hunters_machete":65,"minecraft:crafting_table":29,"minecraft:red_bed":4,"minecraft:diamond_pickaxe":124,"minecraft:apple":1,"minecraft:bread":8,"minecraft:melon_slice":52,"minecraft:iron_pickaxe":975,"minecraft:gravel":4,"minecraft:stone_axe":119,"minecraft:cobblestone":242,"minecraft:cooked_porkchop":12,"minecraft:jungle_door":1,"minecraft:andesite":16,"minecraft:bucket":11}},"DataVersion":3465}