{"stats":{"minecraft:dropped":{"minecraft:raw_copper":11,"minecraft:rotten_flesh":3,"minecraft:birch_sapling":1,"minecraft:book":1,"wizards_reborn:arcanum":2,"minecraft:diorite":1,"minecraft:wooden_pickaxe":1,"minecraft:stone_pickaxe":1,"minecraft:iron_pickaxe":1,"minecraft:ghast_tear":2,"minecraft:egg":10},"minecraft:custom":{"minecraft:interact_with_furnace":48,"minecraft:mob_kills":54,"minecraft:interact_with_crafting_table":26,"minecraft:open_barrel":5,"minecraft:interact_with_campfire":6,"minecraft:leave_game":1,"minecraft:time_since_death":49994,"minecraft:sleep_in_bed":1,"minecraft:climb_one_cm":1564,"minecraft:time_since_rest":32852,"minecraft:sprint_one_cm":212891,"minecraft:damage_taken":1287,"minecraft:walk_one_cm":274084,"minecraft:damage_blocked_by_shield":1820,"minecraft:drop":13,"minecraft:damage_dealt":8136,"minecraft:swim_one_cm":28016,"minecraft:fly_one_cm":211873,"minecraft:open_chest":9,"minecraft:crouch_one_cm":14756,"minecraft:play_time":102393,"minecraft:deaths":1,"minecraft:sneak_time":6332,"minecraft:walk_under_water_one_cm":5551,"minecraft:jump":1558,"minecraft:walk_on_water_one_cm":23057,"minecraft:interact_with_smoker":3,"minecraft:total_world_time":102393,"minecraft:fall_one_cm":37152},"minecraft:used":{"minecraft:cooked_mutton":4,"minecraft:diorite":3,"minecraft:birch_planks":4,"minecraft:stone_pickaxe":63,"minecraft:cooked_salmon":2,"minecraft:shield":46,"minecraft:wooden_pickaxe":5,"minecraft:cooked_chicken":6,"minecraft:rotten_flesh":5,"minecraft:glow_berries":2,"anthropology_items__structures:hunters_machete":92,"minecraft:spyglass":1,"minecraft:crafting_table":9,"minecraft:wooden_axe":35,"minecraft:diamond_pickaxe":113,"minecraft:iron_axe":83,"minecraft:iron_pickaxe":455,"minecraft:stone_axe":3,"minecraft:bow":3,"minecraft:cobblestone":124,"minecraft:furnace":9,"minecraft:andesite":3,"minecraft:birch_log":2,"minecraft:cooked_beef":5,"minecraft:cobbled_deepslate":54},"minecraft:picked_up":{"minecraft:birch_log":17,"minecraft:iron_chestplate":1,"minecraft:crafting_table":9,"minecraft:feather":8,"minecraft:chicken":6,"minecraft:clay_ball":76,"minecraft:salmon":2,"minecraft:andesite":6,"minecraft:leather":16,"minecraft:wooden_pickaxe":2,"minecraft:birch_planks":8,"minecraft:string":3,"minecraft:raw_copper":11,"minecraft:shield":1,"minecraft:gunpowder":8,"minecraft:amethyst_block":10,"minecraft:dirt":4,"minecraft:lapis_lazuli":211,"minecraft:iron_axe":1,"minecraft:cooked_salmon":2,"minecraft:cooked_mutton":4,"minecraft:iron_leggings":1,"minecraft:bone":9,"minecraft:cobbled_deepslate":156,"minecraft:raw_gold":51,"minecraft:stone_pickaxe":1,"minecraft:beef":50,"minecraft:iron_ingot":6,"minecraft:calcite":8,"minecraft:iron_pickaxe":2,"minecraft:birch_sapling":2,"minecraft:egg":10,"minecraft:iron_boots":1,"minecraft:furnace":10,"wizards_reborn:arcanum":2,"minecraft:ghast_tear":3,"minecraft:stick":12,"minecraft:raw_iron":296,"minecraft:smooth_basalt":2,"minecraft:diorite":7,"minecraft:lily_of_the_valley":1,"minecraft:redstone":109,"minecraft:arrow":4,"minecraft:rotten_flesh":9,"minecraft:diamond":5,"minecraft:iron_helmet":1,"minecraft:emerald":3,"minecraft:mutton":4,"minecraft:glow_berries":1,"minecraft:coal":282,"minecraft:white_wool":3,"minecraft:cobblestone":178,"minecraft:diamond_pickaxe":1},"minecraft:killed_by":{"minecraft:zoglin":1},"minecraft:killed":{"minecraft:witch":1,"minecraft:zombie_villager":1,"minecraft:salmon":2,"minecraft:spider":2,"minecraft:zoglin":4,"minecraft:creeper":3,"minecraft:skeleton":9,"minecraft:sheep":3,"minecraft:zombie":9,"minecraft:chicken":6,"minecraft:wither_skeleton":1,"minecraft:cow":13},"minecraft:crafted":{"minecraft:cooked_beef":17,"minecraft:crafting_table":1,"minecraft:wooden_pickaxe":1,"minecraft:iron_helmet":1,"minecraft:cooked_chicken":6,"minecraft:furnace":2,"minecraft:birch_planks":56,"minecraft:stone_axe":1,"minecraft:air":0,"minecraft:iron_boots":1,"minecraft:iron_chestplate":1,"minecraft:diamond_pickaxe":1,"minecraft:shield":1,"minecraft:iron_axe":1,"minecraft:stick":14,"minecraft:iron_ingot":41,"minecraft:iron_pickaxe":2,"minecraft:stone_pickaxe":1,"minecraft:wooden_axe":1,"minecraft:gold_ingot":8,"minecraft:iron_leggings":1,"minecraft:torch":36},"minecraft:mined":{"minecraft:deepslate_redstone_ore":13,"minecraft:tuff":5,"minecraft:deepslate_diamond_ore":5,"minecraft:lily_of_the_valley":1,"minecraft:crafting_table":9,"minecraft:clay":12,"minecraft:emerald_ore":3,"minecraft:grass_block":3,"minecraft:calcite":5,"minecraft:copper_ore":3,"minecraft:cobblestone":25,"minecraft:deepslate_gold_ore":30,"minecraft:diorite":5,"minecraft:amethyst_block":5,"minecraft:birch_planks":4,"minecraft:furnace":9,"minecraft:birch_log":17,"minecraft:iron_ore":80,"wizards_reborn:deepslate_arcanum_ore":2,"minecraft:andesite":4,"minecraft:birch_leaves":15,"minecraft:deepslate_lapis_ore":21,"minecraft:grass":1,"minecraft:coal_ore":85,"minecraft:vine":3,"minecraft:deepslate_iron_ore":47,"minecraft:gravel":2,"minecraft:dirt":2,"minecraft:cobweb":1,"minecraft:smooth_basalt":2,"minecraft:stone":116,"minecraft:gold_ore":1,"minecraft:deepslate":167,"wizards_reborn:mor":1},"minecraft:broken":{"minecraft:iron_pickaxe":1,"minecraft:wooden_axe":1}},"DataVersion":3465}