{"stats":{"minecraft:dropped":{"minecraft:feather":1,"wizards_reborn:arcanum_dust":1,"minecraft:stick":2,"minecraft:dirt":6,"minecraft:diorite":7,"gravestone:obituary":1,"minecraft:string":5,"minecraft:stone_axe":1,"minecraft:tuff":37,"minecraft:rotten_flesh":1,"minecraft:clay_ball":4,"minecraft:shield":1,"minecraft:wooden_pickaxe":1},"minecraft:killed":{"minecraft:cave_spider":2,"minecraft:spider":6,"minecraft:skeleton":20,"minecraft:chicken":14,"minecraft:drowned":1,"minecraft:magma_cube":1,"minecraft:pig":5,"minecraft:zombie_villager":1,"minecraft:creeper":3,"minecraft:sheep":1,"minecraft:zombie":17,"minecraft:ghast":1,"minecraft:wither_skeleton":1,"minecraft:cow":11},"minecraft:custom":{"minecraft:mob_kills":85,"minecraft:interact_with_crafting_table":64,"minecraft:open_barrel":1,"minecraft:leave_game":3,"minecraft:time_since_death":15596,"minecraft:climb_one_cm":25754,"minecraft:sprint_one_cm":437770,"minecraft:walk_one_cm":444675,"minecraft:damage_blocked_by_shield":1340,"minecraft:drop":13,"minecraft:play_time":221914,"minecraft:deaths":8,"minecraft:sneak_time":22209,"minecraft:walk_under_water_one_cm":46459,"minecraft:jump":4539,"minecraft:walk_on_water_one_cm":41963,"minecraft:total_world_time":221914,"minecraft:interact_with_furnace":100,"minecraft:sleep_in_bed":4,"minecraft:time_since_rest":15621,"minecraft:damage_taken":4615,"minecraft:damage_dealt":12474,"minecraft:swim_one_cm":163133,"minecraft:fly_one_cm":723287,"minecraft:open_chest":20,"minecraft:crouch_one_cm":48323,"minecraft:fall_one_cm":134677},"minecraft:mined":{"minecraft:tuff":38,"minecraft:deepslate_diamond_ore":20,"minecraft:sculk_vein":2,"minecraft:jungle_leaves":4,"minecraft:dark_oak_fence":1,"minecraft:obsidian":5,"minecraft:glow_lichen":1,"gravestone:gravestone":4,"minecraft:granite":17,"minecraft:grass_block":11,"minecraft:jungle_log":6,"minecraft:cracked_polished_blackstone_bricks":1,"minecraft:polished_blackstone_bricks":43,"minecraft:furnace":15,"minecraft:iron_ore":111,"minecraft:cobbled_deepslate":13,"minecraft:fire":6,"wizards_reborn:deepslate_arcanum_ore":5,"minecraft:andesite":5,"minecraft:deepslate_lapis_ore":10,"minecraft:cave_vines":2,"minecraft:deepslate_iron_ore":68,"minecraft:vine":2,"minecraft:bamboo":1,"minecraft:stone":373,"minecraft:deepslate_redstone_ore":4,"minecraft:red_bed":5,"minecraft:blackstone":10,"minecraft:basalt":14,"minecraft:clay":1,"minecraft:crafting_table":23,"minecraft:torch":4,"wizards_reborn:arcanum_ore":1,"minecraft:melon":13,"minecraft:cobblestone":14,"minecraft:lapis_ore":2,"minecraft:deepslate_gold_ore":31,"minecraft:oak_planks":40,"minecraft:diorite":21,"minecraft:wall_torch":2,"minecraft:birch_leaves":4,"minecraft:grass":14,"minecraft:oak_log":39,"minecraft:coal_ore":122,"minecraft:gravel":10,"minecraft:dirt":30,"minecraft:gold_ore":4,"minecraft:oak_leaves":37,"minecraft:deepslate":318,"minecraft:fern":2},"minecraft:killed_by":{"cave_dweller:cave_dweller":1},"minecraft:used":{"minecraft:flint_and_steel":1,"minecraft:stone_shovel":10,"minecraft:shield":43,"minecraft:cooked_chicken":11,"minecraft:torch":19,"minecraft:dirt":18,"minecraft:jungle_planks":4,"minecraft:granite":16,"minecraft:obsidian":5,"minecraft:wooden_axe":47,"minecraft:lava_bucket":9,"travelersbackpack:gold":2,"minecraft:iron_axe":130,"minecraft:basalt":13,"minecraft:furnace":15,"minecraft:cooked_beef":3,"minecraft:cobbled_deepslate":191,"minecraft:water_bucket":1,"minecraft:diorite":10,"minecraft:stone_pickaxe":385,"minecraft:oak_planks":52,"minecraft:wooden_pickaxe":31,"anthropology_items__structures:hunters_machete":65,"minecraft:crafting_table":23,"minecraft:red_bed":4,"minecraft:diamond_pickaxe":83,"minecraft:apple":1,"minecraft:melon_slice":36,"minecraft:bread":8,"minecraft:iron_pickaxe":801,"minecraft:gravel":3,"minecraft:stone_axe":85,"minecraft:cobblestone":198,"minecraft:cooked_porkchop":12,"minecraft:jungle_door":1,"minecraft:bucket":11},"minecraft:crafted":{"minecraft:oak_planks":156,"minecraft:stone_shovel":1,"minecraft:cooked_chicken":14,"minecraft:furnace":3,"minecraft:flint_and_steel":1,"minecraft:diamond_helmet":1,"minecraft:iron_boots":3,"minecraft:iron_axe":3,"minecraft:stone_pickaxe":4,"minecraft:diamond_boots":1,"minecraft:cooked_beef":3,"minecraft:cooked_porkchop":12,"minecraft:crafting_table":5,"minecraft:wooden_pickaxe":4,"minecraft:iron_helmet":2,"minecraft:bucket":1,"minecraft:stone_axe":3,"minecraft:air":0,"minecraft:jungle_planks":24,"minecraft:jungle_door":3,"minecraft:iron_chestplate":2,"minecraft:diamond_pickaxe":2,"minecraft:shield":3,"minecraft:stick":64,"minecraft:iron_ingot":109,"minecraft:iron_pickaxe":5,"minecraft:wooden_axe":3,"minecraft:iron_leggings":4,"minecraft:torch":32},"minecraft:picked_up":{"minecraft:crafting_table":23,"minecraft:chicken":14,"minecraft:clay_ball":4,"minecraft:shield":1,"minecraft:red_bed":5,"minecraft:string":5,"minecraft:blackstone":6,"minecraft:cobbled_deepslate":282,"minecraft:beef":12,"minecraft:melon_slice":54,"minecraft:egg":3,"minecraft:furnace":15,"minecraft:stick":1,"wizards_reborn:arcanum":6,"minecraft:raw_iron":264,"minecraft:torch":7,"minecraft:polished_blackstone_bricks":43,"minecraft:porkchop":19,"minecraft:diorite":21,"minecraft:redstone":16,"minecraft:rotten_flesh":9,"minecraft:arrow":11,"minecraft:glow_berries":1,"minecraft:obsidian":5,"minecraft:white_wool":1,"minecraft:cobblestone":380,"minecraft:feather":6,"minecraft:basalt":14,"minecraft:jungle_log":6,"minecraft:andesite":5,"minecraft:leather":9,"minecraft:flint":1,"minecraft:tuff":38,"minecraft:oak_log":39,"minecraft:gunpowder":5,"minecraft:lapis_lazuli":70,"minecraft:dirt":39,"minecraft:bone":14,"minecraft:apple":1,"minecraft:bow":1,"minecraft:wheat_seeds":2,"minecraft:raw_gold":34,"minecraft:iron_ingot":3,"minecraft:bamboo":11,"travelersbackpack:gold":2,"minecraft:oak_planks":40,"minecraft:gravel":7,"minecraft:diamond":20,"minecraft:stone_axe":1,"wizards_reborn:arcanum_dust":1,"minecraft:cracked_polished_blackstone_bricks":1,"minecraft:granite":16,"minecraft:oak_sapling":1,"minecraft:coal":620},"minecraft:broken":{"minecraft:stone_pickaxe":2,"minecraft:stone_axe":1,"minecraft:iron_pickaxe":2}},"DataVersion":3465}