{"stats":{"minecraft:used":{"minecraft:flint_and_steel":1,"minecraft:stone_shovel":42,"minecraft:shield":142,"minecraft:cooked_salmon":3,"minecraft:iron_sword":4,"minecraft:cooked_chicken":20,"minecraft:torch":80,"minecraft:dirt":37,"minecraft:jungle_planks":4,"minecraft:tuff":3,"minecraft:granite":20,"minecraft:obsidian":5,"minecraft:glass":2,"minecraft:wooden_axe":70,"minecraft:iron_hoe":750,"minecraft:lava_bucket":9,"minecraft:iron_axe":266,"travelersbackpack:gold":2,"minecraft:jungle_log":1,"minecraft:smooth_basalt":8,"minecraft:basalt":13,"minecraft:golden_carrot":8,"minecraft:furnace":28,"minecraft:cooked_beef":4,"minecraft:cobbled_deepslate":309,"minecraft:beetroot_soup":1,"minecraft:cooked_mutton":14,"minecraft:water_bucket":6,"minecraft:diorite":10,"minecraft:stone_pickaxe":516,"minecraft:oak_planks":68,"minecraft:wooden_pickaxe":61,"minecraft:white_wool":6,"anthropology_items__structures:hunters_machete":191,"minecraft:crafting_table":38,"minecraft:red_bed":4,"minecraft:white_bed":2,"minecraft:cake":1,"minecraft:flower_pot":1,"minecraft:diamond_pickaxe":124,"minecraft:apple":1,"minecraft:string":2,"minecraft:melon_slice":69,"minecraft:bread":14,"minecraft:iron_pickaxe":2626,"minecraft:gravel":5,"minecraft:stone_axe":206,"travelersbackpack:standard":9,"minecraft:cobblestone":381,"minecraft:dark_oak_fence":4,"minecraft:cooked_porkchop":15,"minecraft:jungle_door":1,"minecraft:andesite":18,"minecraft:bucket":21,"alexsmobs:animal_dictionary":1},"minecraft:picked_up":{"minecraft:cocoa_beans":3,"minecraft:crafting_table":36,"minecraft:flower_pot":1,"minecraft:chicken":28,"minecraft:clay_ball":20,"minecraft:gold_block":82,"minecraft:amethyst_block":6,"minecraft:shield":1,"minecraft:cornflower":2,"minecraft:string":13,"minecraft:red_bed":5,"minecraft:moss_carpet":1,"minecraft:raw_copper":7,"minecraft:iron_axe":1,"minecraft:white_carpet":1,"minecraft:blackstone":6,"minecraft:gold_nugget":6,"minecraft:cobbled_deepslate":545,"minecraft:beef":41,"minecraft:redstone_torch":2,"minecraft:calcite":9,"minecraft:iron_pickaxe":1,"minecraft:melon_slice":87,"minecraft:sugar_cane":4,"minecraft:furnace":26,"minecraft:egg":4,"minecraft:stick":1,"minecraft:raw_iron":401,"wizards_reborn:arcanum":6,"minecraft:torch":27,"minecraft:porkchop":48,"minecraft:polished_blackstone_bricks":52,"minecraft:diorite":57,"minecraft:redstone":109,"minecraft:tnt":548,"minecraft:arrow":28,"minecraft:rotten_flesh":39,"minecraft:red_tulip":1,"minecraft:glow_berries":1,"minecraft:obsidian":5,"minecraft:mutton":14,"minecraft:white_wool":13,"minecraft:cobblestone":939,"minecraft:cooked_beef":1,"minecraft:feather":22,"minecraft:basalt":14,"minecraft:lilac":2,"minecraft:repeater":1,"minecraft:andesite":48,"minecraft:salmon":3,"minecraft:jungle_log":8,"minecraft:leather":21,"minecraft:flint":1,"minecraft:tuff":63,"minecraft:oak_log":66,"anthropology_items__structures:limestone":1,"minecraft:gunpowder":6,"minecraft:lapis_lazuli":157,"minecraft:dirt":122,"minecraft:cooked_mutton":1,"minecraft:red_carpet":1,"minecraft:bone":38,"minecraft:apple":1,"minecraft:bow":1,"minecraft:wheat_seeds":32,"minecraft:raw_gold":50,"minecraft:iron_ingot":7,"minecraft:bamboo":11,"travelersbackpack:gold":2,"minecraft:oak_planks":52,"minecraft:smooth_basalt":8,"minecraft:emerald_block":12,"minecraft:cooked_porkchop":1,"minecraft:amethyst_shard":4,"minecraft:gravel":10,"minecraft:sand":21,"minecraft:ink_sac":3,"minecraft:white_bed":1,"minecraft:diamond":36,"minecraft:stone_axe":1,"wizards_reborn:arcanum_dust":1,"minecraft:cracked_polished_blackstone_bricks":1,"minecraft:granite":54,"minecraft:gray_wool":1,"minecraft:bread":1,"minecraft:oak_sapling":5,"minecraft:dark_oak_wood":1,"minecraft:dark_oak_fence":5,"minecraft:coal":811},"minecraft:killed_by":{"cave_dweller:cave_dweller":2},"minecraft:broken":{"minecraft:stone_pickaxe":3,"minecraft:stone_axe":2,"minecraft:iron_pickaxe":6,"minecraft:iron_hoe":3},"minecraft:killed":{"minecraft:cave_spider":2,"minecraft:spider":10,"minecraft:skeleton":45,"minecraft:chicken":26,"minecraft:silverfish":4,"minecraft:drowned":1,"minecraft:magma_cube":1,"minecraft:pig":14,"minecraft:zombie_villager":1,"minecraft:salmon":6,"minecraft:bat":1,"minecraft:creeper":4,"minecraft:squid":2,"minecraft:sheep":10,"minecraft:zombie":63,"minecraft:ghast":1,"minecraft:wither_skeleton":1,"minecraft:cow":23},"minecraft:mined":{"anthropology_items__structures:limestone":1,"minecraft:tuff":63,"minecraft:red_carpet":1,"minecraft:white_bed":1,"minecraft:deepslate_diamond_ore":36,"minecraft:sculk_vein":57,"minecraft:jungle_leaves":5,"minecraft:glow_lichen":1,"minecraft:obsidian":5,"minecraft:dark_oak_fence":6,"minecraft:granite":55,"gravestone:gravestone":5,"minecraft:chiseled_polished_blackstone":5,"minecraft:grass_block":30,"minecraft:jungle_log":8,"minecraft:cracked_polished_blackstone_bricks":2,"minecraft:redstone_wire":9,"minecraft:polished_blackstone_bricks":48,"minecraft:redstone_ore":4,"minecraft:sculk_catalyst":6,"minecraft:furnace":27,"minecraft:iron_ore":192,"minecraft:fire":6,"wizards_reborn:deepslate_arcanum_ore":5,"minecraft:cobbled_deepslate":13,"minecraft:andesite":45,"minecraft:deepslate_lapis_ore":14,"minecraft:gold_block":82,"minecraft:sculk_shrieker":1,"minecraft:vine":3,"minecraft:cave_vines":2,"minecraft:deepslate_iron_ore":100,"minecraft:iron_bars":1,"minecraft:bamboo":1,"minecraft:stone":920,"minecraft:white_wool":3,"minecraft:tripwire":2,"minecraft:deepslate_redstone_ore":21,"minecraft:red_bed":5,"minecraft:blackstone":10,"minecraft:amethyst_cluster":1,"minecraft:basalt":14,"minecraft:clay":5,"minecraft:cornflower":2,"minecraft:crafting_table":37,"minecraft:torch":8,"wizards_reborn:arcanum_ore":1,"minecraft:dark_oak_wood":1,"minecraft:calcite":9,"minecraft:melon":20,"minecraft:sculk_sensor":13,"minecraft:copper_ore":2,"minecraft:tall_grass":2,"minecraft:glass":2,"minecraft:cobblestone":37,"minecraft:deepslate_gold_ore":43,"minecraft:lapis_ore":14,"minecraft:oak_planks":43,"minecraft:sugar_cane":3,"minecraft:sculk":683,"minecraft:diorite":57,"minecraft:amethyst_block":6,"minecraft:wall_torch":11,"minecraft:repeater":1,"minecraft:redstone_torch":1,"minecraft:lilac":2,"minecraft:white_carpet":1,"minecraft:birch_leaves":5,"minecraft:tnt":591,"minecraft:grass":202,"minecraft:oak_log":68,"minecraft:coal_ore":196,"minecraft:cocoa":1,"minecraft:gravel":12,"minecraft:dirt":57,"minecraft:sand":21,"minecraft:smooth_basalt":8,"minecraft:potted_red_tulip":1,"minecraft:gold_ore":9,"minecraft:deepslate":584,"minecraft:emerald_block":12,"minecraft:oak_leaves":49,"minecraft:fern":45,"minecraft:infested_stone":3},"minecraft:custom":{"minecraft:mob_kills":218,"minecraft:interact_with_crafting_table":144,"minecraft:open_barrel":6,"minecraft:eat_cake_slice":7,"minecraft:leave_game":6,"minecraft:time_since_death":27672,"minecraft:climb_one_cm":79049,"minecraft:sprint_one_cm":838972,"minecraft:walk_one_cm":1004687,"minecraft:damage_blocked_by_shield":4420,"minecraft:drop":39,"minecraft:talked_to_villager":3,"minecraft:play_time":455091,"minecraft:sneak_time":41061,"minecraft:deaths":11,"minecraft:walk_under_water_one_cm":106804,"minecraft:jump":9266,"minecraft:walk_on_water_one_cm":80728,"minecraft:total_world_time":455091,"minecraft:interact_with_furnace":200,"minecraft:interact_with_cartography_table":2,"minecraft:pot_flower":1,"minecraft:sleep_in_bed":8,"minecraft:time_since_rest":27701,"minecraft:damage_taken":8125,"minecraft:damage_dealt":31211,"minecraft:swim_one_cm":337834,"minecraft:fly_one_cm":1483055,"minecraft:open_chest":102,"minecraft:crouch_one_cm":97096,"minecraft:fall_one_cm":270828,"minecraft:interact_with_smoker":31,"minecraft:inspect_dispenser":1},"minecraft:dropped":{"minecraft:wheat_seeds":5,"minecraft:feather":1,"minecraft:cobblestone":2,"minecraft:granite":8,"wizards_reborn:arcanum_dust":1,"minecraft:stick":4,"minecraft:dirt":29,"minecraft:diorite":7,"minecraft:torch":5,"minecraft:repeater":1,"gravestone:obituary":4,"minecraft:iron_axe":1,"minecraft:polished_blackstone_bricks":4,"minecraft:iron_pickaxe":1,"minecraft:string":5,"minecraft:stone_axe":1,"minecraft:cocoa_beans":3,"minecraft:tuff":37,"minecraft:rotten_flesh":7,"minecraft:clay_ball":20,"minecraft:oak_planks":9,"minecraft:cooked_mutton":1,"minecraft:shield":1,"minecraft:andesite":1,"minecraft:oak_sapling":4,"minecraft:bow":1,"minecraft:wooden_pickaxe":2},"minecraft:crafted":{"minecraft:golden_carrot":35,"minecraft:magenta_wool":2,"minecraft:oak_planks":264,"minecraft:stone_shovel":2,"minecraft:cooked_chicken":28,"minecraft:furnace":6,"minecraft:cooked_mutton":14,"minecraft:flint_and_steel":1,"minecraft:glass":16,"minecraft:diamond_helmet":1,"minecraft:iron_boots":4,"minecraft:iron_axe":4,"minecraft:iron_hoe":3,"minecraft:stone_pickaxe":5,"minecraft:chest":1,"minecraft:diamond_boots":1,"minecraft:magenta_dye":4,"minecraft:cooked_beef":26,"minecraft:emerald":108,"minecraft:cooked_porkchop":16,"minecraft:crafting_table":8,"travelersbackpack:backpack_tank":2,"minecraft:iron_helmet":3,"minecraft:wooden_pickaxe":5,"travelersbackpack:standard":1,"minecraft:iron_sword":1,"minecraft:cooked_salmon":3,"minecraft:bucket":5,"travelersbackpack:blue_sleeping_bag":1,"minecraft:stone_axe":4,"minecraft:air":0,"minecraft:jungle_planks":28,"minecraft:blue_dye":2,"minecraft:jungle_door":3,"minecraft:iron_chestplate":4,"minecraft:diamond_pickaxe":3,"minecraft:gold_nugget":282,"minecraft:shield":4,"minecraft:stick":112,"minecraft:iron_ingot":178,"minecraft:iron_pickaxe":10,"minecraft:wooden_axe":4,"minecraft:blue_wool":2,"minecraft:iron_leggings":5,"minecraft:gold_ingot":35,"minecraft:white_bed":1,"minecraft:torch":72}},"DataVersion":3465}