{"stats":{"minecraft:crafted":{"minecraft:crafting_table":1,"minecraft:stick":4,"minecraft:wooden_pickaxe":1,"minecraft:wooden_axe":1,"minecraft:birch_planks":80,"minecraft:stone_axe":1},"minecraft:killed":{"minecraft:sheep":7,"minecraft:pig":1,"minecraft:spider":1},"minecraft:mined":{"minecraft:birch_log":20,"minecraft:birch_leaves":4,"minecraft:crafting_table":2,"minecraft:grass":2,"minecraft:dirt":1,"minecraft:mushroom_stem":2,"minecraft:red_mushroom_block":22,"minecraft:stone":3,"minecraft:white_wool":1,"minecraft:oak_leaves":5},"minecraft:used":{"minecraft:wooden_axe":28,"minecraft:wooden_pickaxe":3,"minecraft:stone_axe":27,"minecraft:white_wool":1,"minecraft:crafting_table":2,"minecraft:mushroom_stew":3},"minecraft:picked_up":{"minecraft:birch_log":20,"minecraft:stick":2,"minecraft:crafting_table":2,"minecraft:porkchop":1,"minecraft:mushroom_stew":11,"minecraft:string":1,"minecraft:dirt":1,"minecraft:gray_wool":1,"minecraft:oak_sapling":1,"minecraft:mutton":11,"minecraft:white_wool":7,"minecraft:cobblestone":3},"minecraft:custom":{"minecraft:time_since_rest":12767,"minecraft:sprint_one_cm":32652,"minecraft:walk_one_cm":25925,"minecraft:mob_kills":9,"minecraft:damage_dealt":820,"minecraft:interact_with_crafting_table":3,"minecraft:fly_one_cm":66856,"minecraft:crouch_one_cm":973,"minecraft:play_time":12767,"minecraft:sneak_time":639,"minecraft:jump":344,"minecraft:leave_game":1,"minecraft:time_since_death":12767,"minecraft:total_world_time":12767,"minecraft:fall_one_cm":9227}},"DataVersion":3465}