{"stats":{"minecraft:dropped":{"minecraft:birch_sapling":1,"minecraft:diorite":1,"minecraft:stone_pickaxe":1,"minecraft:iron_pickaxe":1,"minecraft:ghast_tear":2},"minecraft:custom":{"minecraft:interact_with_furnace":30,"minecraft:mob_kills":13,"minecraft:interact_with_crafting_table":21,"minecraft:leave_game":1,"minecraft:time_since_death":1994,"minecraft:climb_one_cm":209,"minecraft:time_since_rest":2023,"minecraft:sprint_one_cm":81248,"minecraft:damage_taken":574,"minecraft:walk_one_cm":155150,"minecraft:damage_blocked_by_shield":80,"minecraft:drop":6,"minecraft:damage_dealt":2851,"minecraft:swim_one_cm":4696,"minecraft:fly_one_cm":67509,"minecraft:crouch_one_cm":10042,"minecraft:play_time":54393,"minecraft:deaths":1,"minecraft:sneak_time":4294,"minecraft:walk_under_water_one_cm":711,"minecraft:jump":724,"minecraft:walk_on_water_one_cm":6816,"minecraft:total_world_time":54393,"minecraft:fall_one_cm":12513},"minecraft:used":{"minecraft:birch_planks":4,"minecraft:stone_pickaxe":63,"minecraft:shield":2,"minecraft:wooden_pickaxe":3,"minecraft:cooked_chicken":2,"minecraft:rotten_flesh":4,"minecraft:glow_berries":2,"minecraft:crafting_table":7,"minecraft:wooden_axe":35,"minecraft:diamond_pickaxe":108,"minecraft:iron_axe":47,"minecraft:iron_pickaxe":187,"minecraft:stone_axe":3,"minecraft:cobblestone":47,"minecraft:furnace":4,"minecraft:birch_log":2,"minecraft:cooked_beef":1,"minecraft:cobbled_deepslate":54},"minecraft:picked_up":{"minecraft:birch_log":17,"minecraft:iron_chestplate":1,"minecraft:crafting_table":7,"minecraft:feather":4,"minecraft:chicken":2,"minecraft:clay_ball":56,"minecraft:andesite":6,"minecraft:leather":2,"minecraft:wooden_pickaxe":1,"minecraft:birch_planks":8,"minecraft:shield":1,"minecraft:gunpowder":8,"minecraft:amethyst_block":10,"minecraft:dirt":4,"minecraft:lapis_lazuli":172,"minecraft:iron_axe":1,"minecraft:iron_leggings":1,"minecraft:bone":2,"minecraft:cobbled_deepslate":55,"minecraft:raw_gold":22,"minecraft:stone_pickaxe":1,"minecraft:beef":1,"minecraft:iron_ingot":4,"minecraft:calcite":8,"minecraft:iron_pickaxe":2,"minecraft:birch_sapling":2,"minecraft:iron_boots":1,"minecraft:furnace":5,"minecraft:ghast_tear":3,"minecraft:stick":11,"minecraft:raw_iron":140,"minecraft:smooth_basalt":2,"minecraft:diorite":2,"minecraft:lily_of_the_valley":1,"minecraft:redstone":94,"minecraft:rotten_flesh":9,"minecraft:diamond":3,"minecraft:iron_helmet":1,"minecraft:glow_berries":1,"minecraft:coal":147,"minecraft:cobblestone":137,"minecraft:diamond_pickaxe":1},"minecraft:killed_by":{"minecraft:zoglin":1},"minecraft:killed":{"minecraft:zoglin":4,"minecraft:creeper":2,"minecraft:zombie":3,"minecraft:chicken":2,"minecraft:wither_skeleton":1,"minecraft:cow":1},"minecraft:crafted":{"minecraft:cooked_beef":1,"minecraft:crafting_table":1,"minecraft:wooden_pickaxe":1,"minecraft:iron_helmet":1,"minecraft:cooked_chicken":2,"minecraft:furnace":2,"minecraft:birch_planks":28,"minecraft:stone_axe":1,"minecraft:air":0,"minecraft:iron_boots":1,"minecraft:iron_chestplate":1,"minecraft:diamond_pickaxe":1,"minecraft:shield":1,"minecraft:iron_axe":1,"minecraft:stick":14,"minecraft:iron_ingot":31,"minecraft:iron_pickaxe":1,"minecraft:stone_pickaxe":1,"minecraft:wooden_axe":1,"minecraft:iron_leggings":1},"minecraft:mined":{"minecraft:deepslate_redstone_ore":10,"minecraft:deepslate_diamond_ore":3,"minecraft:lily_of_the_valley":1,"minecraft:crafting_table":7,"minecraft:clay":7,"minecraft:grass_block":2,"minecraft:calcite":5,"minecraft:cobblestone":17,"minecraft:deepslate_gold_ore":11,"minecraft:diorite":1,"minecraft:amethyst_block":5,"minecraft:birch_planks":4,"minecraft:furnace":4,"minecraft:birch_log":17,"minecraft:iron_ore":64,"minecraft:andesite":3,"minecraft:birch_leaves":15,"minecraft:deepslate_lapis_ore":13,"minecraft:coal_ore":57,"minecraft:deepslate_iron_ore":20,"minecraft:dirt":2,"minecraft:smooth_basalt":2,"minecraft:stone":86,"minecraft:deepslate":59},"minecraft:broken":{"minecraft:wooden_axe":1}},"DataVersion":3465}