{"stats":{"minecraft:killed":{"minecraft:cave_spider":2,"minecraft:spider":4,"minecraft:skeleton":14,"minecraft:chicken":11,"minecraft:drowned":1,"minecraft:magma_cube":1,"minecraft:pig":4,"minecraft:zombie_villager":1,"minecraft:creeper":3,"minecraft:sheep":1,"minecraft:zombie":14,"minecraft:ghast":1,"minecraft:wither_skeleton":1,"minecraft:cow":9},"minecraft:broken":{"minecraft:stone_pickaxe":2,"minecraft:stone_axe":1,"minecraft:iron_pickaxe":2},"minecraft:picked_up":{"minecraft:crafting_table":15,"minecraft:chicken":11,"minecraft:clay_ball":4,"minecraft:red_bed":4,"minecraft:string":5,"minecraft:blackstone":6,"minecraft:cobbled_deepslate":247,"minecraft:beef":9,"minecraft:melon_slice":38,"minecraft:egg":1,"minecraft:furnace":9,"wizards_reborn:arcanum":6,"minecraft:raw_iron":214,"minecraft:torch":7,"minecraft:porkchop":16,"minecraft:polished_blackstone_bricks":43,"minecraft:diorite":19,"minecraft:redstone":8,"minecraft:arrow":6,"minecraft:rotten_flesh":7,"minecraft:glow_berries":1,"minecraft:obsidian":5,"minecraft:white_wool":1,"minecraft:cobblestone":297,"minecraft:feather":3,"minecraft:basalt":14,"minecraft:andesite":1,"minecraft:leather":7,"minecraft:flint":1,"minecraft:tuff":37,"minecraft:oak_log":26,"minecraft:gunpowder":5,"minecraft:lapis_lazuli":70,"minecraft:dirt":14,"minecraft:bone":9,"minecraft:apple":1,"minecraft:raw_gold":27,"minecraft:iron_ingot":3,"travelersbackpack:gold":1,"minecraft:oak_planks":8,"minecraft:gravel":6,"minecraft:diamond":13,"minecraft:stone_axe":1,"wizards_reborn:arcanum_dust":1,"minecraft:cracked_polished_blackstone_bricks":1,"minecraft:granite":16,"minecraft:oak_sapling":1,"minecraft:coal":530},"minecraft:dropped":{"minecraft:feather":1,"wizards_reborn:arcanum_dust":1,"minecraft:stick":2,"minecraft:dirt":6,"minecraft:diorite":7,"gravestone:obituary":1,"minecraft:string":5,"minecraft:stone_axe":1,"minecraft:tuff":37,"minecraft:rotten_flesh":1,"minecraft:clay_ball":4},"minecraft:custom":{"minecraft:mob_kills":67,"minecraft:interact_with_crafting_table":42,"minecraft:open_barrel":1,"minecraft:leave_game":3,"minecraft:time_since_death":53,"minecraft:climb_one_cm":12034,"minecraft:sprint_one_cm":319347,"minecraft:walk_one_cm":337148,"minecraft:damage_blocked_by_shield":630,"minecraft:drop":11,"minecraft:sneak_time":16320,"minecraft:play_time":160730,"minecraft:deaths":3,"minecraft:walk_under_water_one_cm":29987,"minecraft:jump":3317,"minecraft:walk_on_water_one_cm":30475,"minecraft:total_world_time":160730,"minecraft:interact_with_furnace":70,"minecraft:sleep_in_bed":3,"minecraft:time_since_rest":103,"minecraft:damage_taken":2835,"minecraft:damage_dealt":9710,"minecraft:fly_one_cm":487406,"minecraft:swim_one_cm":77693,"minecraft:open_chest":18,"minecraft:crouch_one_cm":38462,"minecraft:fall_one_cm":87901},"minecraft:crafted":{"minecraft:oak_planks":104,"minecraft:stone_shovel":1,"minecraft:cooked_chicken":11,"minecraft:furnace":2,"minecraft:flint_and_steel":1,"minecraft:diamond_helmet":1,"minecraft:iron_boots":2,"minecraft:iron_axe":2,"minecraft:stone_pickaxe":3,"minecraft:diamond_boots":1,"minecraft:cooked_porkchop":9,"minecraft:crafting_table":2,"minecraft:wooden_pickaxe":2,"minecraft:iron_helmet":1,"minecraft:bucket":1,"minecraft:stone_axe":2,"minecraft:air":0,"minecraft:iron_chestplate":2,"minecraft:diamond_pickaxe":1,"minecraft:shield":2,"minecraft:stick":40,"minecraft:iron_ingot":73,"minecraft:iron_pickaxe":4,"minecraft:wooden_axe":2,"minecraft:iron_leggings":2,"minecraft:torch":16},"minecraft:mined":{"minecraft:tuff":37,"minecraft:deepslate_diamond_ore":13,"minecraft:sculk_vein":2,"minecraft:jungle_leaves":3,"minecraft:obsidian":5,"minecraft:granite":17,"minecraft:glow_lichen":1,"gravestone:gravestone":1,"minecraft:grass_block":10,"minecraft:cracked_polished_blackstone_bricks":1,"minecraft:polished_blackstone_bricks":43,"minecraft:furnace":9,"minecraft:fire":6,"minecraft:cobbled_deepslate":6,"minecraft:iron_ore":82,"wizards_reborn:deepslate_arcanum_ore":5,"minecraft:andesite":1,"minecraft:deepslate_lapis_ore":10,"minecraft:vine":2,"minecraft:cave_vines":2,"minecraft:deepslate_iron_ore":46,"minecraft:stone":297,"minecraft:deepslate_redstone_ore":2,"minecraft:red_bed":4,"minecraft:blackstone":10,"minecraft:basalt":14,"minecraft:crafting_table":15,"minecraft:clay":1,"minecraft:torch":4,"wizards_reborn:arcanum_ore":1,"minecraft:melon":9,"minecraft:cobblestone":11,"minecraft:lapis_ore":2,"minecraft:deepslate_gold_ore":24,"minecraft:oak_planks":8,"minecraft:diorite":19,"minecraft:wall_torch":2,"minecraft:birch_leaves":1,"minecraft:grass":8,"minecraft:coal_ore":98,"minecraft:oak_log":26,"minecraft:gravel":9,"minecraft:dirt":5,"minecraft:gold_ore":4,"minecraft:oak_leaves":26,"minecraft:deepslate":291,"minecraft:fern":1},"minecraft:used":{"minecraft:flint_and_steel":1,"minecraft:stone_shovel":10,"minecraft:shield":23,"minecraft:cooked_chicken":11,"minecraft:torch":16,"minecraft:dirt":8,"minecraft:granite":13,"minecraft:obsidian":5,"minecraft:wooden_axe":22,"minecraft:lava_bucket":9,"travelersbackpack:gold":2,"minecraft:iron_axe":80,"minecraft:basalt":13,"minecraft:furnace":9,"minecraft:cobbled_deepslate":161,"minecraft:water_bucket":1,"minecraft:diorite":10,"minecraft:stone_pickaxe":340,"minecraft:oak_planks":9,"minecraft:wooden_pickaxe":11,"anthropology_items__structures:hunters_machete":31,"minecraft:crafting_table":16,"minecraft:red_bed":3,"minecraft:diamond_pickaxe":82,"minecraft:apple":1,"minecraft:melon_slice":36,"minecraft:bread":8,"minecraft:iron_pickaxe":631,"minecraft:gravel":3,"minecraft:stone_axe":83,"minecraft:cobblestone":191,"minecraft:cooked_porkchop":9,"minecraft:bucket":11}},"DataVersion":3465}