{"stats":{"minecraft:dropped":{"minecraft:book":1,"wizards_reborn:arcanum":2,"minecraft:stick":6,"minecraft:diorite":3,"minecraft:iron_pickaxe":1,"minecraft:white_wool":3,"minecraft:gold_ingot":18,"minecraft:raw_copper":11,"minecraft:birch_sapling":1,"minecraft:raw_iron":5,"minecraft:rotten_flesh":3,"minecraft:stone_pickaxe":1,"minecraft:wooden_pickaxe":3,"minecraft:ghast_tear":2,"minecraft:egg":10},"minecraft:custom":{"minecraft:mob_kills":57,"minecraft:interact_with_crafting_table":33,"minecraft:open_barrel":5,"minecraft:interact_with_campfire":6,"minecraft:leave_game":1,"minecraft:time_since_death":73994,"minecraft:climb_one_cm":1564,"minecraft:sprint_one_cm":237221,"minecraft:walk_one_cm":314437,"minecraft:damage_blocked_by_shield":1820,"minecraft:drop":39,"minecraft:play_time":126393,"minecraft:deaths":1,"minecraft:sneak_time":8802,"minecraft:walk_under_water_one_cm":5592,"minecraft:jump":1928,"minecraft:walk_on_water_one_cm":27377,"minecraft:total_world_time":126393,"minecraft:interact_with_furnace":59,"minecraft:sleep_in_bed":2,"minecraft:time_since_rest":19524,"minecraft:damage_taken":1300,"minecraft:damage_dealt":8436,"minecraft:swim_one_cm":39651,"minecraft:fly_one_cm":267976,"minecraft:open_chest":16,"minecraft:crouch_one_cm":18099,"minecraft:interact_with_smoker":3,"minecraft:fall_one_cm":43782},"minecraft:used":{"minecraft:flint_and_steel":2,"minecraft:shield":46,"minecraft:rotten_flesh":5,"minecraft:cooked_salmon":2,"minecraft:cooked_chicken":6,"minecraft:spyglass":1,"minecraft:obsidian":9,"minecraft:wooden_axe":35,"minecraft:iron_axe":86,"minecraft:bow":3,"minecraft:furnace":12,"minecraft:cooked_beef":7,"minecraft:cobbled_deepslate":96,"minecraft:cooked_mutton":4,"minecraft:water_bucket":1,"minecraft:diorite":3,"minecraft:birch_planks":4,"minecraft:stone_pickaxe":63,"minecraft:wooden_pickaxe":7,"minecraft:glow_berries":2,"anthropology_items__structures:hunters_machete":98,"minecraft:crafting_table":12,"minecraft:white_bed":1,"minecraft:diamond_pickaxe":119,"minecraft:iron_pickaxe":590,"minecraft:gravel":13,"minecraft:stone_axe":3,"minecraft:potion":2,"minecraft:cobblestone":124,"minecraft:bucket":2,"minecraft:birch_log":2,"minecraft:andesite":3},"minecraft:picked_up":{"minecraft:crafting_table":11,"minecraft:iron_chestplate":1,"minecraft:chicken":6,"minecraft:clay_ball":76,"minecraft:wooden_pickaxe":4,"minecraft:potion":3,"minecraft:nether_brick":5,"minecraft:shield":1,"minecraft:amethyst_block":10,"minecraft:string":12,"minecraft:raw_copper":11,"minecraft:iron_axe":1,"minecraft:cooked_salmon":2,"minecraft:iron_leggings":1,"minecraft:cobbled_deepslate":259,"minecraft:beef":58,"minecraft:calcite":8,"minecraft:iron_pickaxe":2,"minecraft:birch_sapling":2,"minecraft:furnace":13,"minecraft:iron_boots":1,"minecraft:egg":10,"minecraft:polished_blackstone_brick_slab":2,"minecraft:raw_iron":357,"minecraft:stick":16,"wizards_reborn:arcanum":2,"minecraft:fire_charge":1,"minecraft:diorite":7,"minecraft:redstone":116,"minecraft:rotten_flesh":9,"minecraft:arrow":4,"minecraft:gold_ingot":3,"minecraft:obsidian":6,"minecraft:glow_berries":1,"minecraft:mutton":4,"minecraft:white_wool":6,"minecraft:cobblestone":178,"minecraft:birch_log":17,"minecraft:feather":8,"minecraft:andesite":6,"minecraft:salmon":2,"minecraft:leather":23,"minecraft:birch_planks":8,"minecraft:flint":1,"minecraft:gunpowder":8,"minecraft:lapis_lazuli":211,"minecraft:dirt":4,"minecraft:cooked_mutton":4,"minecraft:bone":9,"minecraft:raw_gold":63,"minecraft:iron_ingot":8,"minecraft:stone_pickaxe":1,"minecraft:ghast_tear":3,"minecraft:smooth_basalt":2,"minecraft:gravel":51,"minecraft:white_bed":1,"minecraft:lily_of_the_valley":1,"minecraft:crying_obsidian":1,"minecraft:diamond":5,"minecraft:iron_helmet":1,"minecraft:emerald":3,"minecraft:coal":297,"minecraft:diamond_pickaxe":1},"minecraft:killed_by":{"minecraft:zoglin":1},"minecraft:killed":{"minecraft:witch":1,"minecraft:spider":2,"minecraft:zoglin":4,"minecraft:skeleton":9,"minecraft:chicken":6,"minecraft:zombie_villager":1,"minecraft:salmon":2,"minecraft:creeper":3,"minecraft:sheep":3,"minecraft:zombie":9,"minecraft:wither_skeleton":1,"minecraft:cow":16},"minecraft:crafted":{"minecraft:cooked_chicken":6,"minecraft:furnace":2,"minecraft:flint_and_steel":1,"minecraft:iron_boots":1,"minecraft:iron_axe":1,"minecraft:stone_pickaxe":1,"minecraft:cooked_beef":17,"minecraft:crafting_table":1,"minecraft:wooden_pickaxe":1,"minecraft:iron_helmet":1,"minecraft:bucket":1,"minecraft:birch_planks":56,"minecraft:stone_axe":1,"minecraft:air":0,"minecraft:iron_chestplate":1,"minecraft:diamond_pickaxe":1,"minecraft:shield":1,"minecraft:stick":18,"minecraft:iron_ingot":52,"minecraft:iron_pickaxe":3,"minecraft:wooden_axe":1,"minecraft:iron_leggings":1,"minecraft:gold_ingot":19,"minecraft:white_bed":1,"minecraft:torch":36},"minecraft:mined":{"minecraft:tuff":26,"minecraft:white_bed":1,"minecraft:deepslate_diamond_ore":5,"minecraft:obsidian":5,"minecraft:grass_block":3,"minecraft:polished_blackstone_brick_slab":2,"minecraft:furnace":12,"minecraft:iron_ore":80,"minecraft:cobbled_deepslate":2,"wizards_reborn:deepslate_arcanum_ore":2,"minecraft:andesite":4,"minecraft:deepslate_lapis_ore":21,"minecraft:deepslate_iron_ore":47,"minecraft:vine":3,"minecraft:stone":116,"minecraft:deepslate_redstone_ore":15,"minecraft:lily_of_the_valley":1,"minecraft:clay":12,"minecraft:crafting_table":11,"minecraft:emerald_ore":3,"minecraft:calcite":5,"minecraft:cobblestone":25,"minecraft:copper_ore":3,"minecraft:deepslate_gold_ore":31,"minecraft:diorite":5,"minecraft:amethyst_block":5,"minecraft:birch_planks":4,"minecraft:nether_wart_block":2,"minecraft:birch_log":17,"minecraft:birch_leaves":15,"minecraft:grass":1,"minecraft:coal_ore":85,"minecraft:dirt":2,"minecraft:gravel":13,"minecraft:cobweb":1,"minecraft:smooth_basalt":2,"minecraft:netherrack":1,"minecraft:gold_ore":1,"minecraft:deepslate":268,"wizards_reborn:mor":1},"minecraft:broken":{"minecraft:iron_pickaxe":2,"minecraft:wooden_axe":1}},"DataVersion":3465}