{"stats":{"minecraft:killed":{"minecraft:cave_spider":2,"minecraft:spider":7,"minecraft:skeleton":30,"minecraft:chicken":17,"minecraft:drowned":1,"minecraft:magma_cube":1,"minecraft:pig":13,"minecraft:zombie_villager":1,"minecraft:salmon":6,"minecraft:creeper":3,"minecraft:sheep":4,"minecraft:zombie":42,"minecraft:ghast":1,"minecraft:wither_skeleton":1,"minecraft:cow":16},"minecraft:crafted":{"minecraft:oak_planks":244,"minecraft:stone_shovel":2,"minecraft:cooked_chicken":19,"minecraft:furnace":4,"minecraft:cooked_mutton":5,"minecraft:flint_and_steel":1,"minecraft:diamond_helmet":1,"minecraft:iron_boots":3,"minecraft:iron_axe":3,"minecraft:iron_hoe":3,"minecraft:stone_pickaxe":5,"minecraft:diamond_boots":1,"minecraft:cooked_beef":3,"minecraft:cooked_porkchop":13,"minecraft:crafting_table":6,"minecraft:wooden_pickaxe":5,"minecraft:iron_helmet":2,"minecraft:cooked_salmon":3,"minecraft:bucket":1,"minecraft:stone_axe":4,"minecraft:air":0,"minecraft:jungle_planks":28,"minecraft:jungle_door":3,"minecraft:iron_chestplate":3,"minecraft:diamond_pickaxe":2,"minecraft:shield":4,"minecraft:stick":88,"minecraft:iron_ingot":119,"minecraft:iron_pickaxe":6,"minecraft:wooden_axe":4,"minecraft:iron_leggings":4,"minecraft:torch":48},"minecraft:custom":{"minecraft:mob_kills":146,"minecraft:interact_with_crafting_table":79,"minecraft:open_barrel":6,"minecraft:eat_cake_slice":7,"minecraft:leave_game":4,"minecraft:time_since_death":50530,"minecraft:climb_one_cm":40862,"minecraft:sprint_one_cm":593560,"minecraft:walk_one_cm":724641,"minecraft:damage_blocked_by_shield":2455,"minecraft:drop":36,"minecraft:talked_to_villager":3,"minecraft:play_time":321312,"minecraft:sneak_time":36221,"minecraft:deaths":9,"minecraft:walk_under_water_one_cm":69043,"minecraft:jump":6622,"minecraft:walk_on_water_one_cm":59454,"minecraft:total_world_time":321312,"minecraft:interact_with_furnace":130,"minecraft:interact_with_cartography_table":2,"minecraft:sleep_in_bed":5,"minecraft:time_since_rest":14756,"minecraft:damage_taken":6021,"minecraft:damage_dealt":21211,"minecraft:swim_one_cm":215294,"minecraft:fly_one_cm":1051027,"minecraft:open_chest":38,"minecraft:crouch_one_cm":86252,"minecraft:interact_with_smoker":4,"minecraft:fall_one_cm":194023,"minecraft:inspect_dispenser":1},"minecraft:mined":{"minecraft:tuff":40,"minecraft:deepslate_diamond_ore":25,"minecraft:sculk_vein":57,"minecraft:jungle_leaves":5,"minecraft:obsidian":5,"minecraft:glow_lichen":1,"gravestone:gravestone":4,"minecraft:granite":38,"minecraft:dark_oak_fence":1,"minecraft:chiseled_polished_blackstone":5,"minecraft:grass_block":19,"minecraft:jungle_log":8,"minecraft:cracked_polished_blackstone_bricks":2,"minecraft:redstone_wire":9,"minecraft:polished_blackstone_bricks":48,"minecraft:sculk_catalyst":6,"minecraft:furnace":21,"minecraft:iron_ore":143,"minecraft:cobbled_deepslate":13,"minecraft:fire":6,"wizards_reborn:deepslate_arcanum_ore":5,"minecraft:andesite":24,"minecraft:deepslate_lapis_ore":12,"minecraft:gold_block":82,"minecraft:sculk_shrieker":1,"minecraft:cave_vines":2,"minecraft:deepslate_iron_ore":70,"minecraft:vine":3,"minecraft:iron_bars":1,"minecraft:bamboo":1,"minecraft:stone":604,"minecraft:white_wool":3,"minecraft:deepslate_redstone_ore":4,"minecraft:red_bed":5,"minecraft:blackstone":10,"minecraft:basalt":14,"minecraft:clay":5,"minecraft:crafting_table":31,"minecraft:torch":8,"wizards_reborn:arcanum_ore":1,"minecraft:melon":20,"minecraft:sculk_sensor":13,"minecraft:copper_ore":2,"minecraft:cobblestone":16,"minecraft:lapis_ore":9,"minecraft:deepslate_gold_ore":38,"minecraft:oak_planks":40,"minecraft:sculk":683,"minecraft:diorite":54,"minecraft:wall_torch":11,"minecraft:repeater":1,"minecraft:redstone_torch":1,"minecraft:birch_leaves":4,"minecraft:tnt":591,"minecraft:grass":192,"minecraft:oak_log":68,"minecraft:coal_ore":184,"minecraft:cocoa":1,"minecraft:gravel":10,"minecraft:dirt":54,"minecraft:gold_ore":4,"minecraft:oak_leaves":48,"minecraft:deepslate":370,"minecraft:fern":45},"minecraft:killed_by":{"cave_dweller:cave_dweller":2},"minecraft:picked_up":{"minecraft:cocoa_beans":3,"minecraft:crafting_table":31,"minecraft:chicken":20,"minecraft:clay_ball":20,"minecraft:gold_block":82,"minecraft:shield":1,"minecraft:raw_copper":7,"minecraft:iron_axe":1,"minecraft:red_bed":5,"minecraft:string":7,"minecraft:blackstone":6,"minecraft:cobbled_deepslate":333,"minecraft:beef":25,"minecraft:redstone_torch":2,"minecraft:iron_pickaxe":1,"minecraft:melon_slice":87,"minecraft:furnace":21,"minecraft:egg":3,"wizards_reborn:arcanum":6,"minecraft:stick":1,"minecraft:raw_iron":300,"minecraft:torch":27,"minecraft:polished_blackstone_bricks":52,"minecraft:porkchop":45,"minecraft:diorite":54,"minecraft:redstone":16,"minecraft:tnt":548,"minecraft:rotten_flesh":22,"minecraft:arrow":16,"minecraft:obsidian":5,"minecraft:glow_berries":1,"minecraft:mutton":5,"minecraft:white_wool":7,"minecraft:cobblestone":601,"minecraft:repeater":1,"minecraft:cooked_beef":1,"minecraft:feather":13,"minecraft:basalt":14,"minecraft:andesite":24,"minecraft:salmon":3,"minecraft:jungle_log":8,"minecraft:leather":14,"minecraft:flint":1,"minecraft:tuff":40,"minecraft:oak_log":66,"minecraft:gunpowder":5,"minecraft:lapis_lazuli":115,"minecraft:dirt":107,"minecraft:bone":25,"minecraft:apple":1,"minecraft:bow":1,"minecraft:wheat_seeds":31,"minecraft:raw_gold":40,"minecraft:iron_ingot":6,"minecraft:bamboo":11,"travelersbackpack:gold":2,"minecraft:oak_planks":49,"minecraft:cooked_porkchop":1,"minecraft:gravel":7,"minecraft:diamond":25,"minecraft:stone_axe":1,"wizards_reborn:arcanum_dust":1,"minecraft:cracked_polished_blackstone_bricks":1,"minecraft:granite":37,"minecraft:bread":1,"minecraft:oak_sapling":5,"minecraft:coal":728},"minecraft:dropped":{"minecraft:wheat_seeds":5,"minecraft:feather":1,"minecraft:cobblestone":2,"minecraft:granite":8,"wizards_reborn:arcanum_dust":1,"minecraft:stick":4,"minecraft:dirt":29,"minecraft:diorite":7,"minecraft:torch":5,"minecraft:repeater":1,"gravestone:obituary":4,"minecraft:iron_axe":1,"minecraft:polished_blackstone_bricks":4,"minecraft:iron_pickaxe":1,"minecraft:string":5,"minecraft:stone_axe":1,"minecraft:cocoa_beans":3,"minecraft:tuff":37,"minecraft:rotten_flesh":7,"minecraft:clay_ball":20,"minecraft:oak_planks":9,"minecraft:shield":1,"minecraft:andesite":1,"minecraft:bow":1,"minecraft:wooden_pickaxe":1},"minecraft:broken":{"minecraft:stone_pickaxe":3,"minecraft:stone_axe":1,"minecraft:iron_pickaxe":3,"minecraft:iron_hoe":3},"minecraft:used":{"minecraft:flint_and_steel":1,"minecraft:stone_shovel":17,"minecraft:shield":88,"minecraft:cooked_salmon":3,"minecraft:cooked_chicken":12,"minecraft:torch":39,"minecraft:dirt":36,"minecraft:jungle_planks":4,"minecraft:tuff":3,"minecraft:granite":20,"minecraft:obsidian":5,"minecraft:iron_hoe":750,"minecraft:wooden_axe":70,"minecraft:lava_bucket":9,"minecraft:iron_axe":201,"travelersbackpack:gold":2,"minecraft:jungle_log":1,"minecraft:basalt":13,"minecraft:furnace":22,"minecraft:cooked_beef":3,"minecraft:cobbled_deepslate":239,"minecraft:beetroot_soup":1,"minecraft:cooked_mutton":5,"minecraft:water_bucket":1,"minecraft:diorite":10,"minecraft:stone_pickaxe":516,"minecraft:oak_planks":67,"minecraft:wooden_pickaxe":61,"minecraft:white_wool":6,"anthropology_items__structures:hunters_machete":65,"minecraft:crafting_table":31,"minecraft:red_bed":4,"minecraft:cake":1,"minecraft:diamond_pickaxe":124,"minecraft:apple":1,"minecraft:bread":13,"minecraft:melon_slice":69,"minecraft:iron_pickaxe":1812,"minecraft:gravel":4,"minecraft:stone_axe":170,"minecraft:cobblestone":263,"minecraft:cooked_porkchop":12,"minecraft:jungle_door":1,"minecraft:andesite":18,"minecraft:bucket":11}},"DataVersion":3465}