{"stats":{"minecraft:picked_up":{"minecraft:birch_log":9,"minecraft:crafting_table":1,"minecraft:feather":2,"minecraft:chicken":2,"minecraft:gunpowder":2,"minecraft:cobblestone":11},"minecraft:custom":{"minecraft:time_since_rest":3506,"minecraft:crouch_one_cm":936,"minecraft:play_time":3506,"minecraft:sprint_one_cm":8975,"minecraft:damage_taken":90,"minecraft:walk_one_cm":13605,"minecraft:sneak_time":404,"minecraft:walk_under_water_one_cm":33,"minecraft:mob_kills":7,"minecraft:jump":42,"minecraft:damage_dealt":1081,"minecraft:walk_on_water_one_cm":489,"minecraft:time_since_death":3506,"minecraft:total_world_time":3506,"minecraft:fall_one_cm":836,"minecraft:interact_with_crafting_table":3,"minecraft:fly_one_cm":6391},"minecraft:mined":{"minecraft:birch_log":9,"minecraft:stone":11,"minecraft:birch_leaves":2,"minecraft:crafting_table":1},"minecraft:used":{"minecraft:wooden_axe":27,"minecraft:crafting_table":2,"minecraft:stone_pickaxe":8,"minecraft:birch_log":2,"minecraft:wooden_pickaxe":3},"minecraft:crafted":{"minecraft:birch_planks":16,"minecraft:stone_axe":1,"minecraft:crafting_table":1,"minecraft:stick":8,"minecraft:wooden_pickaxe":1,"minecraft:stone_pickaxe":1,"minecraft:wooden_axe":1},"minecraft:killed":{"minecraft:zombie":3,"minecraft:creeper":2,"minecraft:chicken":2}},"DataVersion":3465}