{"stats":{"minecraft:picked_up":{"minecraft:birch_log":9,"minecraft:crafting_table":5,"minecraft:raw_iron":46,"minecraft:feather":2,"minecraft:chicken":2,"minecraft:gunpowder":2,"minecraft:iron_ingot":2,"minecraft:glow_berries":1,"minecraft:coal":95,"minecraft:cobblestone":43,"minecraft:furnace":3},"minecraft:custom":{"minecraft:time_since_rest":15506,"minecraft:interact_with_furnace":25,"minecraft:sprint_one_cm":26143,"minecraft:damage_taken":130,"minecraft:walk_one_cm":52942,"minecraft:mob_kills":7,"minecraft:damage_dealt":1081,"minecraft:interact_with_crafting_table":19,"minecraft:fly_one_cm":18492,"minecraft:crouch_one_cm":4406,"minecraft:play_time":15506,"minecraft:sneak_time":1970,"minecraft:walk_under_water_one_cm":33,"minecraft:jump":188,"minecraft:time_since_death":15506,"minecraft:walk_on_water_one_cm":3183,"minecraft:climb_one_cm":209,"minecraft:total_world_time":15506,"minecraft:fall_one_cm":3468},"minecraft:mined":{"minecraft:furnace":3,"minecraft:birch_log":9,"minecraft:iron_ore":41,"minecraft:birch_leaves":2,"minecraft:clay":1,"minecraft:crafting_table":5,"minecraft:calcite":1,"minecraft:coal_ore":57,"minecraft:cobblestone":2,"minecraft:stone":41},"minecraft:used":{"minecraft:wooden_axe":27,"minecraft:iron_axe":1,"minecraft:stone_pickaxe":63,"minecraft:iron_pickaxe":79,"minecraft:wooden_pickaxe":3,"minecraft:cooked_chicken":2,"minecraft:stone_axe":3,"minecraft:cobblestone":3,"minecraft:crafting_table":5,"minecraft:furnace":3,"minecraft:birch_log":2},"minecraft:killed":{"minecraft:zombie":3,"minecraft:chicken":2,"minecraft:creeper":2},"minecraft:crafted":{"minecraft:iron_boots":1,"minecraft:iron_chestplate":1,"minecraft:shield":1,"minecraft:iron_axe":1,"minecraft:crafting_table":1,"minecraft:stick":10,"minecraft:iron_helmet":1,"minecraft:iron_pickaxe":1,"minecraft:iron_ingot":31,"minecraft:wooden_pickaxe":1,"minecraft:cooked_chicken":2,"minecraft:stone_pickaxe":1,"minecraft:wooden_axe":1,"minecraft:iron_leggings":1,"minecraft:furnace":2,"minecraft:birch_planks":28,"minecraft:stone_axe":1,"minecraft:air":0}},"DataVersion":3465}