{"stats":{"minecraft:killed":{"minecraft:cave_spider":2,"minecraft:spider":9,"minecraft:skeleton":31,"minecraft:chicken":26,"minecraft:silverfish":4,"minecraft:drowned":1,"minecraft:magma_cube":1,"minecraft:pig":14,"minecraft:zombie_villager":1,"minecraft:salmon":6,"minecraft:bat":1,"minecraft:creeper":3,"minecraft:sheep":7,"minecraft:zombie":43,"minecraft:ghast":1,"minecraft:wither_skeleton":1,"minecraft:cow":23},"minecraft:crafted":{"minecraft:golden_carrot":35,"minecraft:oak_planks":264,"minecraft:stone_shovel":2,"minecraft:cooked_chicken":28,"minecraft:furnace":6,"minecraft:cooked_mutton":8,"minecraft:flint_and_steel":1,"minecraft:diamond_helmet":1,"minecraft:iron_boots":4,"minecraft:iron_axe":4,"minecraft:iron_hoe":3,"minecraft:stone_pickaxe":5,"minecraft:diamond_boots":1,"minecraft:cooked_beef":15,"minecraft:emerald":54,"minecraft:cooked_porkchop":16,"minecraft:crafting_table":8,"minecraft:wooden_pickaxe":5,"minecraft:iron_helmet":3,"minecraft:iron_sword":1,"minecraft:cooked_salmon":3,"minecraft:bucket":1,"minecraft:stone_axe":4,"minecraft:air":0,"minecraft:jungle_planks":28,"minecraft:jungle_door":3,"minecraft:iron_chestplate":4,"minecraft:diamond_pickaxe":2,"minecraft:gold_nugget":282,"minecraft:shield":4,"minecraft:stick":96,"minecraft:iron_ingot":178,"minecraft:iron_pickaxe":8,"minecraft:wooden_axe":4,"minecraft:gold_ingot":35,"minecraft:iron_leggings":5,"minecraft:white_bed":1,"minecraft:torch":48},"minecraft:custom":{"minecraft:mob_kills":176,"minecraft:interact_with_crafting_table":110,"minecraft:open_barrel":6,"minecraft:eat_cake_slice":7,"minecraft:leave_game":5,"minecraft:time_since_death":122432,"minecraft:climb_one_cm":49983,"minecraft:sprint_one_cm":726262,"minecraft:walk_one_cm":855942,"minecraft:damage_blocked_by_shield":3305,"minecraft:drop":39,"minecraft:talked_to_villager":3,"minecraft:play_time":393214,"minecraft:sneak_time":40345,"minecraft:deaths":9,"minecraft:walk_under_water_one_cm":81447,"minecraft:jump":8062,"minecraft:walk_on_water_one_cm":73257,"minecraft:total_world_time":393214,"minecraft:interact_with_furnace":185,"minecraft:interact_with_cartography_table":2,"minecraft:pot_flower":1,"minecraft:sleep_in_bed":8,"minecraft:time_since_rest":15198,"minecraft:damage_taken":6451,"minecraft:damage_dealt":24245,"minecraft:swim_one_cm":275711,"minecraft:fly_one_cm":1301077,"minecraft:open_chest":74,"minecraft:crouch_one_cm":95806,"minecraft:interact_with_smoker":21,"minecraft:fall_one_cm":231548,"minecraft:inspect_dispenser":1},"minecraft:mined":{"minecraft:red_carpet":1,"minecraft:tuff":55,"minecraft:white_bed":1,"minecraft:deepslate_diamond_ore":36,"minecraft:sculk_vein":57,"minecraft:jungle_leaves":5,"minecraft:glow_lichen":1,"minecraft:obsidian":5,"minecraft:dark_oak_fence":1,"gravestone:gravestone":4,"minecraft:granite":45,"minecraft:chiseled_polished_blackstone":5,"minecraft:grass_block":22,"minecraft:jungle_log":8,"minecraft:cracked_polished_blackstone_bricks":2,"minecraft:redstone_wire":9,"minecraft:polished_blackstone_bricks":48,"minecraft:redstone_ore":4,"minecraft:sculk_catalyst":6,"minecraft:furnace":27,"minecraft:iron_ore":180,"minecraft:cobbled_deepslate":13,"minecraft:fire":6,"wizards_reborn:deepslate_arcanum_ore":5,"minecraft:andesite":24,"minecraft:deepslate_lapis_ore":12,"minecraft:gold_block":82,"minecraft:sculk_shrieker":1,"minecraft:vine":3,"minecraft:cave_vines":2,"minecraft:deepslate_iron_ore":88,"minecraft:iron_bars":1,"minecraft:bamboo":1,"minecraft:stone":768,"minecraft:white_wool":3,"minecraft:deepslate_redstone_ore":21,"minecraft:red_bed":5,"minecraft:blackstone":10,"minecraft:basalt":14,"minecraft:clay":5,"minecraft:crafting_table":36,"minecraft:torch":8,"wizards_reborn:arcanum_ore":1,"minecraft:dark_oak_wood":1,"minecraft:melon":20,"minecraft:sculk_sensor":13,"minecraft:copper_ore":2,"minecraft:tall_grass":2,"minecraft:cobblestone":34,"minecraft:deepslate_gold_ore":41,"minecraft:lapis_ore":14,"minecraft:oak_planks":43,"minecraft:sculk":683,"minecraft:diorite":54,"minecraft:wall_torch":11,"minecraft:repeater":1,"minecraft:redstone_torch":1,"minecraft:white_carpet":1,"minecraft:birch_leaves":4,"minecraft:tnt":591,"minecraft:grass":200,"minecraft:oak_log":68,"minecraft:coal_ore":196,"minecraft:cocoa":1,"minecraft:gravel":12,"minecraft:dirt":54,"minecraft:potted_red_tulip":1,"minecraft:emerald_block":6,"minecraft:gold_ore":9,"minecraft:oak_leaves":49,"minecraft:deepslate":479,"minecraft:infested_stone":3,"minecraft:fern":45},"minecraft:killed_by":{"cave_dweller:cave_dweller":2},"minecraft:picked_up":{"minecraft:cocoa_beans":3,"minecraft:crafting_table":35,"minecraft:chicken":28,"minecraft:flower_pot":1,"minecraft:clay_ball":20,"minecraft:gold_block":82,"minecraft:shield":1,"minecraft:moss_carpet":1,"minecraft:string":8,"minecraft:red_bed":5,"minecraft:raw_copper":7,"minecraft:iron_axe":1,"minecraft:white_carpet":1,"minecraft:blackstone":6,"minecraft:gold_nugget":6,"minecraft:cobbled_deepslate":440,"minecraft:beef":41,"minecraft:redstone_torch":2,"minecraft:iron_pickaxe":1,"minecraft:melon_slice":87,"minecraft:furnace":26,"minecraft:egg":3,"wizards_reborn:arcanum":6,"minecraft:stick":1,"minecraft:raw_iron":377,"minecraft:torch":27,"minecraft:polished_blackstone_bricks":52,"minecraft:porkchop":48,"minecraft:diorite":54,"minecraft:redstone":109,"minecraft:tnt":548,"minecraft:arrow":18,"minecraft:rotten_flesh":24,"minecraft:red_tulip":1,"minecraft:obsidian":5,"minecraft:glow_berries":1,"minecraft:mutton":8,"minecraft:white_wool":10,"minecraft:cobblestone":783,"minecraft:cooked_beef":1,"minecraft:feather":22,"minecraft:basalt":14,"minecraft:repeater":1,"minecraft:andesite":24,"minecraft:salmon":3,"minecraft:jungle_log":8,"minecraft:leather":21,"minecraft:flint":1,"minecraft:tuff":55,"minecraft:oak_log":66,"minecraft:gunpowder":5,"minecraft:lapis_lazuli":142,"minecraft:dirt":110,"minecraft:red_carpet":1,"minecraft:cooked_mutton":1,"minecraft:bone":26,"minecraft:apple":1,"minecraft:bow":1,"minecraft:wheat_seeds":32,"minecraft:raw_gold":48,"minecraft:iron_ingot":7,"minecraft:bamboo":11,"travelersbackpack:gold":2,"minecraft:oak_planks":52,"minecraft:emerald_block":6,"minecraft:cooked_porkchop":1,"minecraft:gravel":9,"minecraft:white_bed":1,"minecraft:diamond":36,"minecraft:stone_axe":1,"wizards_reborn:arcanum_dust":1,"minecraft:cracked_polished_blackstone_bricks":1,"minecraft:granite":44,"minecraft:bread":1,"minecraft:oak_sapling":5,"minecraft:dark_oak_wood":1,"minecraft:coal":811},"minecraft:dropped":{"minecraft:wheat_seeds":5,"minecraft:feather":1,"minecraft:cobblestone":2,"minecraft:granite":8,"wizards_reborn:arcanum_dust":1,"minecraft:stick":4,"minecraft:dirt":29,"minecraft:diorite":7,"minecraft:torch":5,"minecraft:repeater":1,"gravestone:obituary":4,"minecraft:iron_axe":1,"minecraft:polished_blackstone_bricks":4,"minecraft:iron_pickaxe":1,"minecraft:string":5,"minecraft:stone_axe":1,"minecraft:cocoa_beans":3,"minecraft:tuff":37,"minecraft:rotten_flesh":7,"minecraft:clay_ball":20,"minecraft:oak_planks":9,"minecraft:cooked_mutton":1,"minecraft:shield":1,"minecraft:andesite":1,"minecraft:oak_sapling":4,"minecraft:bow":1,"minecraft:wooden_pickaxe":2},"minecraft:broken":{"minecraft:stone_pickaxe":3,"minecraft:stone_axe":2,"minecraft:iron_pickaxe":5,"minecraft:iron_hoe":3},"minecraft:used":{"minecraft:flint_and_steel":1,"minecraft:stone_shovel":20,"minecraft:shield":103,"minecraft:iron_sword":4,"minecraft:cooked_salmon":3,"minecraft:cooked_chicken":18,"minecraft:torch":39,"minecraft:dirt":36,"minecraft:jungle_planks":4,"minecraft:tuff":3,"minecraft:granite":20,"minecraft:obsidian":5,"minecraft:iron_hoe":750,"minecraft:wooden_axe":70,"minecraft:lava_bucket":9,"minecraft:iron_axe":221,"travelersbackpack:gold":2,"minecraft:jungle_log":1,"minecraft:basalt":13,"minecraft:furnace":28,"minecraft:cooked_beef":4,"minecraft:cobbled_deepslate":241,"minecraft:beetroot_soup":1,"minecraft:cooked_mutton":8,"minecraft:diorite":10,"minecraft:water_bucket":1,"minecraft:stone_pickaxe":516,"minecraft:oak_planks":68,"minecraft:wooden_pickaxe":61,"minecraft:white_wool":6,"anthropology_items__structures:hunters_machete":80,"minecraft:crafting_table":37,"minecraft:red_bed":4,"minecraft:white_bed":2,"minecraft:cake":1,"minecraft:flower_pot":1,"minecraft:diamond_pickaxe":124,"minecraft:apple":1,"minecraft:bread":14,"minecraft:melon_slice":69,"minecraft:iron_pickaxe":2261,"minecraft:gravel":4,"minecraft:stone_axe":206,"minecraft:cobblestone":377,"minecraft:cooked_porkchop":14,"minecraft:jungle_door":1,"minecraft:andesite":18,"minecraft:bucket":11}},"DataVersion":3465}