{"stats":{"minecraft:custom":{"minecraft:interact_with_furnace":25,"minecraft:mob_kills":7,"minecraft:interact_with_crafting_table":20,"minecraft:leave_game":1,"minecraft:time_since_death":30393,"minecraft:climb_one_cm":209,"minecraft:time_since_rest":30393,"minecraft:sprint_one_cm":43736,"minecraft:damage_taken":200,"minecraft:walk_one_cm":85976,"minecraft:damage_blocked_by_shield":40,"minecraft:damage_dealt":1171,"minecraft:fly_one_cm":39992,"minecraft:crouch_one_cm":9094,"minecraft:play_time":30393,"minecraft:sneak_time":3534,"minecraft:walk_under_water_one_cm":33,"minecraft:jump":488,"minecraft:walk_on_water_one_cm":4793,"minecraft:total_world_time":30393,"minecraft:fall_one_cm":8959},"minecraft:used":{"minecraft:stone_pickaxe":63,"minecraft:shield":1,"minecraft:wooden_pickaxe":3,"minecraft:cooked_chicken":2,"minecraft:glow_berries":2,"minecraft:crafting_table":6,"minecraft:wooden_axe":31,"minecraft:diamond_pickaxe":108,"minecraft:iron_axe":3,"minecraft:iron_pickaxe":159,"minecraft:stone_axe":3,"minecraft:cobblestone":23,"minecraft:furnace":3,"minecraft:birch_log":2,"minecraft:cobbled_deepslate":54},"minecraft:picked_up":{"minecraft:birch_log":9,"minecraft:crafting_table":6,"minecraft:feather":2,"minecraft:chicken":2,"minecraft:clay_ball":28,"minecraft:andesite":3,"minecraft:gunpowder":2,"minecraft:amethyst_block":5,"minecraft:lapis_lazuli":86,"minecraft:cobbled_deepslate":55,"minecraft:raw_gold":11,"minecraft:iron_ingot":2,"minecraft:calcite":4,"minecraft:furnace":3,"minecraft:raw_iron":84,"minecraft:smooth_basalt":2,"minecraft:redstone":47,"minecraft:diamond":3,"minecraft:glow_berries":1,"minecraft:coal":95,"minecraft:cobblestone":82},"minecraft:killed":{"minecraft:creeper":2,"minecraft:zombie":3,"minecraft:chicken":2},"minecraft:crafted":{"minecraft:crafting_table":1,"minecraft:wooden_pickaxe":1,"minecraft:iron_helmet":1,"minecraft:cooked_chicken":2,"minecraft:furnace":2,"minecraft:birch_planks":28,"minecraft:stone_axe":1,"minecraft:air":0,"minecraft:iron_boots":1,"minecraft:iron_chestplate":1,"minecraft:diamond_pickaxe":1,"minecraft:shield":1,"minecraft:iron_axe":1,"minecraft:stick":14,"minecraft:iron_ingot":31,"minecraft:iron_pickaxe":1,"minecraft:stone_pickaxe":1,"minecraft:wooden_axe":1,"minecraft:iron_leggings":1},"minecraft:mined":{"minecraft:deepslate_redstone_ore":10,"minecraft:deepslate_diamond_ore":3,"minecraft:crafting_table":6,"minecraft:clay":7,"minecraft:calcite":5,"minecraft:cobblestone":2,"minecraft:deepslate_gold_ore":11,"minecraft:amethyst_block":5,"minecraft:furnace":3,"minecraft:birch_log":9,"minecraft:iron_ore":59,"minecraft:andesite":3,"minecraft:birch_leaves":2,"minecraft:deepslate_lapis_ore":13,"minecraft:coal_ore":57,"minecraft:deepslate_iron_ore":20,"minecraft:smooth_basalt":2,"minecraft:stone":80,"minecraft:deepslate":59}},"DataVersion":3465}