{"stats":{"minecraft:used":{"minecraft:writable_book":2,"travelersbackpack:lapis":3,"minecraft:chest":9,"minecraft:shield":47,"minecraft:iron_sword":174,"minecraft:rotten_flesh":1,"minecraft:white_candle":20,"minecraft:mutton":1,"chococraft:chocobo_drumstick_cooked":2,"minecraft:carrot":112,"minecraft:acacia_sapling":2,"minecraft:tuff":9,"minecraft:lava_bucket":3,"minecraft:grass_block":1,"minecraft:mossy_cobblestone_slab":1,"minecraft:furnace":8,"minecraft:diorite":2,"minecraft:oak_planks":1,"minecraft:stone_pickaxe":131,"minecraft:ender_pearl":1,"minecraft:wooden_pickaxe":59,"minecraft:sandstone":4,"minecraft:jungle_boat":2,"minecraft:glow_berries":1,"minecraft:sand":12,"mores:sterling_pickaxe":3,"mores:amethyst_mace":54,"minecraft:melon_slice":61,"minecraft:bread":71,"minecraft:gravel":11,"minecraft:wooden_sword":51,"minecraft:andesite":10,"minecraft:oak_boat":2,"minecraft:bone_meal":12,"mores:amethyst_shield":10,"minecraft:enchanting_table":2,"minecraft:flint_and_steel":2,"minecraft:torch":434,"minecraft:dirt":28,"minecraft:spyglass":3,"anthropology_items__structures:limestone":2,"minecraft:mossy_cobblestone_stairs":2,"minecraft:wooden_axe":63,"minecraft:bamboo_raft":3,"minecraft:bookshelf":17,"minecraft:golden_carrot":37,"minecraft:beef":2,"minecraft:cooked_beef":34,"minecraft:acacia_planks":2,"minecraft:cobbled_deepslate":47,"mores:silver_axe":8,"minecraft:wheat_seeds":21,"minecraft:cooked_mutton":30,"minecraft:acacia_boat":1,"minecraft:water_bucket":23,"useless_sword:gold_iron_alloy_sword":2,"anthropology_items__structures:hunters_machete":675,"minecraft:crafting_table":17,"minecraft:white_bed":3,"minecraft:mud":2,"morebows:gold_bow":48,"chococraft:gysahl_green_seeds":20,"minecraft:chicken":7,"minecraft:iron_pickaxe":1371,"travelersbackpack:white_sleeping_bag":3,"minecraft:stone_axe":113,"minecraft:cobblestone":355,"travelersbackpack:standard":1,"minecraft:white_banner":3,"minecraft:cooked_porkchop":3,"minecraft:jungle_door":1,"minecraft:bucket":31,"alexsmobs:animal_dictionary":1},"minecraft:picked_up":{"minecraft:wooden_axe":2,"chococraft:loverly_gysahl_green":10,"minecraft:wheat":20,"minecraft:string":95,"minecraft:raw_copper":81,"minecraft:iron_leggings":1,"minecraft:cobbled_deepslate":129,"minecraft:bucket":2,"minecraft:spruce_planks":2,"mores:emerald_helmet":1,"minecraft:red_dye":1,"minecraft:redstone_torch":7,"minecraft:azalea":1,"minecraft:melon_slice":179,"minecraft:iron_boots":1,"minecraft:furnace":7,"minecraft:stick":1,"minecraft:torch":19,"minecraft:acacia_log":26,"minecraft:porkchop":31,"minecraft:diorite":4,"minecraft:rotten_flesh":91,"minecraft:tropical_fish":1,"chococraft:chocobo_drumstick_cooked":2,"minecraft:iron_bars":4,"alexsmobs:flying_fish":1,"minecraft:cobblestone":335,"minecraft:enchanting_table":1,"minecraft:mossy_cobblestone_slab":1,"minecraft:feather":6,"minecraft:cooked_beef":1,"minecraft:andesite":14,"minecraft:jungle_log":15,"minecraft:brown_wool":2,"minecraft:potato":2,"minecraft:flint":5,"minecraft:tuff":34,"anthropology_items__structures:hunters_machete":4,"minecraft:lapis_lazuli":399,"minecraft:dirt":176,"minecraft:name_tag":2,"minecraft:bone":48,"minecraft:acacia_planks":12,"minecraft:bow":4,"minecraft:wheat_seeds":131,"minecraft:raw_gold":22,"mores:silver_ingot":10,"minecraft:rabbit":1,"minecraft:bamboo":34,"minecraft:oak_planks":9,"minecraft:jungle_planks":1,"minecraft:bamboo_raft":2,"minecraft:sand":13,"minecraft:ink_sac":3,"minecraft:grass_block":1,"minecraft:mossy_cobblestone":2,"travelersbackpack:white_sleeping_bag":5,"minecraft:white_candle":20,"minecraft:diamond":31,"minecraft:writable_book":1,"minecraft:crossbow":1,"minecraft:granite":1,"mores:amethyst_mace":1,"minecraft:emerald":25,"minecraft:bread":26,"minecraft:oak_sapling":3,"mores:raw_silver":17,"minecraft:mud":2,"minecraft:charcoal":2,"minecraft:allium":1,"minecraft:crafting_table":14,"minecraft:sandstone_slab":4,"minecraft:chicken":7,"minecraft:clay_ball":12,"minecraft:brown_mushroom":4,"minecraft:gold_block":57,"gravestone:obituary":2,"minecraft:red_bed":2,"travelersbackpack:lapis":1,"minecraft:beef":41,"minecraft:oak_boat":1,"minecraft:poppy":8,"minecraft:light_gray_wool":1,"minecraft:chest":5,"minecraft:sugar_cane":141,"minecraft:spruce_trapdoor":2,"minecraft:egg":1,"minecraft:sandstone":15,"minecraft:raw_iron":203,"wizards_reborn:arcanum":107,"minecraft:copper_ingot":2,"minecraft:polished_blackstone_bricks":34,"minecraft:carrot":99,"minecraft:redstone":75,"minecraft:dark_oak_planks":5,"minecraft:tnt":381,"minecraft:arrow":86,"minecraft:hay_block":11,"minecraft:sandstone_stairs":3,"minecraft:gold_ingot":39,"minecraft:glow_berries":1,"minecraft:mutton":20,"minecraft:white_wool":23,"minecraft:golden_carrot":32,"minecraft:salmon":2,"minecraft:leather":52,"minecraft:oak_log":33,"anthropology_items__structures:limestone":2,"minecraft:gunpowder":16,"minecraft:white_banner":2,"minecraft:cooked_mutton":19,"chococraft:gysahl_green":176,"chococraft:gold_gysahl":1,"minecraft:kelp":2,"minecraft:iron_ingot":114,"minecraft:cooked_chicken":3,"minecraft:acacia_sapling":5,"minecraft:book":18,"minecraft:gravel":39,"minecraft:amethyst_shard":42,"chococraft:gysahl_green_seeds":36,"minecraft:white_bed":2,"minecraft:spider_eye":6,"minecraft:leather_helmet":1,"travelersbackpack:standard":1,"wizards_reborn:arcanum_dust":33,"minecraft:iron_helmet":1,"minecraft:mossy_cobblestone_stairs":2,"minecraft:gray_wool":1,"minecraft:dark_oak_wood":1,"minecraft:mangrove_propagule":1,"minecraft:coal":274,"minecraft:ender_pearl":2},"minecraft:killed_by":{"alexsmobs:cachalot_whale":1},"minecraft:broken":{"minecraft:iron_boots":1,"minecraft:iron_leggings":1,"minecraft:stone_pickaxe":1,"minecraft:wooden_sword":1,"minecraft:stone_axe":1,"minecraft:wooden_axe":1,"minecraft:wooden_pickaxe":1,"minecraft:iron_pickaxe":4,"minecraft:iron_helmet":2},"minecraft:killed":{"alexsmobs:lobster":1,"minecraft:cave_spider":2,"minecraft:witch":1,"minecraft:spider":19,"minecraft:skeleton":50,"minecraft:bee":1,"minecraft:chicken":10,"minecraft:cat":2,"minecraft:wolf":1,"minecraft:pig":15,"minecraft:salmon":1,"alexsmobs:seal":2,"minecraft:creeper":10,"minecraft:sheep":27,"minecraft:trader_llama":1,"minecraft:pillager":7,"minecraft:zombie":94,"minecraft:cow":22,"chococraft:chocobo":3,"alexsmobs:tasmanian_devil":1,"minecraft:phantom":2,"minecraft:drowned":3,"alexsmobs:skunk":1,"minecraft:bat":2,"minecraft:frog":1,"minecraft:enderman":4},"minecraft:mined":{"minecraft:dark_oak_planks":5,"minecraft:large_amethyst_bud":1,"minecraft:spruce_planks":2,"anthropology_items__structures:limestone":6,"minecraft:white_bed":2,"minecraft:spruce_trapdoor":2,"minecraft:granite":24,"minecraft:chiseled_polished_blackstone":8,"minecraft:acacia_log":9,"minecraft:grass_block":20,"minecraft:jungle_log":16,"minecraft:sandstone_stairs":2,"minecraft:polished_blackstone_bricks":5,"minecraft:tall_seagrass":2,"minecraft:mossy_cobblestone_slab":1,"minecraft:mossy_cobblestone_stairs":2,"minecraft:iron_ore":166,"minecraft:fire":3,"minecraft:deepslate_lapis_ore":5,"minecraft:dark_oak_stairs":2,"minecraft:enchanting_table":1,"chococraft:gysahl_green":38,"minecraft:cave_vines":1,"minecraft:iron_bars":2,"minecraft:azalea":2,"minecraft:sandstone_slab":2,"minecraft:red_bed":2,"minecraft:kelp_plant":1,"minecraft:clay":3,"minecraft:torch":6,"wizards_reborn:arcanum_ore":14,"minecraft:dark_oak_wood":1,"minecraft:poppy":8,"minecraft:melon":27,"minecraft:chest":3,"minecraft:dead_bush":1,"minecraft:cobblestone":27,"minecraft:white_candle":5,"minecraft:oak_planks":1,"minecraft:sugar_cane":103,"minecraft:wall_torch":10,"minecraft:mud":2,"minecraft:wheat":44,"minecraft:tnt":255,"minecraft:grass":232,"minecraft:oak_log":33,"minecraft:sand":3,"minecraft:dirt":30,"mores:silver_ore":17,"minecraft:oak_leaves":16,"minecraft:deepslate":105,"minecraft:emerald_block":2,"minecraft:diamond_ore":1,"minecraft:tuff":34,"minecraft:quartz_stairs":2,"minecraft:mossy_cobblestone":2,"minecraft:deepslate_diamond_ore":14,"gravestone:gravestone":3,"minecraft:spruce_fence":1,"minecraft:jungle_planks":2,"minecraft:redstone_wire":4,"minecraft:brown_mushroom_block":8,"travelersbackpack:white_sleeping_bag":4,"minecraft:mangrove_propagule":1,"minecraft:sandstone":20,"minecraft:hay_block":11,"minecraft:spore_blossom":1,"minecraft:redstone_ore":4,"minecraft:furnace":6,"minecraft:carrots":29,"wizards_reborn:deepslate_arcanum_ore":1,"minecraft:andesite":16,"minecraft:gold_block":64,"minecraft:bookshelf":6,"minecraft:deepslate_iron_ore":22,"minecraft:vine":11,"minecraft:bamboo":4,"minecraft:stone":412,"minecraft:crafting_table":14,"minecraft:campfire":1,"minecraft:tall_grass":11,"minecraft:copper_ore":26,"minecraft:deepslate_coal_ore":7,"minecraft:lapis_ore":21,"minecraft:deepslate_gold_ore":1,"minecraft:polished_blackstone_brick_stairs":1,"minecraft:diorite":4,"minecraft:redstone_torch":5,"minecraft:birch_leaves":1,"minecraft:white_wall_banner":2,"minecraft:coal_ore":207,"minecraft:gravel":22,"minecraft:cobweb":23,"minecraft:gold_ore":22,"minecraft:fern":14},"minecraft:custom":{"minecraft:animals_bred":2,"minecraft:interact_with_crafting_table":157,"minecraft:open_barrel":6,"minecraft:bell_ring":1,"minecraft:leave_game":8,"minecraft:time_since_death":81158,"minecraft:sprint_one_cm":1627146,"minecraft:damage_blocked_by_shield":1515,"minecraft:drop":113,"minecraft:talked_to_villager":22,"minecraft:play_time":665265,"minecraft:deaths":3,"minecraft:jump":11497,"minecraft:walk_on_water_one_cm":133105,"minecraft:enchant_item":5,"minecraft:interact_with_furnace":163,"minecraft:interact_with_cartography_table":2,"minecraft:sleep_in_bed":10,"minecraft:damage_dealt":46193,"minecraft:player_kills":1,"minecraft:crouch_one_cm":18724,"minecraft:interact_with_smoker":3,"minecraft:horse_one_cm":4591,"minecraft:mob_kills":294,"minecraft:interact_with_anvil":3,"minecraft:climb_one_cm":35720,"minecraft:walk_one_cm":1355088,"minecraft:sneak_time":7139,"minecraft:walk_under_water_one_cm":72847,"minecraft:boat_one_cm":1247878,"minecraft:total_world_time":665265,"minecraft:time_since_rest":81191,"minecraft:damage_taken":11332,"minecraft:swim_one_cm":173637,"minecraft:fly_one_cm":2436976,"minecraft:open_chest":418,"minecraft:fall_one_cm":350759},"minecraft:dropped":{"minecraft:brown_mushroom":4,"chococraft:loverly_gysahl_green":2,"minecraft:crafting_table":3,"minecraft:cooked_porkchop":14,"minecraft:sandstone_stairs":1,"minecraft:sandstone_slab":2,"minecraft:jungle_planks":7,"travelersbackpack:standard":2,"minecraft:dirt":45,"minecraft:mutton":5,"alexsmobs:flying_fish":1,"mores:amethyst_shield":2,"gravestone:obituary":3,"minecraft:sand":1,"minecraft:white_wool":3,"minecraft:gravel":1,"minecraft:compass":1,"minecraft:sugar_cane":2,"minecraft:spyglass":1,"minecraft:cooked_chicken":1,"alexsmobs:animal_dictionary":1,"minecraft:cobbled_deepslate":27,"minecraft:wheat":2,"minecraft:rotten_flesh":28,"minecraft:salmon":1,"travelersbackpack:white_sleeping_bag":1,"mores:steel_helmet":1,"minecraft:written_book":1,"minecraft:bread":2,"minecraft:wheat_seeds":16,"minecraft:mossy_cobblestone":2,"anthropology_items__structures:hunters_machete":4,"minecraft:feather":9,"minecraft:cobblestone":1,"minecraft:granite":1,"minecraft:golden_carrot":1,"minecraft:wooden_axe":1,"minecraft:rabbit":1,"minecraft:iron_leggings":1,"mores:amethyst_mace":1,"minecraft:string":31,"minecraft:bucket":2,"minecraft:kelp":2,"minecraft:light_gray_wool":1,"minecraft:iron_boots":1,"minecraft:andesite":3,"minecraft:oak_sapling":2,"minecraft:bow":2,"chococraft:gysahl_green":37},"minecraft:crafted":{"minecraft:oak_planks":108,"mores:emerald_leggings":1,"mores:amethyst_mace":1,"minecraft:bookshelf":17,"minecraft:cooked_mutton":14,"minecraft:bamboo_block":3,"minecraft:glass":26,"minecraft:iron_boots":3,"minecraft:chest":8,"minecraft:bamboo_raft":1,"mores:silver_ingot":7,"anthropology_items__structures:hunters_machete":1,"minecraft:cooked_porkchop":17,"minecraft:crafting_table":7,"travelersbackpack:lapis":1,"minecraft:jungle_boat":2,"travelersbackpack:standard":2,"minecraft:wooden_pickaxe":1,"minecraft:iron_helmet":3,"minecraft:bamboo_planks":6,"minecraft:iron_chestplate":3,"minecraft:book":14,"minecraft:paper":36,"minecraft:diamond_pickaxe":1,"minecraft:shield":1,"minecraft:stick":140,"minecraft:iron_ingot":121,"minecraft:iron_pickaxe":5,"minecraft:gold_ingot":9,"useless_sword:gold_iron_alloy_ingot":2,"mores:amethyst_shield":3,"minecraft:golden_carrot":14,"useless_sword:emerald_boots":1,"minecraft:wooden_sword":1,"minecraft:tripwire_hook":2,"minecraft:furnace":4,"minecraft:bone_meal":12,"useless_sword:gold_iron_alloy_sword":1,"travelersbackpack:white_sleeping_bag":1,"useless_sword:gold_ingot_and_iron_ingot":2,"minecraft:stone_pickaxe":1,"minecraft:cooked_beef":39,"minecraft:red_dye":8,"minecraft:enchanting_table":1,"travelersbackpack:backpack_tank":4,"minecraft:iron_sword":1,"minecraft:bucket":2,"minecraft:stone_axe":1,"mores:silver_axe":1,"minecraft:acacia_boat":1,"minecraft:bread":5,"minecraft:air":0,"minecraft:jungle_planks":116,"minecraft:oak_boat":2,"minecraft:jungle_door":3,"minecraft:white_wool":1,"minecraft:gold_nugget":90,"morebows:gold_bow":1,"minecraft:wooden_axe":3,"minecraft:iron_leggings":3,"mores:emerald_chestplate":1,"minecraft:white_bed":1,"minecraft:acacia_planks":104,"minecraft:torch":360,"minecraft:lapis_block":4,"minecraft:trapped_chest":2}},"DataVersion":3465}