{"stats":{"minecraft:killed":{"minecraft:cave_spider":2,"minecraft:pig":7,"minecraft:salmon":1,"minecraft:spider":1,"minecraft:creeper":1,"minecraft:sheep":7,"minecraft:skeleton":9,"minecraft:zombie":12,"minecraft:chicken":6,"minecraft:cow":18},"minecraft:dropped":{"minecraft:gravel":1,"minecraft:wheat_seeds":2,"minecraft:feather":4,"minecraft:granite":1,"minecraft:andesite":1},"minecraft:custom":{"minecraft:interact_with_furnace":67,"minecraft:mob_kills":64,"minecraft:interact_with_crafting_table":40,"minecraft:leave_game":1,"minecraft:time_since_death":86612,"minecraft:sleep_in_bed":1,"minecraft:climb_one_cm":1794,"minecraft:time_since_rest":61267,"minecraft:sprint_one_cm":137148,"minecraft:damage_taken":1094,"minecraft:walk_one_cm":237798,"minecraft:drop":9,"minecraft:damage_dealt":8069,"minecraft:swim_one_cm":10866,"minecraft:fly_one_cm":141719,"minecraft:open_chest":9,"minecraft:crouch_one_cm":10040,"minecraft:play_time":86612,"minecraft:sneak_time":3814,"minecraft:walk_under_water_one_cm":2701,"minecraft:jump":1175,"minecraft:walk_on_water_one_cm":1550,"minecraft:interact_with_smoker":1,"minecraft:total_world_time":86612,"minecraft:fall_one_cm":29699},"minecraft:mined":{"minecraft:white_bed":1,"anthropology_items__structures:limestone":1,"minecraft:crafting_table":8,"minecraft:torch":1,"wizards_reborn:arcanum_ore":14,"minecraft:granite":1,"minecraft:jungle_log":16,"travelersbackpack:white_sleeping_bag":1,"minecraft:cobblestone":6,"minecraft:lapis_ore":2,"minecraft:deepslate_gold_ore":1,"minecraft:diorite":2,"minecraft:redstone_ore":4,"minecraft:furnace":4,"minecraft:iron_ore":108,"wizards_reborn:deepslate_arcanum_ore":1,"minecraft:andesite":2,"minecraft:deepslate_lapis_ore":1,"minecraft:grass":7,"minecraft:oak_log":6,"minecraft:coal_ore":103,"minecraft:deepslate_iron_ore":2,"minecraft:vine":3,"minecraft:gravel":1,"minecraft:cobweb":22,"minecraft:stone":159,"minecraft:gold_ore":15,"minecraft:fern":3},"minecraft:used":{"minecraft:cooked_mutton":9,"minecraft:stone_pickaxe":131,"minecraft:chest":1,"minecraft:wooden_pickaxe":33,"minecraft:iron_sword":51,"minecraft:rotten_flesh":1,"minecraft:torch":127,"minecraft:crafting_table":9,"minecraft:white_bed":1,"anthropology_items__structures:limestone":1,"minecraft:wooden_axe":52,"minecraft:chicken":6,"minecraft:iron_pickaxe":266,"travelersbackpack:white_sleeping_bag":1,"minecraft:wooden_sword":51,"minecraft:stone_axe":34,"minecraft:cobblestone":86,"minecraft:beef":2,"minecraft:furnace":6,"minecraft:cooked_beef":7},"minecraft:crafted":{"minecraft:cooked_beef":34,"minecraft:wooden_sword":1,"minecraft:oak_planks":8,"minecraft:cooked_porkchop":14,"minecraft:crafting_table":1,"minecraft:wooden_pickaxe":1,"minecraft:iron_helmet":1,"minecraft:iron_sword":1,"minecraft:furnace":2,"minecraft:stone_axe":1,"minecraft:cooked_mutton":9,"minecraft:air":0,"minecraft:jungle_planks":60,"travelersbackpack:white_sleeping_bag":1,"minecraft:iron_boots":1,"minecraft:iron_chestplate":1,"minecraft:shield":1,"minecraft:stick":68,"minecraft:iron_ingot":99,"minecraft:iron_pickaxe":2,"minecraft:stone_pickaxe":1,"minecraft:wooden_axe":2,"minecraft:chest":1,"minecraft:iron_leggings":1,"minecraft:white_bed":1,"minecraft:torch":168},"minecraft:picked_up":{"minecraft:crafting_table":8,"minecraft:feather":4,"minecraft:chicken":6,"minecraft:andesite":2,"minecraft:salmon":1,"minecraft:jungle_log":15,"minecraft:brown_wool":1,"minecraft:leather":16,"minecraft:potato":1,"minecraft:oak_log":6,"anthropology_items__structures:limestone":1,"minecraft:gunpowder":2,"minecraft:lapis_lazuli":12,"minecraft:string":23,"minecraft:bone":10,"minecraft:wheat_seeds":2,"minecraft:raw_gold":15,"minecraft:iron_ingot":8,"minecraft:beef":36,"minecraft:oak_planks":4,"minecraft:furnace":4,"minecraft:raw_iron":109,"wizards_reborn:arcanum":15,"minecraft:torch":2,"minecraft:gravel":1,"minecraft:porkchop":14,"minecraft:diorite":2,"minecraft:white_bed":1,"minecraft:redstone":16,"minecraft:spider_eye":1,"travelersbackpack:white_sleeping_bag":1,"minecraft:arrow":5,"minecraft:rotten_flesh":15,"wizards_reborn:arcanum_dust":9,"minecraft:granite":1,"minecraft:mutton":9,"minecraft:coal":106,"minecraft:white_wool":6,"minecraft:cobblestone":167},"minecraft:broken":{"minecraft:stone_pickaxe":1,"minecraft:wooden_sword":1,"minecraft:iron_pickaxe":1,"minecraft:wooden_axe":1}},"DataVersion":3465}