{"stats":{"minecraft:killed":{"minecraft:cave_spider":2,"minecraft:spider":8,"minecraft:skeleton":28,"minecraft:chicken":6,"minecraft:drowned":2,"minecraft:pig":8,"minecraft:salmon":1,"minecraft:frog":1,"minecraft:creeper":3,"minecraft:sheep":12,"minecraft:trader_llama":1,"minecraft:pillager":7,"minecraft:zombie":37,"minecraft:enderman":2,"minecraft:cow":18},"minecraft:crafted":{"minecraft:wooden_sword":1,"minecraft:oak_planks":48,"minecraft:tripwire_hook":2,"minecraft:furnace":4,"minecraft:cooked_mutton":14,"useless_sword:gold_iron_alloy_sword":1,"minecraft:glass":26,"travelersbackpack:white_sleeping_bag":1,"minecraft:iron_boots":2,"useless_sword:gold_ingot_and_iron_ingot":2,"minecraft:stone_pickaxe":1,"minecraft:chest":7,"minecraft:cooked_beef":34,"minecraft:red_dye":8,"minecraft:cooked_porkchop":17,"minecraft:crafting_table":4,"travelersbackpack:lapis":1,"minecraft:jungle_boat":2,"travelersbackpack:backpack_tank":4,"minecraft:iron_helmet":2,"minecraft:wooden_pickaxe":1,"travelersbackpack:standard":2,"minecraft:iron_sword":1,"minecraft:bucket":2,"minecraft:stone_axe":1,"minecraft:air":0,"minecraft:jungle_planks":116,"minecraft:jungle_door":3,"minecraft:white_wool":1,"minecraft:iron_chestplate":2,"minecraft:shield":1,"minecraft:stick":80,"minecraft:iron_ingot":99,"minecraft:iron_pickaxe":4,"minecraft:wooden_axe":3,"minecraft:gold_ingot":9,"minecraft:iron_leggings":2,"minecraft:white_bed":1,"minecraft:acacia_planks":36,"minecraft:torch":168,"useless_sword:gold_iron_alloy_ingot":2,"minecraft:lapis_block":4,"minecraft:trapped_chest":2},"minecraft:custom":{"minecraft:mob_kills":138,"minecraft:animals_bred":1,"minecraft:interact_with_crafting_table":90,"minecraft:open_barrel":1,"minecraft:leave_game":5,"minecraft:time_since_death":106652,"minecraft:climb_one_cm":18894,"minecraft:sprint_one_cm":628866,"minecraft:walk_one_cm":697447,"minecraft:damage_blocked_by_shield":1080,"minecraft:drop":70,"minecraft:talked_to_villager":15,"minecraft:play_time":320774,"minecraft:sneak_time":5110,"minecraft:deaths":1,"minecraft:walk_under_water_one_cm":42812,"minecraft:boat_one_cm":724135,"minecraft:jump":4124,"minecraft:walk_on_water_one_cm":52021,"minecraft:total_world_time":320774,"minecraft:interact_with_furnace":114,"minecraft:sleep_in_bed":5,"minecraft:time_since_rest":7272,"minecraft:damage_taken":4545,"minecraft:damage_dealt":22235,"minecraft:swim_one_cm":83110,"minecraft:fly_one_cm":1074615,"minecraft:open_chest":194,"minecraft:crouch_one_cm":12949,"minecraft:fall_one_cm":114593,"minecraft:interact_with_smoker":1,"minecraft:horse_one_cm":4393},"minecraft:mined":{"minecraft:white_bed":2,"anthropology_items__structures:limestone":5,"minecraft:spruce_trapdoor":2,"gravestone:gravestone":1,"minecraft:granite":24,"minecraft:chiseled_polished_blackstone":8,"minecraft:acacia_log":9,"minecraft:grass_block":4,"minecraft:jungle_planks":2,"minecraft:jungle_log":16,"minecraft:redstone_wire":4,"travelersbackpack:white_sleeping_bag":4,"minecraft:sandstone":7,"minecraft:mangrove_propagule":1,"minecraft:sandstone_stairs":2,"minecraft:polished_blackstone_bricks":5,"minecraft:tall_seagrass":2,"minecraft:redstone_ore":4,"minecraft:furnace":4,"minecraft:iron_ore":108,"wizards_reborn:deepslate_arcanum_ore":1,"minecraft:andesite":2,"minecraft:deepslate_lapis_ore":1,"minecraft:gold_block":64,"minecraft:vine":11,"minecraft:deepslate_iron_ore":2,"minecraft:azalea":1,"minecraft:stone":349,"minecraft:sandstone_slab":2,"minecraft:red_bed":2,"minecraft:kelp_plant":1,"minecraft:crafting_table":11,"minecraft:torch":2,"wizards_reborn:arcanum_ore":14,"minecraft:poppy":8,"minecraft:dead_bush":1,"minecraft:campfire":1,"minecraft:copper_ore":3,"minecraft:tall_grass":5,"minecraft:cobblestone":27,"minecraft:white_candle":4,"minecraft:deepslate_gold_ore":1,"minecraft:lapis_ore":11,"minecraft:polished_blackstone_brick_stairs":1,"minecraft:diorite":2,"minecraft:wall_torch":3,"minecraft:mud":2,"minecraft:redstone_torch":5,"minecraft:wheat":3,"minecraft:tnt":255,"minecraft:grass":105,"minecraft:oak_log":24,"minecraft:coal_ore":143,"minecraft:gravel":13,"minecraft:dirt":24,"minecraft:cobweb":22,"minecraft:gold_ore":15,"minecraft:oak_leaves":1,"minecraft:fern":3},"minecraft:picked_up":{"minecraft:wooden_axe":2,"minecraft:mud":2,"minecraft:charcoal":2,"minecraft:crafting_table":12,"minecraft:wheat":4,"minecraft:sandstone_slab":4,"minecraft:chicken":6,"minecraft:gold_block":57,"minecraft:string":82,"minecraft:red_bed":2,"minecraft:cobbled_deepslate":19,"minecraft:bucket":2,"travelersbackpack:lapis":1,"minecraft:beef":36,"minecraft:redstone_torch":6,"minecraft:poppy":8,"minecraft:light_gray_wool":1,"minecraft:chest":2,"minecraft:sugar_cane":2,"minecraft:spruce_trapdoor":2,"minecraft:furnace":5,"wizards_reborn:arcanum":107,"minecraft:stick":1,"minecraft:raw_iron":126,"minecraft:copper_ingot":1,"minecraft:torch":7,"minecraft:acacia_log":9,"minecraft:polished_blackstone_bricks":34,"minecraft:porkchop":17,"minecraft:diorite":2,"minecraft:redstone":75,"minecraft:tnt":381,"minecraft:arrow":44,"minecraft:rotten_flesh":40,"minecraft:sandstone_stairs":2,"minecraft:gold_ingot":39,"minecraft:mutton":20,"minecraft:white_wool":9,"minecraft:cobblestone":277,"minecraft:feather":4,"minecraft:andesite":2,"minecraft:salmon":1,"minecraft:jungle_log":15,"minecraft:brown_wool":2,"minecraft:leather":49,"minecraft:potato":1,"anthropology_items__structures:hunters_machete":2,"minecraft:oak_log":24,"anthropology_items__structures:limestone":1,"minecraft:gunpowder":6,"minecraft:lapis_lazuli":312,"minecraft:dirt":112,"minecraft:name_tag":2,"minecraft:bone":25,"minecraft:acacia_planks":12,"minecraft:kelp":2,"minecraft:bow":1,"minecraft:wheat_seeds":34,"minecraft:raw_gold":15,"minecraft:iron_ingot":65,"minecraft:rabbit":1,"minecraft:oak_planks":8,"minecraft:acacia_sapling":4,"minecraft:gravel":1,"minecraft:sand":11,"minecraft:jungle_planks":1,"minecraft:amethyst_shard":42,"minecraft:white_bed":2,"minecraft:spider_eye":3,"travelersbackpack:white_sleeping_bag":5,"travelersbackpack:standard":1,"minecraft:white_candle":16,"minecraft:diamond":14,"wizards_reborn:arcanum_dust":33,"minecraft:crossbow":1,"minecraft:granite":1,"minecraft:bread":26,"minecraft:oak_sapling":3,"minecraft:mangrove_propagule":1,"minecraft:coal":195,"minecraft:ender_pearl":1},"minecraft:dropped":{"minecraft:wheat_seeds":10,"minecraft:crafting_table":3,"anthropology_items__structures:hunters_machete":3,"minecraft:cooked_porkchop":14,"minecraft:sandstone_stairs":1,"minecraft:sandstone_slab":2,"minecraft:feather":4,"minecraft:cobblestone":1,"minecraft:granite":1,"minecraft:jungle_planks":6,"travelersbackpack:standard":2,"minecraft:dirt":42,"minecraft:mutton":5,"minecraft:wooden_axe":1,"minecraft:rabbit":1,"gravestone:obituary":1,"minecraft:sand":1,"minecraft:string":31,"minecraft:white_wool":3,"minecraft:bucket":2,"minecraft:gravel":1,"minecraft:kelp":2,"minecraft:compass":1,"minecraft:sugar_cane":2,"minecraft:wheat":2,"minecraft:rotten_flesh":16,"minecraft:light_gray_wool":1,"travelersbackpack:white_sleeping_bag":1,"minecraft:andesite":1,"minecraft:oak_sapling":2},"minecraft:broken":{"minecraft:wooden_pickaxe":1,"minecraft:stone_pickaxe":1,"minecraft:wooden_sword":1,"minecraft:iron_pickaxe":2,"minecraft:iron_helmet":1,"minecraft:wooden_axe":1},"minecraft:used":{"travelersbackpack:lapis":1,"minecraft:chest":7,"minecraft:shield":37,"minecraft:iron_sword":174,"minecraft:rotten_flesh":1,"minecraft:white_candle":16,"minecraft:torch":221,"minecraft:dirt":25,"minecraft:mutton":1,"minecraft:acacia_sapling":2,"anthropology_items__structures:limestone":1,"minecraft:wooden_axe":63,"minecraft:beef":2,"minecraft:furnace":8,"minecraft:cooked_beef":34,"minecraft:wheat_seeds":6,"minecraft:cooked_mutton":14,"minecraft:water_bucket":14,"minecraft:stone_pickaxe":131,"minecraft:wooden_pickaxe":59,"minecraft:jungle_boat":2,"anthropology_items__structures:hunters_machete":197,"minecraft:sand":10,"minecraft:crafting_table":13,"minecraft:white_bed":3,"minecraft:mud":2,"minecraft:chicken":6,"minecraft:iron_pickaxe":895,"minecraft:bread":21,"travelersbackpack:white_sleeping_bag":3,"minecraft:stone_axe":65,"minecraft:wooden_sword":51,"minecraft:cobblestone":342,"travelersbackpack:standard":1,"minecraft:cooked_porkchop":3,"minecraft:jungle_door":1,"minecraft:bucket":17}},"DataVersion":3465}