{"stats":{"minecraft:killed":{"minecraft:cave_spider":2,"minecraft:spider":16,"minecraft:skeleton":44,"minecraft:chicken":7,"minecraft:drowned":2,"minecraft:pig":15,"minecraft:salmon":1,"minecraft:bat":2,"minecraft:frog":1,"minecraft:creeper":9,"minecraft:sheep":21,"minecraft:trader_llama":1,"minecraft:pillager":7,"minecraft:zombie":73,"minecraft:enderman":4,"minecraft:cow":21},"minecraft:crafted":{"minecraft:wooden_sword":1,"minecraft:oak_planks":72,"minecraft:tripwire_hook":2,"minecraft:furnace":4,"minecraft:bone_meal":12,"minecraft:bookshelf":17,"minecraft:cooked_mutton":14,"minecraft:glass":26,"useless_sword:gold_iron_alloy_sword":1,"travelersbackpack:white_sleeping_bag":1,"minecraft:iron_boots":2,"useless_sword:gold_ingot_and_iron_ingot":2,"minecraft:stone_pickaxe":1,"minecraft:chest":7,"minecraft:cooked_beef":34,"minecraft:red_dye":8,"anthropology_items__structures:hunters_machete":1,"minecraft:cooked_porkchop":17,"minecraft:crafting_table":4,"travelersbackpack:lapis":1,"minecraft:enchanting_table":1,"minecraft:jungle_boat":2,"travelersbackpack:backpack_tank":4,"minecraft:iron_helmet":2,"minecraft:wooden_pickaxe":1,"travelersbackpack:standard":2,"minecraft:iron_sword":1,"minecraft:bucket":2,"minecraft:stone_axe":1,"minecraft:bread":5,"minecraft:air":0,"minecraft:jungle_planks":116,"minecraft:jungle_door":3,"minecraft:gold_nugget":90,"minecraft:book":14,"minecraft:paper":36,"minecraft:white_wool":1,"minecraft:iron_chestplate":2,"minecraft:shield":1,"minecraft:stick":120,"minecraft:iron_ingot":104,"minecraft:iron_pickaxe":5,"morebows:gold_bow":1,"minecraft:wooden_axe":3,"minecraft:iron_leggings":2,"minecraft:gold_ingot":9,"minecraft:white_bed":1,"minecraft:acacia_planks":104,"minecraft:torch":312,"useless_sword:gold_iron_alloy_ingot":2,"minecraft:lapis_block":4,"minecraft:trapped_chest":2,"minecraft:golden_carrot":14},"minecraft:custom":{"minecraft:mob_kills":233,"minecraft:animals_bred":1,"minecraft:interact_with_crafting_table":119,"minecraft:open_barrel":3,"minecraft:leave_game":6,"minecraft:time_since_death":224344,"minecraft:climb_one_cm":21163,"minecraft:sprint_one_cm":1040963,"minecraft:damage_blocked_by_shield":1305,"minecraft:walk_one_cm":1009954,"minecraft:drop":84,"minecraft:talked_to_villager":15,"minecraft:play_time":438466,"minecraft:sneak_time":5914,"minecraft:deaths":1,"minecraft:walk_under_water_one_cm":55698,"minecraft:boat_one_cm":724135,"minecraft:jump":6867,"minecraft:enchant_item":5,"minecraft:walk_on_water_one_cm":80725,"minecraft:total_world_time":438466,"minecraft:interact_with_furnace":131,"minecraft:interact_with_cartography_table":2,"minecraft:sleep_in_bed":7,"minecraft:time_since_rest":73742,"minecraft:damage_taken":7455,"minecraft:damage_dealt":37168,"minecraft:player_kills":1,"minecraft:swim_one_cm":114122,"minecraft:fly_one_cm":1551421,"minecraft:open_chest":286,"minecraft:crouch_one_cm":14915,"minecraft:fall_one_cm":199610,"minecraft:interact_with_smoker":1,"minecraft:horse_one_cm":4591},"minecraft:mined":{"minecraft:diamond_ore":1,"minecraft:tuff":20,"minecraft:white_bed":2,"anthropology_items__structures:limestone":6,"minecraft:mossy_cobblestone":2,"minecraft:deepslate_diamond_ore":1,"minecraft:spruce_trapdoor":2,"gravestone:gravestone":1,"minecraft:granite":24,"minecraft:chiseled_polished_blackstone":8,"minecraft:acacia_log":9,"minecraft:grass_block":16,"minecraft:jungle_planks":2,"minecraft:jungle_log":16,"minecraft:redstone_wire":4,"travelersbackpack:white_sleeping_bag":4,"minecraft:sandstone":7,"minecraft:mangrove_propagule":1,"minecraft:sandstone_stairs":2,"minecraft:polished_blackstone_bricks":5,"minecraft:tall_seagrass":2,"minecraft:redstone_ore":4,"minecraft:mossy_cobblestone_slab":1,"minecraft:mossy_cobblestone_stairs":2,"minecraft:furnace":4,"minecraft:carrots":29,"minecraft:fire":3,"minecraft:iron_ore":164,"wizards_reborn:deepslate_arcanum_ore":1,"minecraft:andesite":7,"minecraft:deepslate_lapis_ore":1,"minecraft:enchanting_table":1,"minecraft:gold_block":64,"minecraft:bookshelf":2,"minecraft:vine":11,"minecraft:deepslate_iron_ore":21,"minecraft:azalea":1,"minecraft:stone":372,"minecraft:sandstone_slab":2,"minecraft:red_bed":2,"minecraft:kelp_plant":1,"minecraft:crafting_table":11,"minecraft:torch":2,"wizards_reborn:arcanum_ore":14,"minecraft:poppy":8,"minecraft:melon":7,"minecraft:dead_bush":1,"minecraft:campfire":1,"minecraft:copper_ore":26,"minecraft:tall_grass":8,"minecraft:cobblestone":27,"minecraft:white_candle":5,"minecraft:deepslate_coal_ore":7,"minecraft:deepslate_gold_ore":1,"minecraft:lapis_ore":21,"minecraft:sugar_cane":103,"minecraft:polished_blackstone_brick_stairs":1,"minecraft:diorite":2,"minecraft:wall_torch":7,"minecraft:mud":2,"minecraft:redstone_torch":5,"minecraft:wheat":44,"minecraft:tnt":255,"minecraft:white_wall_banner":1,"minecraft:grass":173,"minecraft:oak_log":24,"minecraft:coal_ore":207,"minecraft:gravel":13,"minecraft:sand":2,"minecraft:dirt":26,"minecraft:cobweb":23,"minecraft:deepslate":33,"minecraft:gold_ore":22,"minecraft:oak_leaves":2,"minecraft:fern":8},"minecraft:picked_up":{"minecraft:wooden_axe":2,"minecraft:mud":2,"minecraft:charcoal":2,"minecraft:crafting_table":12,"minecraft:wheat":20,"minecraft:sandstone_slab":4,"minecraft:chicken":6,"minecraft:gold_block":57,"minecraft:raw_copper":81,"minecraft:string":93,"minecraft:red_bed":2,"minecraft:cobbled_deepslate":57,"minecraft:bucket":2,"travelersbackpack:lapis":1,"minecraft:beef":41,"minecraft:red_dye":1,"minecraft:redstone_torch":6,"minecraft:poppy":8,"minecraft:light_gray_wool":1,"minecraft:melon_slice":18,"minecraft:chest":2,"minecraft:sugar_cane":141,"minecraft:spruce_trapdoor":2,"minecraft:egg":1,"minecraft:furnace":5,"minecraft:stick":1,"minecraft:raw_iron":200,"wizards_reborn:arcanum":107,"minecraft:copper_ingot":1,"minecraft:torch":12,"minecraft:acacia_log":26,"minecraft:polished_blackstone_bricks":34,"minecraft:porkchop":31,"minecraft:diorite":2,"minecraft:carrot":99,"minecraft:redstone":75,"minecraft:tnt":381,"minecraft:arrow":63,"minecraft:rotten_flesh":69,"minecraft:sandstone_stairs":2,"minecraft:gold_ingot":39,"minecraft:mutton":20,"minecraft:white_wool":18,"minecraft:cobblestone":294,"minecraft:enchanting_table":1,"minecraft:mossy_cobblestone_slab":1,"minecraft:feather":6,"minecraft:andesite":6,"minecraft:salmon":1,"minecraft:jungle_log":15,"minecraft:brown_wool":2,"minecraft:leather":51,"minecraft:potato":2,"minecraft:flint":2,"minecraft:tuff":20,"anthropology_items__structures:hunters_machete":2,"minecraft:oak_log":24,"anthropology_items__structures:limestone":2,"minecraft:white_banner":1,"minecraft:gunpowder":15,"minecraft:lapis_lazuli":374,"minecraft:dirt":149,"minecraft:name_tag":2,"minecraft:cooked_mutton":14,"minecraft:bone":39,"minecraft:acacia_planks":12,"minecraft:kelp":2,"minecraft:bow":4,"minecraft:wheat_seeds":118,"minecraft:raw_gold":22,"minecraft:cooked_chicken":1,"minecraft:iron_ingot":65,"minecraft:rabbit":1,"minecraft:oak_planks":8,"minecraft:acacia_sapling":4,"minecraft:book":6,"minecraft:gravel":12,"minecraft:sand":13,"minecraft:jungle_planks":1,"minecraft:amethyst_shard":42,"minecraft:white_bed":2,"minecraft:grass_block":1,"minecraft:mossy_cobblestone":2,"minecraft:spider_eye":4,"travelersbackpack:white_sleeping_bag":5,"travelersbackpack:standard":1,"minecraft:white_candle":20,"minecraft:diamond":18,"wizards_reborn:arcanum_dust":33,"minecraft:crossbow":1,"minecraft:granite":1,"minecraft:gray_wool":1,"minecraft:mossy_cobblestone_stairs":2,"minecraft:bread":26,"minecraft:oak_sapling":3,"minecraft:mangrove_propagule":1,"minecraft:coal":252,"minecraft:ender_pearl":2},"minecraft:dropped":{"minecraft:wheat_seeds":12,"minecraft:mossy_cobblestone":2,"anthropology_items__structures:hunters_machete":3,"minecraft:crafting_table":3,"minecraft:cooked_porkchop":14,"minecraft:sandstone_stairs":1,"minecraft:sandstone_slab":2,"minecraft:feather":6,"minecraft:cobblestone":1,"minecraft:granite":1,"minecraft:jungle_planks":7,"travelersbackpack:standard":2,"minecraft:dirt":44,"minecraft:golden_carrot":1,"minecraft:mutton":5,"minecraft:wooden_axe":1,"minecraft:rabbit":1,"gravestone:obituary":1,"minecraft:sand":1,"minecraft:string":31,"minecraft:white_wool":3,"minecraft:bucket":2,"minecraft:gravel":1,"minecraft:kelp":2,"minecraft:compass":1,"minecraft:sugar_cane":2,"minecraft:spyglass":1,"minecraft:cobbled_deepslate":27,"minecraft:wheat":2,"minecraft:rotten_flesh":28,"minecraft:light_gray_wool":1,"travelersbackpack:white_sleeping_bag":1,"minecraft:andesite":3,"minecraft:oak_sapling":2,"minecraft:bow":2},"minecraft:broken":{"minecraft:wooden_pickaxe":1,"minecraft:stone_pickaxe":1,"minecraft:wooden_sword":1,"minecraft:iron_pickaxe":3,"minecraft:iron_helmet":2,"minecraft:wooden_axe":1},"minecraft:used":{"minecraft:enchanting_table":2,"travelersbackpack:lapis":1,"minecraft:chest":7,"minecraft:shield":46,"minecraft:iron_sword":174,"minecraft:rotten_flesh":1,"minecraft:white_candle":20,"minecraft:torch":355,"minecraft:spyglass":3,"minecraft:dirt":25,"minecraft:mutton":1,"minecraft:carrot":112,"minecraft:acacia_sapling":2,"minecraft:tuff":9,"anthropology_items__structures:limestone":2,"minecraft:mossy_cobblestone_stairs":2,"minecraft:wooden_axe":63,"minecraft:lava_bucket":3,"minecraft:bookshelf":17,"minecraft:grass_block":1,"minecraft:mossy_cobblestone_slab":1,"minecraft:golden_carrot":18,"minecraft:beef":2,"minecraft:furnace":8,"minecraft:cooked_beef":34,"minecraft:cobbled_deepslate":3,"minecraft:cooked_mutton":14,"minecraft:wheat_seeds":21,"minecraft:water_bucket":23,"minecraft:stone_pickaxe":131,"minecraft:ender_pearl":1,"minecraft:wooden_pickaxe":59,"minecraft:jungle_boat":2,"anthropology_items__structures:hunters_machete":537,"minecraft:sand":12,"minecraft:crafting_table":13,"minecraft:white_bed":3,"minecraft:mud":2,"morebows:gold_bow":16,"minecraft:chicken":6,"minecraft:iron_pickaxe":1175,"minecraft:bread":62,"travelersbackpack:white_sleeping_bag":3,"minecraft:gravel":11,"minecraft:stone_axe":80,"minecraft:wooden_sword":51,"minecraft:cobblestone":354,"travelersbackpack:standard":1,"minecraft:white_banner":3,"minecraft:jungle_door":1,"minecraft:cooked_porkchop":3,"minecraft:andesite":2,"minecraft:bucket":31,"minecraft:bone_meal":12}},"DataVersion":3465}