{"stats":{"minecraft:killed":{"minecraft:cave_spider":2,"minecraft:spider":6,"minecraft:skeleton":21,"minecraft:chicken":6,"minecraft:drowned":1,"minecraft:pig":7,"minecraft:salmon":1,"minecraft:frog":1,"minecraft:creeper":3,"minecraft:sheep":7,"minecraft:trader_llama":1,"minecraft:pillager":6,"minecraft:zombie":25,"minecraft:enderman":1,"minecraft:cow":18},"minecraft:dropped":{"minecraft:wheat_seeds":3,"anthropology_items__structures:hunters_machete":1,"minecraft:cooked_porkchop":14,"minecraft:feather":4,"minecraft:cobblestone":1,"minecraft:granite":1,"minecraft:jungle_planks":6,"travelersbackpack:standard":2,"minecraft:dirt":41,"minecraft:string":28,"minecraft:bucket":2,"minecraft:gravel":1,"travelersbackpack:white_sleeping_bag":1,"minecraft:andesite":1,"minecraft:oak_sapling":2},"minecraft:custom":{"minecraft:mob_kills":107,"minecraft:animals_bred":1,"minecraft:interact_with_crafting_table":76,"minecraft:open_barrel":1,"minecraft:leave_game":3,"minecraft:time_since_death":200219,"minecraft:climb_one_cm":13075,"minecraft:sprint_one_cm":392947,"minecraft:walk_one_cm":512404,"minecraft:damage_blocked_by_shield":680,"minecraft:drop":23,"minecraft:talked_to_villager":15,"minecraft:play_time":200219,"minecraft:sneak_time":4320,"minecraft:walk_under_water_one_cm":25060,"minecraft:boat_one_cm":273286,"minecraft:jump":2777,"minecraft:walk_on_water_one_cm":36473,"minecraft:total_world_time":200219,"minecraft:interact_with_furnace":90,"minecraft:sleep_in_bed":1,"minecraft:time_since_rest":174874,"minecraft:damage_taken":2937,"minecraft:damage_dealt":16331,"minecraft:swim_one_cm":63084,"minecraft:fly_one_cm":413201,"minecraft:open_chest":81,"minecraft:crouch_one_cm":10923,"minecraft:interact_with_smoker":1,"minecraft:fall_one_cm":73866,"minecraft:horse_one_cm":4393},"minecraft:mined":{"anthropology_items__structures:limestone":5,"minecraft:white_bed":2,"minecraft:spruce_trapdoor":2,"minecraft:granite":24,"minecraft:acacia_log":9,"minecraft:grass_block":3,"minecraft:jungle_planks":2,"minecraft:jungle_log":16,"travelersbackpack:white_sleeping_bag":4,"minecraft:mangrove_propagule":1,"minecraft:sandstone":7,"minecraft:sandstone_stairs":2,"minecraft:tall_seagrass":2,"minecraft:redstone_ore":4,"minecraft:furnace":4,"minecraft:iron_ore":108,"wizards_reborn:deepslate_arcanum_ore":1,"minecraft:andesite":2,"minecraft:deepslate_lapis_ore":1,"minecraft:gold_block":1,"minecraft:deepslate_iron_ore":2,"minecraft:vine":10,"minecraft:azalea":1,"minecraft:stone":346,"minecraft:sandstone_slab":2,"minecraft:red_bed":2,"minecraft:crafting_table":9,"minecraft:torch":2,"wizards_reborn:arcanum_ore":14,"minecraft:campfire":1,"minecraft:tall_grass":4,"minecraft:copper_ore":3,"minecraft:cobblestone":27,"minecraft:white_candle":1,"minecraft:lapis_ore":11,"minecraft:deepslate_gold_ore":1,"minecraft:diorite":2,"minecraft:wall_torch":1,"minecraft:mud":2,"minecraft:wheat":1,"minecraft:grass":84,"minecraft:oak_log":12,"minecraft:coal_ore":136,"minecraft:gravel":13,"minecraft:dirt":24,"minecraft:cobweb":22,"minecraft:gold_ore":15,"minecraft:oak_leaves":1,"minecraft:fern":3},"minecraft:used":{"minecraft:chest":7,"minecraft:shield":26,"minecraft:iron_sword":174,"minecraft:rotten_flesh":1,"minecraft:torch":165,"minecraft:dirt":24,"minecraft:acacia_sapling":2,"anthropology_items__structures:limestone":1,"minecraft:wooden_axe":52,"minecraft:beef":2,"minecraft:furnace":8,"minecraft:cooked_beef":32,"minecraft:wheat_seeds":4,"minecraft:cooked_mutton":9,"minecraft:stone_pickaxe":131,"minecraft:wooden_pickaxe":59,"minecraft:jungle_boat":1,"anthropology_items__structures:hunters_machete":75,"minecraft:crafting_table":11,"minecraft:white_bed":3,"minecraft:mud":2,"minecraft:bread":1,"minecraft:chicken":6,"minecraft:iron_pickaxe":542,"travelersbackpack:white_sleeping_bag":3,"minecraft:stone_axe":58,"minecraft:wooden_sword":51,"minecraft:cobblestone":342,"travelersbackpack:standard":1,"minecraft:jungle_door":1,"minecraft:bucket":3},"minecraft:crafted":{"minecraft:wooden_sword":1,"minecraft:oak_planks":24,"minecraft:tripwire_hook":2,"minecraft:furnace":4,"minecraft:cooked_mutton":9,"minecraft:glass":26,"travelersbackpack:white_sleeping_bag":1,"minecraft:iron_boots":1,"minecraft:stone_pickaxe":1,"minecraft:chest":7,"minecraft:cooked_beef":34,"minecraft:cooked_porkchop":14,"minecraft:crafting_table":3,"travelersbackpack:lapis":1,"minecraft:jungle_boat":1,"travelersbackpack:backpack_tank":4,"minecraft:iron_helmet":1,"minecraft:wooden_pickaxe":1,"travelersbackpack:standard":2,"minecraft:iron_sword":1,"minecraft:bucket":2,"minecraft:stone_axe":1,"minecraft:air":0,"minecraft:jungle_planks":116,"minecraft:jungle_door":3,"minecraft:white_wool":1,"minecraft:iron_chestplate":1,"minecraft:shield":1,"minecraft:stick":68,"minecraft:iron_ingot":99,"minecraft:iron_pickaxe":3,"minecraft:wooden_axe":2,"minecraft:iron_leggings":1,"minecraft:white_bed":1,"minecraft:acacia_planks":36,"minecraft:torch":168,"minecraft:lapis_block":4,"minecraft:trapped_chest":2},"minecraft:picked_up":{"minecraft:wooden_axe":2,"minecraft:mud":2,"minecraft:charcoal":2,"minecraft:crafting_table":9,"minecraft:sandstone_slab":2,"minecraft:chicken":6,"minecraft:string":81,"minecraft:red_bed":2,"minecraft:cobbled_deepslate":19,"minecraft:bucket":1,"minecraft:beef":36,"minecraft:sugar_cane":1,"minecraft:chest":2,"minecraft:spruce_trapdoor":2,"minecraft:furnace":5,"minecraft:stick":1,"minecraft:raw_iron":126,"wizards_reborn:arcanum":107,"minecraft:acacia_log":9,"minecraft:torch":5,"minecraft:porkchop":14,"minecraft:diorite":2,"minecraft:redstone":73,"minecraft:rotten_flesh":24,"minecraft:arrow":37,"minecraft:sandstone_stairs":1,"minecraft:gold_ingot":39,"minecraft:mutton":9,"minecraft:white_wool":6,"minecraft:cobblestone":274,"minecraft:feather":4,"minecraft:andesite":2,"minecraft:salmon":1,"minecraft:jungle_log":15,"minecraft:brown_wool":2,"minecraft:leather":49,"minecraft:potato":1,"minecraft:oak_log":12,"anthropology_items__structures:limestone":1,"minecraft:gunpowder":6,"minecraft:lapis_lazuli":312,"minecraft:dirt":111,"minecraft:name_tag":2,"minecraft:bone":19,"minecraft:acacia_planks":12,"minecraft:bow":1,"minecraft:wheat_seeds":24,"minecraft:raw_gold":15,"minecraft:iron_ingot":65,"minecraft:acacia_sapling":4,"minecraft:oak_planks":8,"minecraft:jungle_planks":1,"minecraft:gravel":1,"minecraft:sand":11,"minecraft:amethyst_shard":42,"minecraft:white_bed":2,"minecraft:spider_eye":2,"travelersbackpack:white_sleeping_bag":5,"travelersbackpack:standard":1,"minecraft:white_candle":4,"minecraft:diamond":14,"wizards_reborn:arcanum_dust":33,"minecraft:crossbow":1,"minecraft:granite":1,"minecraft:mangrove_propagule":1,"minecraft:oak_sapling":3,"minecraft:coal":188},"minecraft:broken":{"minecraft:wooden_pickaxe":1,"minecraft:stone_pickaxe":1,"minecraft:wooden_sword":1,"minecraft:iron_pickaxe":2,"minecraft:wooden_axe":1}},"DataVersion":3465}