{"stats":{"minecraft:crafted":{"minecraft:bowl":16,"minecraft:mushroom_stew":13,"minecraft:birch_planks":48,"minecraft:crafting_table":1,"minecraft:stick":4,"minecraft:wooden_pickaxe":1,"minecraft:wooden_axe":1},"minecraft:killed":{"minecraft:sheep":2},"minecraft:mined":{"minecraft:grass_block":2,"minecraft:grass":7,"minecraft:mushroom_stem":7,"minecraft:brown_mushroom_block":45,"minecraft:birch_log":12,"minecraft:tall_grass":1,"minecraft:red_mushroom_block":23,"minecraft:dark_oak_log":8,"minecraft:crafting_table":2},"minecraft:dropped":{"minecraft:mushroom_stew":11},"minecraft:used":{"minecraft:wooden_axe":41,"minecraft:mutton":2,"minecraft:crafting_table":2,"minecraft:mushroom_stew":2},"minecraft:custom":{"minecraft:time_since_rest":12042,"minecraft:play_time":12042,"minecraft:sprint_one_cm":27836,"minecraft:damage_taken":40,"minecraft:walk_one_cm":24783,"minecraft:sneak_time":18,"minecraft:mob_kills":2,"minecraft:drop":11,"minecraft:jump":273,"minecraft:damage_dealt":160,"minecraft:leave_game":1,"minecraft:time_since_death":12042,"minecraft:total_world_time":12042,"minecraft:fall_one_cm":8707,"minecraft:interact_with_crafting_table":7,"minecraft:fly_one_cm":52119},"minecraft:picked_up":{"minecraft:birch_log":12,"minecraft:crafting_table":2,"minecraft:brown_mushroom":13,"minecraft:wheat_seeds":1,"minecraft:red_mushroom":17,"minecraft:dirt":2,"minecraft:dark_oak_log":7,"minecraft:black_wool":1,"minecraft:mutton":4,"minecraft:white_wool":1}},"DataVersion":3465}