{"stats":{"minecraft:killed":{"minecraft:cave_spider":2,"minecraft:spider":5,"minecraft:skeleton":18,"minecraft:chicken":6,"minecraft:pig":7,"minecraft:salmon":1,"minecraft:creeper":3,"minecraft:sheep":7,"minecraft:trader_llama":1,"minecraft:zombie":21,"minecraft:enderman":1,"minecraft:cow":18},"minecraft:dropped":{"minecraft:wheat_seeds":3,"anthropology_items__structures:hunters_machete":1,"minecraft:cooked_porkchop":14,"minecraft:feather":4,"minecraft:cobblestone":1,"minecraft:granite":1,"minecraft:jungle_planks":6,"travelersbackpack:standard":2,"minecraft:dirt":41,"minecraft:string":28,"minecraft:bucket":2,"minecraft:gravel":1,"travelersbackpack:white_sleeping_bag":1,"minecraft:andesite":1,"minecraft:oak_sapling":2},"minecraft:custom":{"minecraft:mob_kills":90,"minecraft:interact_with_crafting_table":74,"minecraft:open_barrel":1,"minecraft:leave_game":3,"minecraft:time_since_death":176219,"minecraft:climb_one_cm":7864,"minecraft:sprint_one_cm":331830,"minecraft:walk_one_cm":466975,"minecraft:damage_blocked_by_shield":240,"minecraft:drop":23,"minecraft:talked_to_villager":15,"minecraft:play_time":176219,"minecraft:sneak_time":4165,"minecraft:walk_under_water_one_cm":19852,"minecraft:jump":2426,"minecraft:walk_on_water_one_cm":15449,"minecraft:total_world_time":176219,"minecraft:interact_with_furnace":90,"minecraft:sleep_in_bed":1,"minecraft:time_since_rest":150874,"minecraft:damage_taken":2245,"minecraft:damage_dealt":13472,"minecraft:swim_one_cm":32108,"minecraft:fly_one_cm":346338,"minecraft:open_chest":75,"minecraft:crouch_one_cm":10690,"minecraft:interact_with_smoker":1,"minecraft:fall_one_cm":65876,"minecraft:horse_one_cm":4393},"minecraft:mined":{"anthropology_items__structures:limestone":5,"minecraft:white_bed":2,"minecraft:granite":24,"minecraft:acacia_log":9,"minecraft:grass_block":3,"minecraft:jungle_log":16,"travelersbackpack:white_sleeping_bag":4,"minecraft:mangrove_propagule":1,"minecraft:sandstone":7,"minecraft:sandstone_stairs":2,"minecraft:redstone_ore":4,"minecraft:furnace":4,"minecraft:iron_ore":108,"wizards_reborn:deepslate_arcanum_ore":1,"minecraft:andesite":2,"minecraft:deepslate_lapis_ore":1,"minecraft:gold_block":1,"minecraft:deepslate_iron_ore":2,"minecraft:vine":5,"minecraft:stone":346,"minecraft:sandstone_slab":2,"minecraft:red_bed":2,"minecraft:crafting_table":8,"minecraft:torch":2,"wizards_reborn:arcanum_ore":14,"minecraft:campfire":1,"minecraft:copper_ore":3,"minecraft:cobblestone":27,"minecraft:white_candle":1,"minecraft:lapis_ore":11,"minecraft:deepslate_gold_ore":1,"minecraft:diorite":2,"minecraft:wall_torch":1,"minecraft:wheat":1,"minecraft:grass":81,"minecraft:oak_log":12,"minecraft:coal_ore":136,"minecraft:gravel":13,"minecraft:dirt":24,"minecraft:cobweb":22,"minecraft:gold_ore":15,"minecraft:oak_leaves":1,"minecraft:fern":3},"minecraft:used":{"minecraft:chest":7,"minecraft:shield":11,"minecraft:iron_sword":174,"minecraft:rotten_flesh":1,"minecraft:torch":142,"minecraft:dirt":24,"minecraft:acacia_sapling":2,"anthropology_items__structures:limestone":1,"minecraft:wooden_axe":52,"minecraft:beef":2,"minecraft:furnace":8,"minecraft:cooked_beef":25,"minecraft:wheat_seeds":4,"minecraft:cooked_mutton":9,"minecraft:stone_pickaxe":131,"minecraft:wooden_pickaxe":59,"anthropology_items__structures:hunters_machete":7,"minecraft:crafting_table":10,"minecraft:white_bed":3,"minecraft:chicken":6,"minecraft:iron_pickaxe":542,"travelersbackpack:white_sleeping_bag":3,"minecraft:stone_axe":50,"minecraft:wooden_sword":51,"minecraft:cobblestone":342,"travelersbackpack:standard":1,"minecraft:jungle_door":1,"minecraft:bucket":3},"minecraft:crafted":{"minecraft:wooden_sword":1,"minecraft:oak_planks":24,"minecraft:tripwire_hook":2,"minecraft:furnace":4,"minecraft:cooked_mutton":9,"minecraft:glass":26,"travelersbackpack:white_sleeping_bag":1,"minecraft:iron_boots":1,"minecraft:stone_pickaxe":1,"minecraft:chest":7,"minecraft:cooked_beef":34,"minecraft:cooked_porkchop":14,"minecraft:crafting_table":2,"travelersbackpack:lapis":1,"travelersbackpack:backpack_tank":4,"minecraft:iron_helmet":1,"minecraft:wooden_pickaxe":1,"travelersbackpack:standard":2,"minecraft:iron_sword":1,"minecraft:bucket":2,"minecraft:stone_axe":1,"minecraft:air":0,"minecraft:jungle_planks":116,"minecraft:jungle_door":3,"minecraft:white_wool":1,"minecraft:iron_chestplate":1,"minecraft:shield":1,"minecraft:stick":68,"minecraft:iron_ingot":99,"minecraft:iron_pickaxe":3,"minecraft:wooden_axe":2,"minecraft:iron_leggings":1,"minecraft:white_bed":1,"minecraft:acacia_planks":36,"minecraft:torch":168,"minecraft:lapis_block":4,"minecraft:trapped_chest":2},"minecraft:picked_up":{"minecraft:wooden_axe":2,"minecraft:charcoal":2,"minecraft:crafting_table":8,"minecraft:sandstone_slab":2,"minecraft:chicken":6,"minecraft:string":79,"minecraft:red_bed":2,"minecraft:cobbled_deepslate":19,"minecraft:bucket":1,"minecraft:beef":36,"minecraft:chest":2,"minecraft:furnace":5,"minecraft:raw_iron":126,"wizards_reborn:arcanum":107,"minecraft:acacia_log":9,"minecraft:torch":5,"minecraft:porkchop":14,"minecraft:diorite":2,"minecraft:redstone":73,"minecraft:rotten_flesh":19,"minecraft:arrow":33,"minecraft:sandstone_stairs":1,"minecraft:gold_ingot":39,"minecraft:mutton":9,"minecraft:white_wool":6,"minecraft:cobblestone":274,"minecraft:feather":4,"minecraft:andesite":2,"minecraft:salmon":1,"minecraft:jungle_log":15,"minecraft:brown_wool":2,"minecraft:leather":49,"minecraft:potato":1,"minecraft:oak_log":12,"anthropology_items__structures:limestone":1,"minecraft:gunpowder":6,"minecraft:lapis_lazuli":312,"minecraft:dirt":111,"minecraft:name_tag":2,"minecraft:bone":17,"minecraft:acacia_planks":12,"minecraft:bow":1,"minecraft:wheat_seeds":23,"minecraft:raw_gold":15,"minecraft:iron_ingot":65,"minecraft:acacia_sapling":4,"minecraft:oak_planks":8,"minecraft:gravel":1,"minecraft:sand":1,"minecraft:amethyst_shard":42,"minecraft:white_bed":2,"minecraft:spider_eye":2,"travelersbackpack:white_sleeping_bag":5,"travelersbackpack:standard":1,"minecraft:white_candle":4,"minecraft:diamond":14,"wizards_reborn:arcanum_dust":33,"minecraft:granite":1,"minecraft:mangrove_propagule":1,"minecraft:oak_sapling":3,"minecraft:coal":188},"minecraft:broken":{"minecraft:wooden_pickaxe":1,"minecraft:stone_pickaxe":1,"minecraft:wooden_sword":1,"minecraft:iron_pickaxe":2,"minecraft:wooden_axe":1}},"DataVersion":3465}