{"stats":{"minecraft:killed":{"minecraft:cave_spider":2,"minecraft:spider":10,"minecraft:skeleton":29,"minecraft:chicken":6,"minecraft:drowned":2,"minecraft:pig":15,"minecraft:salmon":1,"minecraft:frog":1,"minecraft:creeper":3,"minecraft:sheep":12,"minecraft:trader_llama":1,"minecraft:pillager":7,"minecraft:zombie":48,"minecraft:enderman":2,"minecraft:cow":21},"minecraft:crafted":{"minecraft:wooden_sword":1,"minecraft:oak_planks":48,"minecraft:tripwire_hook":2,"minecraft:furnace":4,"minecraft:cooked_mutton":14,"minecraft:glass":26,"useless_sword:gold_iron_alloy_sword":1,"travelersbackpack:white_sleeping_bag":1,"minecraft:iron_boots":2,"useless_sword:gold_ingot_and_iron_ingot":2,"minecraft:stone_pickaxe":1,"minecraft:chest":7,"minecraft:cooked_beef":34,"minecraft:red_dye":8,"minecraft:cooked_porkchop":17,"minecraft:crafting_table":4,"travelersbackpack:lapis":1,"minecraft:jungle_boat":2,"travelersbackpack:backpack_tank":4,"minecraft:iron_helmet":2,"minecraft:wooden_pickaxe":1,"travelersbackpack:standard":2,"minecraft:iron_sword":1,"minecraft:bucket":2,"minecraft:stone_axe":1,"minecraft:air":0,"minecraft:jungle_planks":116,"minecraft:jungle_door":3,"minecraft:white_wool":1,"minecraft:iron_chestplate":2,"minecraft:shield":1,"minecraft:stick":88,"minecraft:iron_ingot":99,"minecraft:iron_pickaxe":4,"minecraft:wooden_axe":3,"minecraft:iron_leggings":2,"minecraft:gold_ingot":9,"minecraft:white_bed":1,"minecraft:acacia_planks":36,"minecraft:torch":180,"useless_sword:gold_iron_alloy_ingot":2,"minecraft:lapis_block":4,"minecraft:trapped_chest":2},"minecraft:custom":{"minecraft:mob_kills":162,"minecraft:animals_bred":1,"minecraft:interact_with_crafting_table":91,"minecraft:open_barrel":3,"minecraft:leave_game":6,"minecraft:time_since_death":140344,"minecraft:climb_one_cm":20469,"minecraft:sprint_one_cm":757066,"minecraft:damage_blocked_by_shield":1165,"minecraft:walk_one_cm":779809,"minecraft:drop":71,"minecraft:talked_to_villager":15,"minecraft:play_time":354466,"minecraft:sneak_time":5715,"minecraft:deaths":1,"minecraft:walk_under_water_one_cm":50164,"minecraft:boat_one_cm":724135,"minecraft:jump":5147,"minecraft:walk_on_water_one_cm":64503,"minecraft:total_world_time":354466,"minecraft:interact_with_furnace":117,"minecraft:sleep_in_bed":5,"minecraft:time_since_rest":40964,"minecraft:damage_taken":5556,"minecraft:damage_dealt":26158,"minecraft:player_kills":1,"minecraft:swim_one_cm":100389,"minecraft:fly_one_cm":1252868,"minecraft:open_chest":204,"minecraft:crouch_one_cm":14236,"minecraft:fall_one_cm":148416,"minecraft:interact_with_smoker":1,"minecraft:horse_one_cm":4393},"minecraft:mined":{"minecraft:tuff":20,"minecraft:white_bed":2,"anthropology_items__structures:limestone":5,"minecraft:deepslate_diamond_ore":1,"minecraft:spruce_trapdoor":2,"gravestone:gravestone":1,"minecraft:granite":24,"minecraft:chiseled_polished_blackstone":8,"minecraft:acacia_log":9,"minecraft:grass_block":4,"minecraft:jungle_planks":2,"minecraft:jungle_log":16,"minecraft:redstone_wire":4,"travelersbackpack:white_sleeping_bag":4,"minecraft:sandstone":7,"minecraft:mangrove_propagule":1,"minecraft:sandstone_stairs":2,"minecraft:polished_blackstone_bricks":5,"minecraft:tall_seagrass":2,"minecraft:redstone_ore":4,"minecraft:furnace":4,"minecraft:fire":3,"minecraft:iron_ore":113,"wizards_reborn:deepslate_arcanum_ore":1,"minecraft:andesite":2,"minecraft:deepslate_lapis_ore":1,"minecraft:gold_block":64,"minecraft:vine":11,"minecraft:deepslate_iron_ore":21,"minecraft:azalea":1,"minecraft:stone":360,"minecraft:sandstone_slab":2,"minecraft:red_bed":2,"minecraft:kelp_plant":1,"minecraft:crafting_table":11,"minecraft:torch":2,"wizards_reborn:arcanum_ore":14,"minecraft:poppy":8,"minecraft:melon":7,"minecraft:dead_bush":1,"minecraft:campfire":1,"minecraft:copper_ore":26,"minecraft:tall_grass":5,"minecraft:cobblestone":27,"minecraft:white_candle":4,"minecraft:deepslate_coal_ore":7,"minecraft:deepslate_gold_ore":1,"minecraft:lapis_ore":16,"minecraft:polished_blackstone_brick_stairs":1,"minecraft:diorite":2,"minecraft:wall_torch":4,"minecraft:mud":2,"minecraft:redstone_torch":5,"minecraft:wheat":3,"minecraft:tnt":255,"minecraft:grass":121,"minecraft:oak_log":24,"minecraft:coal_ore":190,"minecraft:gravel":13,"minecraft:dirt":24,"minecraft:cobweb":22,"minecraft:deepslate":14,"minecraft:gold_ore":15,"minecraft:oak_leaves":2,"minecraft:fern":8},"minecraft:picked_up":{"minecraft:wooden_axe":2,"minecraft:mud":2,"minecraft:charcoal":2,"minecraft:crafting_table":12,"minecraft:wheat":4,"minecraft:sandstone_slab":4,"minecraft:chicken":6,"minecraft:gold_block":57,"minecraft:raw_copper":81,"minecraft:string":84,"minecraft:red_bed":2,"minecraft:cobbled_deepslate":30,"minecraft:bucket":2,"travelersbackpack:lapis":1,"minecraft:beef":41,"minecraft:red_dye":1,"minecraft:redstone_torch":6,"minecraft:poppy":8,"minecraft:light_gray_wool":1,"minecraft:melon_slice":18,"minecraft:chest":2,"minecraft:sugar_cane":2,"minecraft:spruce_trapdoor":2,"minecraft:egg":1,"minecraft:furnace":5,"minecraft:stick":1,"minecraft:raw_iron":146,"wizards_reborn:arcanum":107,"minecraft:copper_ingot":1,"minecraft:torch":8,"minecraft:acacia_log":9,"minecraft:polished_blackstone_bricks":34,"minecraft:porkchop":31,"minecraft:diorite":2,"minecraft:redstone":75,"minecraft:tnt":381,"minecraft:arrow":45,"minecraft:rotten_flesh":46,"minecraft:sandstone_stairs":2,"minecraft:gold_ingot":39,"minecraft:mutton":20,"minecraft:white_wool":9,"minecraft:cobblestone":286,"minecraft:feather":4,"minecraft:andesite":2,"minecraft:salmon":1,"minecraft:jungle_log":15,"minecraft:brown_wool":2,"minecraft:leather":51,"minecraft:potato":2,"minecraft:tuff":20,"anthropology_items__structures:hunters_machete":2,"minecraft:oak_log":24,"anthropology_items__structures:limestone":1,"minecraft:gunpowder":6,"minecraft:lapis_lazuli":340,"minecraft:dirt":112,"minecraft:name_tag":2,"minecraft:bone":25,"minecraft:acacia_planks":12,"minecraft:kelp":2,"minecraft:bow":1,"minecraft:wheat_seeds":34,"minecraft:raw_gold":15,"minecraft:iron_ingot":65,"minecraft:rabbit":1,"minecraft:oak_planks":8,"minecraft:acacia_sapling":4,"minecraft:gravel":1,"minecraft:sand":11,"minecraft:jungle_planks":1,"minecraft:amethyst_shard":42,"minecraft:white_bed":2,"minecraft:spider_eye":3,"travelersbackpack:white_sleeping_bag":5,"travelersbackpack:standard":1,"minecraft:white_candle":16,"minecraft:diamond":15,"wizards_reborn:arcanum_dust":33,"minecraft:crossbow":1,"minecraft:granite":1,"minecraft:bread":26,"minecraft:oak_sapling":3,"minecraft:mangrove_propagule":1,"minecraft:coal":236,"minecraft:ender_pearl":1},"minecraft:dropped":{"minecraft:wheat_seeds":10,"anthropology_items__structures:hunters_machete":3,"minecraft:crafting_table":3,"minecraft:cooked_porkchop":14,"minecraft:sandstone_stairs":1,"minecraft:sandstone_slab":2,"minecraft:feather":4,"minecraft:cobblestone":1,"minecraft:granite":1,"minecraft:jungle_planks":6,"travelersbackpack:standard":2,"minecraft:dirt":42,"minecraft:mutton":5,"minecraft:wooden_axe":1,"minecraft:rabbit":1,"gravestone:obituary":1,"minecraft:sand":1,"minecraft:string":31,"minecraft:white_wool":3,"minecraft:bucket":2,"minecraft:gravel":1,"minecraft:kelp":2,"minecraft:compass":1,"minecraft:sugar_cane":2,"minecraft:spyglass":1,"minecraft:wheat":2,"minecraft:rotten_flesh":16,"minecraft:light_gray_wool":1,"travelersbackpack:white_sleeping_bag":1,"minecraft:andesite":1,"minecraft:oak_sapling":2},"minecraft:broken":{"minecraft:wooden_pickaxe":1,"minecraft:stone_pickaxe":1,"minecraft:wooden_sword":1,"minecraft:iron_pickaxe":3,"minecraft:iron_helmet":1,"minecraft:wooden_axe":1},"minecraft:used":{"travelersbackpack:lapis":1,"minecraft:chest":7,"minecraft:shield":40,"minecraft:iron_sword":174,"minecraft:rotten_flesh":1,"minecraft:white_candle":16,"minecraft:torch":245,"minecraft:spyglass":3,"minecraft:dirt":25,"minecraft:mutton":1,"minecraft:acacia_sapling":2,"minecraft:tuff":9,"anthropology_items__structures:limestone":1,"minecraft:wooden_axe":63,"minecraft:lava_bucket":3,"minecraft:golden_carrot":2,"minecraft:beef":2,"minecraft:furnace":8,"minecraft:cooked_beef":34,"minecraft:cobbled_deepslate":3,"minecraft:cooked_mutton":14,"minecraft:wheat_seeds":6,"minecraft:water_bucket":23,"minecraft:stone_pickaxe":131,"minecraft:ender_pearl":1,"minecraft:wooden_pickaxe":59,"minecraft:jungle_boat":2,"anthropology_items__structures:hunters_machete":290,"minecraft:sand":10,"minecraft:crafting_table":13,"minecraft:white_bed":3,"minecraft:mud":2,"minecraft:chicken":6,"minecraft:iron_pickaxe":1047,"minecraft:bread":42,"travelersbackpack:white_sleeping_bag":3,"minecraft:stone_axe":78,"minecraft:wooden_sword":51,"minecraft:cobblestone":347,"travelersbackpack:standard":1,"minecraft:jungle_door":1,"minecraft:cooked_porkchop":3,"minecraft:bucket":31}},"DataVersion":3465}