{"stats":{"minecraft:dropped":{"minecraft:wheat_seeds":1,"minecraft:lapis_lazuli":22,"minecraft:cobbled_deepslate":1,"minecraft:birch_sapling":6,"minecraft:raw_iron":51,"minecraft:iron_helmet":1,"minecraft:feather":2,"minecraft:rotten_flesh":1,"minecraft:clay_ball":28,"minecraft:leather":1,"minecraft:lily_of_the_valley":1,"minecraft:stick":6,"minecraft:diorite":1,"minecraft:wooden_axe":1,"minecraft:stone_pickaxe":1,"minecraft:wooden_pickaxe":3,"minecraft:raw_gold":11,"minecraft:iron_pickaxe":1,"minecraft:ghast_tear":1,"minecraft:smooth_basalt":2},"minecraft:custom":{"minecraft:interact_with_furnace":11,"minecraft:mob_kills":20,"minecraft:interact_with_crafting_table":14,"minecraft:time_since_death":18357,"minecraft:sleep_in_bed":1,"minecraft:climb_one_cm":16499,"minecraft:time_since_rest":18419,"minecraft:sprint_one_cm":109326,"minecraft:damage_taken":740,"minecraft:walk_one_cm":106380,"minecraft:drop":24,"minecraft:damage_dealt":2392,"minecraft:swim_one_cm":8579,"minecraft:talked_to_villager":3,"minecraft:fly_one_cm":125649,"minecraft:open_chest":2,"minecraft:crouch_one_cm":2135,"minecraft:play_time":42886,"minecraft:deaths":2,"minecraft:sneak_time":2381,"minecraft:walk_under_water_one_cm":5145,"minecraft:jump":813,"minecraft:walk_on_water_one_cm":11884,"minecraft:interact_with_smoker":2,"minecraft:total_world_time":42886,"minecraft:fall_one_cm":15888},"minecraft:used":{"minecraft:stone_pickaxe":149,"minecraft:wooden_pickaxe":8,"minecraft:cooked_chicken":2,"minecraft:torch":15,"minecraft:dirt":5,"minecraft:crafting_table":6,"minecraft:white_bed":1,"minecraft:granite":2,"minecraft:wooden_axe":14,"minecraft:stone_axe":108,"minecraft:cobblestone":1,"minecraft:furnace":3,"minecraft:stripped_oak_wood":3,"minecraft:birch_log":2,"minecraft:cooked_beef":2,"minecraft:gray_wool":2},"minecraft:picked_up":{"minecraft:birch_log":62,"minecraft:crafting_table":6,"minecraft:feather":4,"minecraft:chicken":2,"minecraft:clay_ball":28,"minecraft:jungle_log":5,"minecraft:salmon":1,"minecraft:andesite":5,"minecraft:leather":7,"minecraft:lead":2,"minecraft:wooden_pickaxe":2,"minecraft:smoker":1,"minecraft:birch_planks":45,"minecraft:oak_log":16,"minecraft:gunpowder":2,"minecraft:lapis_lazuli":42,"minecraft:dirt":6,"minecraft:wheat_seeds":1,"minecraft:cobbled_deepslate":2,"minecraft:raw_gold":11,"minecraft:beef":12,"minecraft:stone_pickaxe":2,"minecraft:stripped_oak_wood":4,"minecraft:iron_pickaxe":1,"minecraft:birch_sapling":8,"minecraft:egg":1,"minecraft:furnace":3,"minecraft:ghast_tear":3,"minecraft:stick":10,"minecraft:raw_iron":51,"minecraft:smooth_basalt":2,"minecraft:torch":1,"minecraft:porkchop":3,"minecraft:diorite":2,"minecraft:white_bed":1,"minecraft:lily_of_the_valley":1,"minecraft:arrow":2,"minecraft:rotten_flesh":2,"minecraft:stone_axe":1,"minecraft:jungle_stairs":1,"minecraft:iron_helmet":1,"minecraft:granite":3,"minecraft:gray_wool":2,"minecraft:mutton":8,"minecraft:coal":71,"minecraft:white_wool":4,"minecraft:cobblestone":120},"minecraft:killed_by":{"minecraft:skeleton":1,"minecraft:zoglin":1},"minecraft:killed":{"minecraft:pig":2,"minecraft:zombie_villager":1,"minecraft:salmon":1,"minecraft:spider":1,"minecraft:creeper":1,"minecraft:skeleton":1,"minecraft:sheep":5,"minecraft:zombie":2,"minecraft:chicken":2,"minecraft:cow":4},"minecraft:crafted":{"minecraft:cooked_beef":12,"minecraft:crafting_table":2,"minecraft:wooden_pickaxe":2,"minecraft:cooked_chicken":2,"minecraft:furnace":3,"minecraft:birch_planks":164,"minecraft:stone_axe":2,"minecraft:cooked_mutton":2,"minecraft:air":0,"minecraft:stick":32,"minecraft:stone_pickaxe":1,"minecraft:wooden_axe":1,"minecraft:white_bed":1,"minecraft:torch":56},"minecraft:mined":{"minecraft:white_bed":1,"minecraft:smoker":1,"minecraft:crafting_table":6,"minecraft:jungle_stairs":1,"minecraft:granite":3,"minecraft:grass_block":1,"minecraft:jungle_log":5,"minecraft:lapis_ore":3,"minecraft:diorite":1,"minecraft:gray_wool":1,"minecraft:furnace":3,"minecraft:birch_log":60,"minecraft:andesite":2,"minecraft:birch_leaves":3,"minecraft:stripped_oak_wood":4,"minecraft:grass":7,"minecraft:oak_log":16,"minecraft:coal_ore":54,"minecraft:vine":2,"minecraft:dirt":1,"minecraft:stone":88,"minecraft:oak_leaves":1}},"DataVersion":3465}