{"stats":{"minecraft:used":{"minecraft:iron_shovel":252,"minecraft:chest":5,"minecraft:iron_sword":312,"minecraft:quartz_stairs":2,"minecraft:rotten_flesh":8,"minecraft:iron_chestplate":1,"minecraft:white_candle":4,"minecraft:cocoa_beans":3,"minecraft:carrot":1,"minecraft:tuff":1,"minecraft:iron_helmet":2,"minecraft:bow":1,"minecraft:mangrove_roots":1,"minecraft:furnace":15,"minecraft:egg":3,"minecraft:diorite":4,"minecraft:stone_pickaxe":223,"minecraft:wooden_pickaxe":3,"minecraft:sandstone":2,"minecraft:white_wool":3,"minecraft:golden_apple":2,"minecraft:glow_berries":15,"anthropology_items__structures:cracked_limestone_brick":1,"minecraft:bread":5,"minecraft:melon_slice":37,"minecraft:white_glazed_terracotta":1,"minecraft:gravel":190,"minecraft:andesite":5,"chococraft:gysahl_green":1,"minecraft:oak_boat":1,"minecraft:bone_meal":12,"mores:amethyst_shield":11,"minecraft:iron_bars":4,"morebows:diamond_bow":82,"minecraft:cooked_salmon":2,"minecraft:cooked_chicken":13,"minecraft:torch":500,"minecraft:dirt":106,"minecraft:spyglass":19,"minecraft:anvil":1,"minecraft:granite":1,"useless_sword:emerald_boots":1,"minecraft:bamboo_raft":3,"minecraft:iron_axe":58,"minecraft:golden_carrot":13,"minecraft:cooked_beef":36,"minecraft:cobbled_deepslate":34,"minecraft:calcite":2,"minecraft:cooked_mutton":17,"minecraft:acacia_boat":1,"minecraft:water_bucket":18,"minecraft:baked_potato":1,"minecraft:cartography_table":2,"minecraft:fletching_table":2,"anthropology_items__structures:hunters_machete":799,"minecraft:crafting_table":25,"minecraft:white_bed":2,"minecraft:smoker":4,"minecraft:iron_pickaxe":1381,"travelersbackpack:white_sleeping_bag":4,"minecraft:stone_axe":231,"minecraft:cobblestone":107,"travelersbackpack:standard":1,"minecraft:cooked_porkchop":27,"minecraft:bucket":21,"alexsmobs:animal_dictionary":1},"minecraft:picked_up":{"chococraft:loverly_gysahl_green":5,"minecraft:wheat":1,"minecraft:amethyst_block":6,"minecraft:string":39,"minecraft:raw_copper":14,"minecraft:cobbled_deepslate":150,"minecraft:cobblestone_slab":1,"minecraft:calcite":8,"minecraft:melon_slice":37,"minecraft:furnace":11,"minecraft:white_glazed_terracotta":1,"minecraft:stick":1,"minecraft:torch":39,"minecraft:acacia_log":25,"minecraft:porkchop":23,"minecraft:diorite":63,"mores:raw_tin":8,"minecraft:rotten_flesh":73,"minecraft:mangrove_roots":1,"morebows:diamond_bow":1,"minecraft:iron_bars":4,"alexsmobs:flying_fish":1,"minecraft:cobblestone":582,"minecraft:birch_log":2,"minecraft:muddy_mangrove_roots":1,"minecraft:feather":21,"minecraft:cooked_beef":2,"minecraft:jungle_log":12,"minecraft:andesite":63,"minecraft:brown_wool":2,"minecraft:smoker":4,"minecraft:potato":1,"minecraft:flint":19,"minecraft:tuff":1,"anthropology_items__structures:hunters_machete":8,"minecraft:acacia_boat":1,"minecraft:dirt":179,"minecraft:lapis_lazuli":144,"minecraft:bone":65,"minecraft:bow":5,"minecraft:wheat_seeds":70,"minecraft:raw_gold":58,"minecraft:fletching_table":2,"minecraft:bamboo":50,"minecraft:jungle_planks":1,"minecraft:bamboo_raft":3,"minecraft:sand":52,"minecraft:grass_block":1,"minecraft:mossy_cobblestone":5,"travelersbackpack:white_sleeping_bag":4,"minecraft:white_candle":4,"minecraft:diamond":23,"minecraft:granite":26,"minecraft:oak_sapling":3,"minecraft:dark_oak_fence":1,"minecraft:cocoa_beans":6,"minecraft:mud":7,"minecraft:crafting_table":19,"minecraft:chicken":24,"minecraft:brown_mushroom":4,"mores:amethyst_shield":1,"gravestone:obituary":1,"minecraft:iron_axe":1,"minecraft:cartography_table":2,"minecraft:beef":31,"minecraft:oak_boat":1,"anthropology_items__structures:cracked_limestone_brick":1,"minecraft:quartz_stairs":2,"minecraft:phantom_membrane":1,"minecraft:egg":5,"minecraft:sandstone":2,"minecraft:raw_iron":148,"wizards_reborn:arcanum":54,"minecraft:copper_ingot":1,"minecraft:spruce_fence":2,"minecraft:carrot":2,"minecraft:redstone":41,"minecraft:arrow":71,"minecraft:hay_block":8,"minecraft:mutton":19,"minecraft:white_wool":16,"minecraft:golden_carrot":33,"minecraft:glow_ink_sac":9,"minecraft:salmon":2,"minecraft:leather":8,"minecraft:oak_log":48,"anthropology_items__structures:limestone":4,"minecraft:gunpowder":14,"minecraft:cooked_mutton":1,"chococraft:gysahl_green":43,"chococraft:gold_gysahl":2,"minecraft:kelp":1,"minecraft:stone_pickaxe":1,"minecraft:cooked_chicken":1,"minecraft:acacia_sapling":2,"minecraft:smooth_basalt":2,"minecraft:emerald_block":6,"minecraft:spyglass":1,"minecraft:gravel":280,"minecraft:amethyst_shard":50,"chococraft:gysahl_green_seeds":17,"minecraft:white_bed":1,"minecraft:spider_eye":8,"wizards_reborn:arcanum_dust":25,"minecraft:dark_oak_wood":4,"minecraft:coal":411,"minecraft:mangrove_propagule":1,"minecraft:ender_pearl":3},"minecraft:killed_by":{"minecraft:wither_skeleton":1,"minecraft:player":1,"minecraft:enderman":1},"minecraft:broken":{"minecraft:iron_shovel":1,"minecraft:stone_pickaxe":1,"minecraft:stone_axe":1,"minecraft:bow":1,"minecraft:iron_pickaxe":4,"minecraft:iron_helmet":1},"minecraft:killed":{"minecraft:cave_spider":4,"minecraft:spider":23,"minecraft:skeleton":60,"minecraft:chicken":22,"minecraft:pig":13,"minecraft:salmon":2,"alexsmobs:mantis_shrimp":1,"minecraft:creeper":11,"minecraft:sheep":15,"minecraft:zombie":74,"cave_dweller:cave_dweller":1,"minecraft:cow":11,"minecraft:phantom":1,"alexsmobs:bison":1,"minecraft:drowned":5,"minecraft:enderman":3},"minecraft:mined":{"minecraft:large_amethyst_bud":6,"anthropology_items__structures:limestone":4,"minecraft:white_bed":1,"minecraft:jungle_leaves":4,"minecraft:granite":21,"minecraft:budding_amethyst":2,"minecraft:acacia_log":5,"minecraft:grass_block":9,"minecraft:jungle_log":13,"minecraft:spawner":1,"minecraft:iron_ore":128,"minecraft:cobbled_deepslate":5,"minecraft:fletching_table":2,"minecraft:deepslate_lapis_ore":14,"chococraft:gysahl_green":18,"minecraft:iron_bars":4,"minecraft:small_amethyst_bud":3,"minecraft:deepslate_redstone_ore":9,"minecraft:smoker":4,"minecraft:medium_amethyst_bud":6,"minecraft:amethyst_cluster":12,"minecraft:torch":14,"wizards_reborn:arcanum_ore":17,"minecraft:dark_oak_wood":4,"minecraft:calcite":9,"minecraft:melon":9,"minecraft:cobblestone":18,"minecraft:white_candle":1,"minecraft:wall_torch":23,"minecraft:amethyst_block":6,"minecraft:mud":7,"minecraft:grass":522,"minecraft:oak_log":48,"minecraft:dirt":58,"minecraft:smooth_basalt":2,"anthropology_items__structures:cracked_limestone_brick":1,"minecraft:oak_leaves":24,"minecraft:deepslate":129,"minecraft:emerald_block":4,"minecraft:tuff":1,"minecraft:quartz_stairs":2,"minecraft:mossy_cobblestone":5,"minecraft:deepslate_diamond_ore":14,"minecraft:mangrove_roots":1,"minecraft:dark_oak_fence":1,"gravestone:gravestone":4,"minecraft:spruce_fence":1,"travelersbackpack:white_sleeping_bag":4,"minecraft:cartography_table":2,"minecraft:sandstone":3,"minecraft:mangrove_propagule":1,"minecraft:hay_block":8,"minecraft:furnace":12,"wizards_reborn:deepslate_arcanum_ore":37,"minecraft:andesite":63,"minecraft:white_glazed_terracotta":1,"minecraft:cobblestone_slab":1,"minecraft:deepslate_iron_ore":23,"minecraft:vine":10,"minecraft:bamboo":3,"minecraft:stone":531,"minecraft:white_wool":3,"minecraft:podzol":4,"minecraft:crafting_table":19,"minecraft:tall_grass":41,"minecraft:copper_ore":4,"minecraft:lapis_ore":7,"minecraft:deepslate_gold_ore":50,"minecraft:sculk":4,"minecraft:diorite":62,"mores:tin_ore":2,"minecraft:birch_leaves":2,"minecraft:muddy_mangrove_roots":1,"minecraft:coal_ore":301,"minecraft:cocoa":2,"minecraft:gravel":298,"minecraft:cobweb":13,"minecraft:gold_ore":8,"minecraft:fern":55},"minecraft:custom":{"minecraft:interact_with_crafting_table":128,"minecraft:open_barrel":10,"minecraft:leave_game":6,"minecraft:time_since_death":318681,"minecraft:sprint_one_cm":1447520,"minecraft:damage_blocked_by_shield":240,"minecraft:drop":225,"minecraft:talked_to_villager":4,"minecraft:play_time":599200,"minecraft:deaths":4,"minecraft:jump":13625,"minecraft:walk_on_water_one_cm":75881,"minecraft:enchant_item":1,"minecraft:interact_with_furnace":301,"minecraft:interact_with_cartography_table":7,"minecraft:sleep_in_bed":11,"minecraft:damage_dealt":38039,"minecraft:player_kills":2,"minecraft:crouch_one_cm":40056,"minecraft:interact_with_smoker":29,"minecraft:horse_one_cm":8632,"minecraft:mob_kills":254,"minecraft:interact_with_anvil":1,"minecraft:climb_one_cm":38818,"minecraft:walk_one_cm":1407873,"minecraft:sneak_time":14998,"minecraft:walk_under_water_one_cm":127267,"minecraft:boat_one_cm":548795,"minecraft:total_world_time":599200,"minecraft:interact_with_stonecutter":1,"minecraft:time_since_rest":96731,"minecraft:damage_taken":9446,"minecraft:damage_absorbed":80,"minecraft:swim_one_cm":210203,"minecraft:fly_one_cm":2371181,"minecraft:open_chest":358,"minecraft:fall_one_cm":369838},"minecraft:dropped":{"mores:silver_ingot":10,"chococraft:loverly_gysahl_green":5,"minecraft:diamond":2,"minecraft:cooked_porkchop":2,"minecraft:jungle_planks":2,"minecraft:flint":2,"minecraft:emerald":25,"minecraft:dirt":73,"minecraft:dark_oak_fence":1,"minecraft:dark_oak_wood":4,"minecraft:mutton":2,"alexsmobs:flying_fish":1,"gravestone:obituary":5,"minecraft:sand":8,"minecraft:iron_pickaxe":2,"minecraft:white_wool":2,"minecraft:gold_ingot":27,"minecraft:bone":48,"minecraft:gravel":28,"minecraft:spyglass":1,"minecraft:cobbled_deepslate":112,"minecraft:wheat":1,"minecraft:rotten_flesh":78,"minecraft:oak_planks":2,"minecraft:gunpowder":6,"minecraft:jungle_log":7,"minecraft:acacia_sapling":3,"minecraft:azalea":1,"minecraft:arrow":1,"minecraft:iron_ingot":8,"morebows:diamond_bow":1,"minecraft:wheat_seeds":49,"chococraft:gold_gysahl":1,"minecraft:mossy_cobblestone":5,"anthropology_items__structures:hunters_machete":8,"minecraft:mangrove_propagule":1,"minecraft:cobblestone":173,"minecraft:amethyst_block":2,"chococraft:gysahl_green_seeds":17,"minecraft:granite":25,"minecraft:copper_ingot":1,"minecraft:acacia_log":35,"minecraft:grass_block":1,"minecraft:stick":6,"minecraft:diorite":59,"minecraft:wooden_axe":1,"minecraft:brown_wool":2,"anthropology_items__structures:limestone":1,"minecraft:iron_axe":1,"minecraft:red_dye":1,"minecraft:mud":1,"minecraft:string":2,"minecraft:bucket":1,"minecraft:smooth_basalt":2,"minecraft:kelp":1,"minecraft:cocoa_beans":3,"minecraft:raw_copper":14,"mores:raw_tin":8,"minecraft:chicken":1,"mores:emerald_helmet":1,"minecraft:spruce_fence":1,"minecraft:cobblestone_slab":1,"minecraft:allium":1,"minecraft:andesite":58,"minecraft:oak_sapling":5,"minecraft:spider_eye":8,"minecraft:bamboo":12,"minecraft:bow":2,"minecraft:stone_pickaxe":2,"minecraft:wooden_pickaxe":2,"minecraft:calcite":6,"chococraft:gysahl_green":53},"minecraft:crafted":{"minecraft:oak_planks":156,"mores:emerald_leggings":1,"minecraft:cooked_chicken":17,"minecraft:cooked_mutton":19,"mores:emerald_helmet":2,"minecraft:glass":44,"minecraft:bow":1,"minecraft:iron_boots":6,"minecraft:chest":6,"mores:silver_ingot":12,"anthropology_items__structures:hunters_machete":1,"minecraft:emerald":54,"minecraft:arrow":28,"minecraft:cooked_porkchop":30,"minecraft:crafting_table":6,"travelersbackpack:lapis":1,"minecraft:baked_potato":1,"minecraft:wooden_pickaxe":1,"travelersbackpack:standard":1,"minecraft:iron_helmet":4,"minecraft:birch_planks":8,"minecraft:iron_chestplate":5,"minecraft:stick":187,"minecraft:iron_ingot":131,"minecraft:iron_pickaxe":9,"minecraft:iron_block":3,"minecraft:gold_ingot":94,"morebows:diamond_bow":1,"useless_sword:emerald_boots":1,"minecraft:furnace":10,"minecraft:bone_meal":12,"travelersbackpack:white_sleeping_bag":1,"minecraft:iron_axe":1,"minecraft:stone_pickaxe":2,"minecraft:wheat":72,"minecraft:cooked_beef":33,"minecraft:red_dye":1,"travelersbackpack:backpack_tank":2,"minecraft:iron_sword":1,"minecraft:cooked_salmon":2,"minecraft:bucket":2,"minecraft:stone_axe":3,"minecraft:bread":24,"minecraft:air":0,"minecraft:jungle_planks":20,"minecraft:iron_shovel":1,"minecraft:iron_leggings":5,"mores:emerald_chestplate":1,"minecraft:anvil":1,"minecraft:white_bed":1,"minecraft:acacia_planks":20,"minecraft:torch":480,"minecraft:lapis_block":4}},"DataVersion":3465}