{"stats":{"minecraft:killed":{"minecraft:spider":5,"minecraft:skeleton":16,"minecraft:chicken":8,"minecraft:drowned":1,"minecraft:pig":6,"minecraft:salmon":2,"minecraft:creeper":2,"minecraft:sheep":9,"minecraft:zombie":20,"minecraft:cow":5,"minecraft:enderman":1},"minecraft:broken":{"minecraft:stone_pickaxe":1,"minecraft:stone_axe":1,"minecraft:iron_pickaxe":3,"minecraft:bow":1},"minecraft:killed_by":{"minecraft:wither_skeleton":1,"minecraft:enderman":1},"minecraft:picked_up":{"minecraft:cocoa_beans":3,"minecraft:crafting_table":12,"minecraft:chicken":9,"minecraft:amethyst_block":4,"minecraft:string":7,"minecraft:raw_copper":9,"minecraft:cobbled_deepslate":141,"minecraft:beef":10,"minecraft:calcite":4,"minecraft:melon_slice":21,"minecraft:furnace":6,"minecraft:egg":2,"minecraft:raw_iron":91,"wizards_reborn:arcanum":26,"minecraft:copper_ingot":1,"minecraft:torch":6,"minecraft:porkchop":10,"minecraft:diorite":60,"minecraft:redstone":41,"minecraft:rotten_flesh":20,"minecraft:arrow":19,"minecraft:mutton":10,"minecraft:white_wool":7,"minecraft:cobblestone":412,"minecraft:feather":10,"minecraft:andesite":58,"minecraft:glow_ink_sac":9,"minecraft:salmon":2,"minecraft:jungle_log":12,"minecraft:brown_wool":2,"minecraft:leather":2,"minecraft:smoker":4,"minecraft:potato":1,"minecraft:flint":2,"minecraft:tuff":1,"minecraft:oak_log":33,"anthropology_items__structures:limestone":3,"minecraft:gunpowder":3,"minecraft:lapis_lazuli":119,"minecraft:dirt":21,"minecraft:bone":14,"minecraft:bow":3,"minecraft:wheat_seeds":20,"minecraft:raw_gold":58,"minecraft:stone_pickaxe":1,"minecraft:bamboo":15,"minecraft:smooth_basalt":2,"minecraft:gravel":28,"minecraft:jungle_planks":1,"minecraft:amethyst_shard":30,"minecraft:grass_block":1,"travelersbackpack:white_sleeping_bag":4,"minecraft:diamond":14,"wizards_reborn:arcanum_dust":11,"minecraft:granite":25,"minecraft:oak_sapling":1,"minecraft:dark_oak_fence":1,"minecraft:coal":119,"minecraft:ender_pearl":1},"minecraft:dropped":{"minecraft:iron_ingot":8,"minecraft:wheat_seeds":20,"minecraft:cobblestone":145,"minecraft:granite":24,"minecraft:jungle_planks":2,"minecraft:copper_ingot":1,"minecraft:grass_block":1,"minecraft:dirt":18,"minecraft:diorite":59,"minecraft:dark_oak_fence":1,"minecraft:wooden_axe":1,"minecraft:brown_wool":2,"gravestone:obituary":3,"minecraft:string":2,"minecraft:gold_ingot":27,"minecraft:smooth_basalt":2,"minecraft:gravel":28,"minecraft:cobbled_deepslate":107,"minecraft:raw_copper":9,"minecraft:chicken":1,"minecraft:rotten_flesh":19,"minecraft:oak_planks":1,"minecraft:gunpowder":5,"minecraft:andesite":53,"minecraft:jungle_log":7,"minecraft:oak_sapling":1,"minecraft:bamboo":5,"minecraft:wooden_pickaxe":2,"minecraft:stone_pickaxe":2,"minecraft:calcite":4},"minecraft:custom":{"minecraft:mob_kills":76,"minecraft:interact_with_crafting_table":34,"minecraft:leave_game":4,"minecraft:time_since_death":173899,"minecraft:climb_one_cm":22101,"minecraft:sprint_one_cm":488331,"minecraft:walk_one_cm":557793,"minecraft:drop":82,"minecraft:play_time":219502,"minecraft:sneak_time":9762,"minecraft:deaths":3,"minecraft:walk_under_water_one_cm":59900,"minecraft:jump":5233,"minecraft:walk_on_water_one_cm":18469,"minecraft:total_world_time":219502,"minecraft:interact_with_furnace":99,"minecraft:sleep_in_bed":4,"minecraft:time_since_rest":70133,"minecraft:damage_taken":4214,"minecraft:damage_absorbed":40,"minecraft:damage_dealt":12146,"minecraft:swim_one_cm":45033,"minecraft:fly_one_cm":732227,"minecraft:open_chest":50,"minecraft:crouch_one_cm":24829,"minecraft:interact_with_smoker":25,"minecraft:fall_one_cm":139741},"minecraft:crafted":{"minecraft:oak_planks":108,"minecraft:cooked_chicken":8,"minecraft:furnace":4,"minecraft:cooked_mutton":10,"travelersbackpack:white_sleeping_bag":1,"minecraft:bow":1,"minecraft:iron_boots":1,"minecraft:stone_pickaxe":2,"minecraft:chest":1,"minecraft:cooked_beef":10,"minecraft:cooked_porkchop":10,"minecraft:crafting_table":3,"minecraft:iron_helmet":1,"minecraft:wooden_pickaxe":1,"minecraft:baked_potato":1,"minecraft:iron_sword":1,"minecraft:cooked_salmon":2,"minecraft:bucket":1,"minecraft:stone_axe":2,"minecraft:air":0,"minecraft:jungle_planks":20,"minecraft:iron_chestplate":1,"minecraft:stick":117,"minecraft:iron_ingot":77,"minecraft:iron_pickaxe":4,"minecraft:gold_ingot":66,"minecraft:iron_leggings":1,"minecraft:white_bed":1,"minecraft:torch":336},"minecraft:mined":{"minecraft:large_amethyst_bud":6,"minecraft:tuff":1,"anthropology_items__structures:limestone":3,"minecraft:deepslate_diamond_ore":14,"minecraft:jungle_leaves":2,"gravestone:gravestone":3,"minecraft:granite":20,"minecraft:dark_oak_fence":1,"minecraft:budding_amethyst":2,"minecraft:grass_block":4,"minecraft:jungle_log":13,"travelersbackpack:white_sleeping_bag":4,"minecraft:furnace":6,"minecraft:iron_ore":68,"minecraft:cobbled_deepslate":5,"wizards_reborn:deepslate_arcanum_ore":24,"minecraft:andesite":58,"minecraft:deepslate_lapis_ore":14,"minecraft:deepslate_iron_ore":23,"minecraft:vine":7,"minecraft:small_amethyst_bud":3,"minecraft:bamboo":3,"minecraft:stone":388,"minecraft:deepslate_redstone_ore":9,"minecraft:smoker":4,"minecraft:medium_amethyst_bud":5,"minecraft:amethyst_cluster":7,"minecraft:crafting_table":12,"minecraft:torch":1,"wizards_reborn:arcanum_ore":2,"minecraft:calcite":4,"minecraft:melon":4,"minecraft:tall_grass":7,"minecraft:copper_ore":2,"minecraft:cobblestone":1,"minecraft:lapis_ore":3,"minecraft:deepslate_gold_ore":50,"minecraft:sculk":4,"minecraft:diorite":59,"minecraft:wall_torch":4,"minecraft:amethyst_block":4,"minecraft:birch_leaves":1,"minecraft:grass":144,"minecraft:oak_log":33,"minecraft:coal_ore":101,"minecraft:cocoa":1,"minecraft:gravel":30,"minecraft:dirt":17,"minecraft:cobweb":1,"minecraft:smooth_basalt":1,"minecraft:gold_ore":8,"minecraft:oak_leaves":9,"minecraft:deepslate":121,"minecraft:fern":25},"minecraft:used":{"minecraft:chest":1,"minecraft:iron_sword":239,"minecraft:cooked_salmon":2,"minecraft:cooked_chicken":8,"minecraft:iron_chestplate":1,"minecraft:torch":322,"minecraft:dirt":3,"minecraft:cocoa_beans":3,"minecraft:tuff":1,"minecraft:granite":1,"minecraft:iron_helmet":1,"minecraft:bow":1,"minecraft:furnace":6,"minecraft:egg":1,"minecraft:cooked_beef":10,"minecraft:cobbled_deepslate":30,"minecraft:cooked_mutton":10,"minecraft:water_bucket":18,"minecraft:diorite":1,"minecraft:baked_potato":1,"minecraft:stone_pickaxe":223,"minecraft:wooden_pickaxe":3,"minecraft:golden_apple":1,"minecraft:glow_berries":5,"minecraft:crafting_table":15,"minecraft:white_bed":1,"minecraft:smoker":4,"minecraft:bread":4,"minecraft:melon_slice":21,"minecraft:iron_pickaxe":849,"travelersbackpack:white_sleeping_bag":4,"minecraft:stone_axe":231,"minecraft:cobblestone":65,"minecraft:cooked_porkchop":10,"minecraft:bucket":18,"minecraft:andesite":5}},"DataVersion":3465}