{"stats":{"minecraft:killed":{"minecraft:spider":5,"minecraft:skeleton":13,"minecraft:chicken":8,"minecraft:drowned":1,"minecraft:pig":6,"minecraft:salmon":2,"minecraft:creeper":1,"minecraft:sheep":9,"minecraft:zombie":18,"minecraft:enderman":1,"minecraft:cow":5},"minecraft:broken":{"minecraft:stone_pickaxe":1,"minecraft:stone_axe":1,"minecraft:iron_pickaxe":3,"minecraft:bow":1},"minecraft:killed_by":{"minecraft:wither_skeleton":1,"minecraft:enderman":1},"minecraft:picked_up":{"minecraft:cocoa_beans":3,"minecraft:crafting_table":12,"minecraft:chicken":8,"minecraft:amethyst_block":4,"minecraft:raw_copper":9,"minecraft:string":6,"minecraft:cobbled_deepslate":136,"minecraft:beef":10,"minecraft:calcite":4,"minecraft:melon_slice":21,"minecraft:furnace":6,"minecraft:egg":2,"minecraft:raw_iron":91,"wizards_reborn:arcanum":26,"minecraft:copper_ingot":1,"minecraft:torch":5,"minecraft:porkchop":10,"minecraft:diorite":59,"minecraft:redstone":41,"minecraft:rotten_flesh":19,"minecraft:arrow":14,"minecraft:mutton":10,"minecraft:white_wool":7,"minecraft:cobblestone":393,"minecraft:feather":10,"minecraft:glow_ink_sac":4,"minecraft:andesite":58,"minecraft:salmon":2,"minecraft:jungle_log":12,"minecraft:brown_wool":2,"minecraft:leather":2,"minecraft:smoker":4,"minecraft:potato":1,"minecraft:flint":2,"minecraft:tuff":1,"minecraft:oak_log":33,"anthropology_items__structures:limestone":3,"minecraft:gunpowder":3,"minecraft:lapis_lazuli":119,"minecraft:dirt":21,"minecraft:bone":10,"minecraft:bow":3,"minecraft:wheat_seeds":20,"minecraft:raw_gold":51,"minecraft:stone_pickaxe":1,"minecraft:bamboo":15,"minecraft:smooth_basalt":2,"minecraft:gravel":28,"minecraft:jungle_planks":1,"minecraft:amethyst_shard":30,"minecraft:grass_block":1,"travelersbackpack:white_sleeping_bag":4,"minecraft:diamond":14,"wizards_reborn:arcanum_dust":11,"minecraft:granite":24,"minecraft:oak_sapling":1,"minecraft:coal":119,"minecraft:dark_oak_fence":1,"minecraft:ender_pearl":1},"minecraft:dropped":{"minecraft:iron_ingot":8,"minecraft:wheat_seeds":20,"minecraft:cobblestone":144,"minecraft:granite":24,"minecraft:jungle_planks":2,"minecraft:copper_ingot":1,"minecraft:grass_block":1,"minecraft:dirt":18,"minecraft:diorite":59,"minecraft:dark_oak_fence":1,"minecraft:wooden_axe":1,"minecraft:brown_wool":2,"gravestone:obituary":3,"minecraft:string":2,"minecraft:smooth_basalt":2,"minecraft:gravel":28,"minecraft:cobbled_deepslate":106,"minecraft:raw_copper":9,"minecraft:rotten_flesh":19,"minecraft:oak_planks":1,"minecraft:gunpowder":5,"minecraft:andesite":53,"minecraft:jungle_log":7,"minecraft:oak_sapling":1,"minecraft:bamboo":5,"minecraft:wooden_pickaxe":2,"minecraft:stone_pickaxe":2,"minecraft:calcite":4},"minecraft:custom":{"minecraft:mob_kills":69,"minecraft:interact_with_crafting_table":32,"minecraft:leave_game":4,"minecraft:time_since_death":144262,"minecraft:climb_one_cm":22101,"minecraft:sprint_one_cm":430224,"minecraft:walk_one_cm":510584,"minecraft:drop":78,"minecraft:play_time":189865,"minecraft:deaths":3,"minecraft:sneak_time":9244,"minecraft:walk_under_water_one_cm":20261,"minecraft:jump":4563,"minecraft:walk_on_water_one_cm":10634,"minecraft:total_world_time":189865,"minecraft:interact_with_furnace":75,"minecraft:sleep_in_bed":4,"minecraft:time_since_rest":40496,"minecraft:damage_taken":3932,"minecraft:damage_absorbed":40,"minecraft:damage_dealt":11261,"minecraft:swim_one_cm":37685,"minecraft:fly_one_cm":617067,"minecraft:open_chest":37,"minecraft:crouch_one_cm":22867,"minecraft:interact_with_smoker":21,"minecraft:fall_one_cm":120119},"minecraft:crafted":{"minecraft:oak_planks":68,"minecraft:cooked_chicken":7,"minecraft:furnace":4,"minecraft:cooked_mutton":10,"travelersbackpack:white_sleeping_bag":1,"minecraft:bow":1,"minecraft:iron_boots":1,"minecraft:stone_pickaxe":2,"minecraft:chest":1,"minecraft:cooked_beef":10,"minecraft:cooked_porkchop":10,"minecraft:crafting_table":3,"minecraft:baked_potato":1,"minecraft:wooden_pickaxe":1,"minecraft:iron_helmet":1,"minecraft:iron_sword":1,"minecraft:cooked_salmon":2,"minecraft:stone_axe":2,"minecraft:jungle_planks":20,"minecraft:air":0,"minecraft:iron_chestplate":1,"minecraft:stick":117,"minecraft:iron_ingot":77,"minecraft:iron_pickaxe":4,"minecraft:gold_ingot":15,"minecraft:iron_leggings":1,"minecraft:white_bed":1,"minecraft:torch":336},"minecraft:mined":{"minecraft:large_amethyst_bud":6,"minecraft:tuff":1,"anthropology_items__structures:limestone":3,"minecraft:deepslate_diamond_ore":14,"minecraft:jungle_leaves":2,"gravestone:gravestone":3,"minecraft:granite":19,"minecraft:dark_oak_fence":1,"minecraft:budding_amethyst":2,"minecraft:grass_block":4,"minecraft:jungle_log":13,"travelersbackpack:white_sleeping_bag":4,"minecraft:furnace":6,"minecraft:iron_ore":68,"minecraft:cobbled_deepslate":5,"wizards_reborn:deepslate_arcanum_ore":24,"minecraft:andesite":58,"minecraft:deepslate_lapis_ore":14,"minecraft:deepslate_iron_ore":23,"minecraft:vine":7,"minecraft:small_amethyst_bud":3,"minecraft:bamboo":3,"minecraft:stone":369,"minecraft:deepslate_redstone_ore":9,"minecraft:smoker":4,"minecraft:medium_amethyst_bud":5,"minecraft:amethyst_cluster":7,"minecraft:crafting_table":12,"minecraft:torch":1,"wizards_reborn:arcanum_ore":2,"minecraft:calcite":4,"minecraft:melon":4,"minecraft:copper_ore":2,"minecraft:tall_grass":7,"minecraft:cobblestone":1,"minecraft:lapis_ore":3,"minecraft:deepslate_gold_ore":43,"minecraft:diorite":58,"minecraft:wall_torch":3,"minecraft:amethyst_block":4,"minecraft:birch_leaves":1,"minecraft:grass":144,"minecraft:oak_log":33,"minecraft:coal_ore":101,"minecraft:cocoa":1,"minecraft:gravel":30,"minecraft:dirt":17,"minecraft:smooth_basalt":1,"minecraft:gold_ore":8,"minecraft:oak_leaves":9,"minecraft:deepslate":116,"minecraft:fern":25},"minecraft:used":{"minecraft:chest":1,"minecraft:iron_sword":221,"minecraft:cooked_salmon":2,"minecraft:cooked_chicken":5,"minecraft:iron_chestplate":1,"minecraft:torch":314,"minecraft:dirt":3,"minecraft:cocoa_beans":3,"minecraft:tuff":1,"minecraft:iron_helmet":1,"minecraft:bow":1,"minecraft:furnace":6,"minecraft:egg":1,"minecraft:cooked_beef":8,"minecraft:cobbled_deepslate":26,"minecraft:cooked_mutton":10,"minecraft:baked_potato":1,"minecraft:stone_pickaxe":223,"minecraft:wooden_pickaxe":3,"minecraft:golden_apple":1,"minecraft:glow_berries":5,"minecraft:crafting_table":14,"minecraft:white_bed":1,"minecraft:smoker":4,"minecraft:bread":4,"minecraft:melon_slice":21,"minecraft:iron_pickaxe":811,"travelersbackpack:white_sleeping_bag":4,"minecraft:stone_axe":231,"minecraft:cobblestone":65,"minecraft:cooked_porkchop":10,"minecraft:andesite":5}},"DataVersion":3465}