{"stats":{"minecraft:used":{"morebows:diamond_bow":43,"minecraft:chest":3,"minecraft:iron_sword":312,"minecraft:cooked_salmon":2,"minecraft:cooked_chicken":13,"minecraft:rotten_flesh":2,"minecraft:iron_chestplate":1,"minecraft:torch":439,"minecraft:dirt":73,"minecraft:spyglass":18,"minecraft:cocoa_beans":3,"minecraft:carrot":1,"minecraft:tuff":1,"minecraft:granite":1,"minecraft:bamboo_raft":3,"minecraft:iron_axe":37,"minecraft:iron_helmet":1,"minecraft:bow":1,"minecraft:furnace":12,"minecraft:egg":3,"minecraft:cooked_beef":33,"minecraft:cobbled_deepslate":34,"minecraft:calcite":2,"minecraft:cooked_mutton":11,"minecraft:acacia_boat":1,"minecraft:water_bucket":18,"minecraft:diorite":4,"minecraft:baked_potato":1,"minecraft:stone_pickaxe":223,"minecraft:cartography_table":2,"minecraft:wooden_pickaxe":3,"minecraft:golden_apple":1,"minecraft:glow_berries":5,"anthropology_items__structures:hunters_machete":329,"minecraft:crafting_table":19,"anthropology_items__structures:cracked_limestone_brick":1,"minecraft:white_bed":2,"minecraft:smoker":4,"minecraft:melon_slice":29,"minecraft:bread":4,"minecraft:iron_pickaxe":1275,"travelersbackpack:white_sleeping_bag":4,"minecraft:white_glazed_terracotta":1,"minecraft:gravel":1,"minecraft:stone_axe":231,"travelersbackpack:standard":1,"minecraft:cobblestone":100,"minecraft:andesite":5,"minecraft:cooked_porkchop":20,"minecraft:bucket":21,"alexsmobs:animal_dictionary":1,"minecraft:bone_meal":12},"minecraft:picked_up":{"minecraft:cocoa_beans":3,"chococraft:loverly_gysahl_green":1,"minecraft:crafting_table":15,"minecraft:chicken":16,"minecraft:amethyst_block":6,"minecraft:string":15,"minecraft:raw_copper":14,"minecraft:cartography_table":2,"minecraft:cobbled_deepslate":150,"minecraft:beef":20,"minecraft:calcite":8,"anthropology_items__structures:cracked_limestone_brick":1,"minecraft:melon_slice":32,"minecraft:phantom_membrane":1,"minecraft:furnace":10,"minecraft:egg":4,"minecraft:white_glazed_terracotta":1,"minecraft:raw_iron":141,"wizards_reborn:arcanum":54,"minecraft:copper_ingot":1,"minecraft:torch":33,"minecraft:acacia_log":25,"minecraft:porkchop":23,"minecraft:diorite":63,"minecraft:carrot":1,"minecraft:redstone":41,"minecraft:arrow":51,"minecraft:rotten_flesh":39,"minecraft:mutton":12,"minecraft:white_wool":8,"minecraft:cobblestone":524,"minecraft:feather":16,"minecraft:cooked_beef":2,"minecraft:golden_carrot":1,"minecraft:andesite":63,"minecraft:glow_ink_sac":9,"minecraft:salmon":2,"minecraft:jungle_log":12,"minecraft:brown_wool":2,"minecraft:leather":6,"minecraft:smoker":4,"minecraft:potato":1,"minecraft:flint":3,"minecraft:tuff":1,"anthropology_items__structures:hunters_machete":4,"minecraft:oak_log":48,"anthropology_items__structures:limestone":4,"minecraft:gunpowder":13,"minecraft:acacia_boat":1,"minecraft:lapis_lazuli":144,"minecraft:dirt":131,"minecraft:cooked_mutton":1,"minecraft:bone":40,"chococraft:gold_gysahl":1,"minecraft:bow":3,"minecraft:wheat_seeds":39,"minecraft:raw_gold":58,"minecraft:stone_pickaxe":1,"minecraft:cooked_chicken":1,"minecraft:bamboo":27,"minecraft:acacia_sapling":1,"minecraft:smooth_basalt":2,"minecraft:spyglass":1,"minecraft:gravel":29,"minecraft:bamboo_raft":3,"minecraft:sand":52,"minecraft:jungle_planks":1,"minecraft:amethyst_shard":50,"minecraft:white_bed":1,"minecraft:grass_block":1,"minecraft:spider_eye":5,"minecraft:mossy_cobblestone":5,"travelersbackpack:white_sleeping_bag":4,"minecraft:diamond":23,"wizards_reborn:arcanum_dust":25,"minecraft:granite":26,"minecraft:oak_sapling":1,"minecraft:dark_oak_fence":1,"minecraft:coal":395,"minecraft:ender_pearl":2},"minecraft:killed_by":{"minecraft:player":1,"minecraft:wither_skeleton":1,"minecraft:enderman":1},"minecraft:broken":{"minecraft:stone_pickaxe":1,"minecraft:stone_axe":1,"minecraft:iron_pickaxe":4,"minecraft:bow":1},"minecraft:killed":{"minecraft:spider":13,"minecraft:phantom":1,"minecraft:skeleton":41,"minecraft:chicken":14,"minecraft:drowned":5,"minecraft:pig":13,"minecraft:salmon":2,"minecraft:creeper":9,"minecraft:sheep":10,"minecraft:zombie":41,"minecraft:enderman":2,"minecraft:cow":9},"minecraft:mined":{"minecraft:large_amethyst_bud":6,"minecraft:tuff":1,"minecraft:white_bed":1,"anthropology_items__structures:limestone":4,"minecraft:mossy_cobblestone":5,"minecraft:deepslate_diamond_ore":14,"minecraft:jungle_leaves":2,"minecraft:budding_amethyst":2,"minecraft:granite":21,"gravestone:gravestone":4,"minecraft:dark_oak_fence":1,"minecraft:acacia_log":5,"minecraft:grass_block":6,"minecraft:jungle_log":13,"travelersbackpack:white_sleeping_bag":4,"minecraft:cartography_table":2,"minecraft:furnace":11,"minecraft:iron_ore":121,"minecraft:cobbled_deepslate":5,"wizards_reborn:deepslate_arcanum_ore":37,"minecraft:andesite":63,"minecraft:deepslate_lapis_ore":14,"minecraft:white_glazed_terracotta":1,"minecraft:vine":8,"minecraft:deepslate_iron_ore":23,"minecraft:small_amethyst_bud":3,"minecraft:bamboo":3,"minecraft:stone":494,"minecraft:deepslate_redstone_ore":9,"minecraft:amethyst_cluster":12,"minecraft:medium_amethyst_bud":6,"minecraft:smoker":4,"minecraft:crafting_table":15,"minecraft:torch":11,"wizards_reborn:arcanum_ore":17,"minecraft:calcite":9,"minecraft:melon":8,"minecraft:copper_ore":4,"minecraft:tall_grass":22,"minecraft:cobblestone":2,"minecraft:deepslate_gold_ore":50,"minecraft:lapis_ore":7,"minecraft:sculk":4,"minecraft:diorite":62,"minecraft:wall_torch":20,"minecraft:amethyst_block":6,"minecraft:birch_leaves":1,"minecraft:grass":258,"minecraft:oak_log":48,"minecraft:coal_ore":285,"minecraft:cocoa":1,"minecraft:gravel":32,"minecraft:dirt":22,"minecraft:cobweb":1,"minecraft:smooth_basalt":2,"minecraft:gold_ore":8,"minecraft:deepslate":129,"anthropology_items__structures:cracked_limestone_brick":1,"minecraft:oak_leaves":14,"minecraft:fern":25},"minecraft:custom":{"minecraft:mob_kills":163,"minecraft:interact_with_crafting_table":88,"minecraft:open_barrel":3,"minecraft:leave_game":5,"minecraft:time_since_death":139510,"minecraft:climb_one_cm":26322,"minecraft:sprint_one_cm":974745,"minecraft:walk_one_cm":1034673,"minecraft:drop":151,"minecraft:talked_to_villager":4,"minecraft:play_time":420029,"minecraft:sneak_time":13369,"minecraft:deaths":4,"minecraft:walk_under_water_one_cm":91926,"minecraft:boat_one_cm":228346,"minecraft:jump":10008,"minecraft:walk_on_water_one_cm":50968,"minecraft:total_world_time":420029,"minecraft:interact_with_furnace":191,"minecraft:interact_with_cartography_table":4,"minecraft:interact_with_stonecutter":1,"minecraft:sleep_in_bed":8,"minecraft:time_since_rest":114358,"minecraft:damage_taken":7160,"minecraft:damage_absorbed":40,"minecraft:damage_dealt":25465,"minecraft:player_kills":1,"minecraft:swim_one_cm":134649,"minecraft:fly_one_cm":1624323,"minecraft:open_chest":214,"minecraft:crouch_one_cm":35302,"minecraft:fall_one_cm":268513,"minecraft:interact_with_smoker":29,"minecraft:horse_one_cm":8632},"minecraft:dropped":{"minecraft:iron_ingot":8,"minecraft:wheat_seeds":32,"minecraft:mossy_cobblestone":5,"minecraft:diamond":2,"anthropology_items__structures:hunters_machete":4,"minecraft:cooked_porkchop":2,"minecraft:cobblestone":154,"minecraft:amethyst_block":2,"minecraft:granite":25,"minecraft:jungle_planks":2,"minecraft:copper_ingot":1,"minecraft:acacia_log":35,"minecraft:grass_block":1,"minecraft:dirt":58,"minecraft:diorite":59,"minecraft:dark_oak_fence":1,"minecraft:mutton":2,"minecraft:wooden_axe":1,"minecraft:brown_wool":2,"anthropology_items__structures:limestone":1,"gravestone:obituary":4,"minecraft:sand":8,"minecraft:red_dye":1,"minecraft:iron_pickaxe":2,"minecraft:string":2,"minecraft:white_wool":1,"minecraft:bucket":1,"minecraft:smooth_basalt":2,"minecraft:gold_ingot":27,"minecraft:bone":1,"minecraft:gravel":28,"minecraft:spyglass":1,"minecraft:cobbled_deepslate":112,"minecraft:raw_copper":14,"minecraft:chicken":1,"minecraft:rotten_flesh":37,"minecraft:oak_planks":2,"minecraft:gunpowder":6,"minecraft:andesite":58,"minecraft:jungle_log":7,"minecraft:oak_sapling":1,"minecraft:acacia_sapling":1,"minecraft:bamboo":11,"minecraft:spider_eye":5,"minecraft:stone_pickaxe":2,"minecraft:wooden_pickaxe":2,"minecraft:calcite":6},"minecraft:crafted":{"minecraft:oak_planks":156,"minecraft:cooked_chicken":13,"minecraft:furnace":7,"minecraft:bone_meal":12,"minecraft:cooked_mutton":12,"minecraft:glass":44,"travelersbackpack:white_sleeping_bag":1,"minecraft:bow":1,"minecraft:iron_boots":4,"minecraft:iron_axe":1,"minecraft:stone_pickaxe":2,"minecraft:chest":4,"minecraft:cooked_beef":22,"minecraft:red_dye":1,"minecraft:arrow":8,"minecraft:cooked_porkchop":23,"minecraft:crafting_table":5,"travelersbackpack:lapis":1,"minecraft:iron_helmet":2,"travelersbackpack:backpack_tank":2,"travelersbackpack:standard":1,"minecraft:wooden_pickaxe":1,"minecraft:baked_potato":1,"minecraft:iron_sword":1,"minecraft:cooked_salmon":2,"minecraft:bucket":2,"minecraft:stone_axe":3,"minecraft:air":0,"minecraft:jungle_planks":20,"minecraft:iron_chestplate":3,"minecraft:stick":161,"minecraft:iron_ingot":102,"minecraft:iron_pickaxe":9,"minecraft:iron_leggings":3,"minecraft:gold_ingot":73,"minecraft:white_bed":1,"morebows:diamond_bow":1,"minecraft:acacia_planks":20,"minecraft:torch":480,"minecraft:lapis_block":4}},"DataVersion":3465}