{"stats":{"minecraft:killed":{"minecraft:spider":11,"minecraft:skeleton":21,"minecraft:chicken":14,"minecraft:drowned":1,"minecraft:pig":13,"minecraft:salmon":2,"minecraft:creeper":4,"minecraft:sheep":9,"minecraft:zombie":32,"minecraft:cow":9,"minecraft:enderman":1},"minecraft:crafted":{"minecraft:oak_planks":156,"minecraft:cooked_chicken":8,"minecraft:furnace":7,"minecraft:cooked_mutton":10,"minecraft:glass":44,"travelersbackpack:white_sleeping_bag":1,"minecraft:bow":1,"minecraft:iron_boots":3,"minecraft:iron_axe":1,"minecraft:stone_pickaxe":2,"minecraft:chest":4,"minecraft:cooked_beef":17,"minecraft:red_dye":1,"minecraft:cooked_porkchop":12,"minecraft:crafting_table":5,"travelersbackpack:lapis":1,"travelersbackpack:standard":1,"travelersbackpack:backpack_tank":2,"minecraft:iron_helmet":2,"minecraft:wooden_pickaxe":1,"minecraft:baked_potato":1,"minecraft:iron_sword":1,"minecraft:cooked_salmon":2,"minecraft:bucket":1,"minecraft:stone_axe":3,"minecraft:air":0,"minecraft:jungle_planks":20,"minecraft:iron_chestplate":3,"minecraft:stick":121,"minecraft:iron_ingot":85,"minecraft:iron_pickaxe":5,"minecraft:iron_leggings":3,"minecraft:gold_ingot":73,"minecraft:white_bed":1,"minecraft:torch":392,"minecraft:lapis_block":4},"minecraft:custom":{"minecraft:mob_kills":119,"minecraft:open_barrel":3,"minecraft:interact_with_crafting_table":70,"minecraft:leave_game":4,"minecraft:time_since_death":26894,"minecraft:climb_one_cm":23838,"minecraft:sprint_one_cm":703431,"minecraft:walk_one_cm":772110,"minecraft:drop":102,"minecraft:talked_to_villager":3,"minecraft:play_time":307413,"minecraft:sneak_time":11189,"minecraft:deaths":4,"minecraft:walk_under_water_one_cm":76226,"minecraft:jump":7422,"minecraft:walk_on_water_one_cm":30165,"minecraft:total_world_time":307413,"minecraft:interact_with_furnace":161,"minecraft:interact_with_cartography_table":2,"minecraft:interact_with_stonecutter":1,"minecraft:sleep_in_bed":8,"minecraft:time_since_rest":1742,"minecraft:damage_taken":5943,"minecraft:damage_absorbed":40,"minecraft:damage_dealt":19658,"minecraft:swim_one_cm":90596,"minecraft:fly_one_cm":1112508,"minecraft:open_chest":153,"minecraft:crouch_one_cm":28937,"minecraft:interact_with_smoker":28,"minecraft:fall_one_cm":199571},"minecraft:mined":{"minecraft:large_amethyst_bud":6,"minecraft:tuff":1,"minecraft:white_bed":1,"anthropology_items__structures:limestone":3,"minecraft:deepslate_diamond_ore":14,"minecraft:jungle_leaves":2,"gravestone:gravestone":4,"minecraft:granite":21,"minecraft:dark_oak_fence":1,"minecraft:budding_amethyst":2,"minecraft:grass_block":4,"minecraft:jungle_log":13,"travelersbackpack:white_sleeping_bag":4,"minecraft:cartography_table":1,"minecraft:furnace":11,"minecraft:iron_ore":98,"minecraft:cobbled_deepslate":5,"wizards_reborn:deepslate_arcanum_ore":24,"minecraft:andesite":62,"minecraft:deepslate_lapis_ore":14,"minecraft:white_glazed_terracotta":1,"minecraft:deepslate_iron_ore":23,"minecraft:vine":7,"minecraft:small_amethyst_bud":3,"minecraft:bamboo":3,"minecraft:stone":463,"minecraft:deepslate_redstone_ore":9,"minecraft:smoker":4,"minecraft:medium_amethyst_bud":5,"minecraft:amethyst_cluster":7,"minecraft:crafting_table":13,"minecraft:torch":2,"wizards_reborn:arcanum_ore":2,"minecraft:calcite":4,"minecraft:melon":4,"minecraft:tall_grass":17,"minecraft:copper_ore":2,"minecraft:cobblestone":1,"minecraft:lapis_ore":3,"minecraft:deepslate_gold_ore":50,"minecraft:sculk":4,"minecraft:diorite":59,"minecraft:wall_torch":6,"minecraft:amethyst_block":4,"minecraft:birch_leaves":1,"minecraft:grass":220,"minecraft:oak_log":33,"minecraft:coal_ore":242,"minecraft:cocoa":1,"minecraft:gravel":32,"minecraft:dirt":20,"minecraft:cobweb":1,"minecraft:smooth_basalt":1,"anthropology_items__structures:cracked_limestone_brick":1,"minecraft:gold_ore":8,"minecraft:oak_leaves":9,"minecraft:deepslate":121,"minecraft:fern":25},"minecraft:killed_by":{"minecraft:player":1,"minecraft:wither_skeleton":1,"minecraft:enderman":1},"minecraft:picked_up":{"minecraft:cocoa_beans":3,"minecraft:crafting_table":13,"minecraft:chicken":16,"minecraft:amethyst_block":4,"minecraft:string":12,"minecraft:raw_copper":9,"minecraft:cartography_table":1,"minecraft:cobbled_deepslate":141,"minecraft:beef":20,"minecraft:calcite":4,"anthropology_items__structures:cracked_limestone_brick":1,"minecraft:melon_slice":21,"minecraft:furnace":10,"minecraft:egg":4,"minecraft:white_glazed_terracotta":1,"minecraft:raw_iron":121,"wizards_reborn:arcanum":26,"minecraft:copper_ingot":1,"minecraft:acacia_log":3,"minecraft:torch":9,"minecraft:porkchop":23,"minecraft:diorite":60,"minecraft:redstone":41,"minecraft:rotten_flesh":28,"minecraft:arrow":25,"minecraft:mutton":10,"minecraft:white_wool":7,"minecraft:cobblestone":488,"minecraft:feather":16,"minecraft:cooked_beef":2,"minecraft:andesite":62,"minecraft:glow_ink_sac":9,"minecraft:salmon":2,"minecraft:jungle_log":12,"minecraft:brown_wool":2,"minecraft:leather":6,"minecraft:smoker":4,"minecraft:potato":1,"minecraft:flint":3,"minecraft:tuff":1,"minecraft:oak_log":33,"anthropology_items__structures:limestone":3,"minecraft:gunpowder":4,"minecraft:lapis_lazuli":119,"minecraft:dirt":82,"minecraft:bone":18,"minecraft:bow":3,"minecraft:wheat_seeds":34,"minecraft:raw_gold":58,"minecraft:stone_pickaxe":1,"minecraft:bamboo":15,"minecraft:smooth_basalt":2,"minecraft:gravel":29,"minecraft:sand":44,"minecraft:jungle_planks":1,"minecraft:amethyst_shard":30,"minecraft:white_bed":1,"minecraft:grass_block":1,"minecraft:spider_eye":4,"travelersbackpack:white_sleeping_bag":4,"minecraft:diamond":23,"wizards_reborn:arcanum_dust":11,"minecraft:granite":26,"minecraft:oak_sapling":1,"minecraft:dark_oak_fence":1,"minecraft:coal":352,"minecraft:ender_pearl":1},"minecraft:dropped":{"minecraft:iron_ingot":8,"minecraft:wheat_seeds":27,"minecraft:diamond":2,"minecraft:cobblestone":145,"minecraft:granite":25,"minecraft:jungle_planks":2,"minecraft:copper_ingot":1,"minecraft:acacia_log":1,"minecraft:grass_block":1,"minecraft:dirt":18,"minecraft:diorite":59,"minecraft:dark_oak_fence":1,"minecraft:wooden_axe":1,"minecraft:brown_wool":2,"gravestone:obituary":4,"minecraft:red_dye":1,"minecraft:string":2,"minecraft:bucket":1,"minecraft:gold_ingot":27,"minecraft:smooth_basalt":2,"minecraft:gravel":28,"minecraft:cobbled_deepslate":107,"minecraft:raw_copper":9,"minecraft:chicken":1,"minecraft:rotten_flesh":27,"minecraft:oak_planks":2,"minecraft:gunpowder":6,"minecraft:andesite":57,"minecraft:jungle_log":7,"minecraft:oak_sapling":1,"minecraft:spider_eye":1,"minecraft:bamboo":5,"minecraft:wooden_pickaxe":2,"minecraft:stone_pickaxe":2,"minecraft:calcite":4},"minecraft:broken":{"minecraft:stone_pickaxe":1,"minecraft:stone_axe":1,"minecraft:iron_pickaxe":4,"minecraft:bow":1},"minecraft:used":{"minecraft:chest":3,"minecraft:iron_sword":312,"minecraft:cooked_salmon":2,"minecraft:cooked_chicken":8,"minecraft:rotten_flesh":1,"minecraft:iron_chestplate":1,"minecraft:torch":381,"minecraft:dirt":64,"minecraft:cocoa_beans":3,"minecraft:tuff":1,"minecraft:granite":1,"minecraft:iron_helmet":1,"minecraft:bow":1,"minecraft:furnace":12,"minecraft:egg":3,"minecraft:cooked_beef":28,"minecraft:cobbled_deepslate":30,"minecraft:cooked_mutton":10,"minecraft:water_bucket":18,"minecraft:diorite":1,"minecraft:baked_potato":1,"minecraft:stone_pickaxe":223,"minecraft:wooden_pickaxe":3,"minecraft:golden_apple":1,"minecraft:glow_berries":5,"anthropology_items__structures:hunters_machete":154,"minecraft:crafting_table":17,"anthropology_items__structures:cracked_limestone_brick":1,"minecraft:white_bed":2,"minecraft:smoker":4,"minecraft:bread":4,"minecraft:melon_slice":21,"minecraft:iron_pickaxe":1111,"travelersbackpack:white_sleeping_bag":4,"minecraft:gravel":1,"minecraft:stone_axe":231,"minecraft:cobblestone":75,"travelersbackpack:standard":1,"minecraft:cooked_porkchop":12,"minecraft:andesite":5,"minecraft:bucket":18}},"DataVersion":3465}