{"stats":{"minecraft:dropped":{"minecraft:lapis_lazuli":22,"minecraft:cobbled_deepslate":1,"minecraft:birch_sapling":2,"minecraft:raw_iron":51,"minecraft:iron_helmet":1,"minecraft:feather":2,"minecraft:rotten_flesh":1,"minecraft:clay_ball":28,"minecraft:leather":1,"minecraft:lily_of_the_valley":1,"minecraft:stick":6,"minecraft:diorite":1,"minecraft:wooden_axe":1,"minecraft:stone_pickaxe":1,"minecraft:wooden_pickaxe":2,"minecraft:raw_gold":11,"minecraft:iron_pickaxe":1,"minecraft:ghast_tear":1,"minecraft:smooth_basalt":2},"minecraft:custom":{"minecraft:interact_with_furnace":4,"minecraft:mob_kills":11,"minecraft:interact_with_crafting_table":13,"minecraft:time_since_death":6357,"minecraft:sleep_in_bed":1,"minecraft:climb_one_cm":16499,"minecraft:time_since_rest":6419,"minecraft:sprint_one_cm":87821,"minecraft:damage_taken":560,"minecraft:walk_one_cm":59127,"minecraft:drop":21,"minecraft:damage_dealt":1072,"minecraft:swim_one_cm":8579,"minecraft:fly_one_cm":109904,"minecraft:open_chest":2,"minecraft:crouch_one_cm":1463,"minecraft:play_time":30886,"minecraft:deaths":2,"minecraft:sneak_time":2020,"minecraft:walk_under_water_one_cm":5145,"minecraft:jump":565,"minecraft:walk_on_water_one_cm":11884,"minecraft:interact_with_smoker":2,"minecraft:total_world_time":30886,"minecraft:fall_one_cm":12200},"minecraft:used":{"minecraft:stone_pickaxe":70,"minecraft:wooden_pickaxe":8,"minecraft:dirt":5,"minecraft:crafting_table":5,"minecraft:white_bed":1,"minecraft:granite":2,"minecraft:wooden_axe":14,"minecraft:stone_axe":61,"minecraft:cobblestone":1,"minecraft:furnace":1,"minecraft:stripped_oak_wood":3,"minecraft:birch_log":2,"minecraft:cooked_beef":2,"minecraft:gray_wool":2},"minecraft:picked_up":{"minecraft:birch_log":43,"minecraft:crafting_table":4,"minecraft:feather":2,"minecraft:clay_ball":28,"minecraft:jungle_log":5,"minecraft:salmon":1,"minecraft:andesite":3,"minecraft:leather":7,"minecraft:wooden_pickaxe":2,"minecraft:smoker":1,"minecraft:birch_planks":45,"minecraft:oak_log":16,"minecraft:lapis_lazuli":22,"minecraft:dirt":6,"minecraft:cobbled_deepslate":2,"minecraft:raw_gold":11,"minecraft:beef":12,"minecraft:stone_pickaxe":2,"minecraft:stripped_oak_wood":4,"minecraft:iron_pickaxe":1,"minecraft:birch_sapling":4,"minecraft:furnace":1,"minecraft:ghast_tear":3,"minecraft:stick":6,"minecraft:raw_iron":51,"minecraft:smooth_basalt":2,"minecraft:porkchop":3,"minecraft:diorite":1,"minecraft:white_bed":1,"minecraft:lily_of_the_valley":1,"minecraft:rotten_flesh":2,"minecraft:stone_axe":1,"minecraft:jungle_stairs":1,"minecraft:iron_helmet":1,"minecraft:granite":3,"minecraft:gray_wool":2,"minecraft:mutton":6,"minecraft:coal":32,"minecraft:white_wool":3,"minecraft:cobblestone":71},"minecraft:killed_by":{"minecraft:skeleton":1,"minecraft:zoglin":1},"minecraft:killed":{"minecraft:pig":2,"minecraft:salmon":1,"minecraft:sheep":4,"minecraft:cow":4},"minecraft:crafted":{"minecraft:cooked_beef":12,"minecraft:crafting_table":2,"minecraft:wooden_pickaxe":2,"minecraft:furnace":1,"minecraft:birch_planks":88,"minecraft:stone_axe":1,"minecraft:air":0,"minecraft:stick":24,"minecraft:stone_pickaxe":1,"minecraft:wooden_axe":1,"minecraft:white_bed":1,"minecraft:torch":16},"minecraft:mined":{"minecraft:white_bed":1,"minecraft:smoker":1,"minecraft:crafting_table":4,"minecraft:jungle_stairs":1,"minecraft:granite":3,"minecraft:grass_block":1,"minecraft:jungle_log":5,"minecraft:gray_wool":1,"minecraft:furnace":1,"minecraft:birch_log":41,"minecraft:birch_leaves":3,"minecraft:stripped_oak_wood":4,"minecraft:grass":2,"minecraft:oak_log":16,"minecraft:coal_ore":32,"minecraft:vine":2,"minecraft:dirt":1,"minecraft:stone":39,"minecraft:oak_leaves":1}},"DataVersion":3465}