{"stats":{"minecraft:dropped":{"minecraft:stone_axe":2,"minecraft:wheat_seeds":2,"minecraft:lapis_lazuli":22,"minecraft:cobbled_deepslate":1,"minecraft:pointed_dripstone":3,"minecraft:dripstone_block":1,"minecraft:birch_sapling":6,"minecraft:raw_iron":51,"minecraft:iron_helmet":1,"minecraft:feather":2,"minecraft:rotten_flesh":1,"minecraft:clay_ball":28,"minecraft:leather":1,"minecraft:spruce_fence":2,"minecraft:lily_of_the_valley":1,"minecraft:stick":6,"minecraft:diorite":2,"minecraft:wooden_axe":1,"minecraft:oak_sapling":2,"minecraft:bone_meal":1,"minecraft:stone_pickaxe":3,"minecraft:wooden_pickaxe":3,"minecraft:raw_gold":11,"minecraft:iron_pickaxe":1,"minecraft:ghast_tear":1,"minecraft:smooth_basalt":2},"minecraft:custom":{"minecraft:interact_with_furnace":45,"minecraft:mob_kills":40,"minecraft:interact_with_crafting_table":19,"minecraft:time_since_death":42357,"minecraft:sleep_in_bed":3,"minecraft:climb_one_cm":16619,"minecraft:time_since_rest":7524,"minecraft:sprint_one_cm":191344,"minecraft:damage_taken":1154,"minecraft:walk_one_cm":181171,"minecraft:drop":38,"minecraft:damage_dealt":4112,"minecraft:swim_one_cm":22414,"minecraft:talked_to_villager":3,"minecraft:fly_one_cm":191669,"minecraft:open_chest":9,"minecraft:crouch_one_cm":2944,"minecraft:play_time":66886,"minecraft:deaths":2,"minecraft:sneak_time":2837,"minecraft:walk_under_water_one_cm":9200,"minecraft:jump":1237,"minecraft:walk_on_water_one_cm":15545,"minecraft:interact_with_smoker":2,"minecraft:total_world_time":66886,"minecraft:fall_one_cm":31235},"minecraft:used":{"minecraft:cooked_mutton":3,"minecraft:stone_pickaxe":165,"minecraft:wooden_pickaxe":8,"minecraft:cooked_salmon":2,"minecraft:cooked_chicken":3,"minecraft:torch":20,"anthropology_items__structures:hunters_machete":39,"minecraft:dirt":5,"minecraft:red_bed":1,"minecraft:crafting_table":7,"minecraft:white_bed":1,"minecraft:granite":2,"minecraft:wooden_axe":14,"minecraft:map":1,"minecraft:iron_pickaxe":42,"minecraft:stone_axe":161,"minecraft:cobblestone":1,"minecraft:furnace":9,"minecraft:stripped_oak_wood":3,"minecraft:andesite":2,"minecraft:birch_log":2,"minecraft:egg":1,"minecraft:cooked_beef":3,"minecraft:gray_wool":2},"minecraft:picked_up":{"minecraft:birch_log":62,"minecraft:crafting_table":7,"minecraft:feather":4,"minecraft:chicken":3,"minecraft:clay_ball":28,"minecraft:jungle_log":5,"minecraft:salmon":7,"minecraft:andesite":5,"minecraft:leather":13,"minecraft:lead":2,"minecraft:wooden_pickaxe":2,"minecraft:smoker":1,"minecraft:birch_planks":45,"minecraft:oak_log":29,"minecraft:red_bed":2,"minecraft:gunpowder":2,"minecraft:string":1,"minecraft:lapis_lazuli":42,"minecraft:dirt":24,"minecraft:bone":2,"minecraft:bow":1,"minecraft:wheat_seeds":2,"minecraft:cobbled_deepslate":2,"minecraft:raw_gold":11,"minecraft:iron_ingot":1,"minecraft:beef":22,"minecraft:stone_pickaxe":3,"minecraft:stripped_oak_wood":4,"minecraft:iron_pickaxe":1,"minecraft:birch_sapling":8,"minecraft:egg":1,"minecraft:furnace":10,"minecraft:ghast_tear":3,"minecraft:stick":10,"minecraft:raw_iron":75,"minecraft:smooth_basalt":2,"minecraft:torch":2,"minecraft:dripstone_block":1,"minecraft:spruce_fence":2,"minecraft:porkchop":3,"minecraft:pointed_dripstone":3,"minecraft:diorite":2,"minecraft:white_bed":1,"minecraft:lily_of_the_valley":1,"minecraft:arrow":2,"minecraft:rotten_flesh":2,"minecraft:stone_axe":2,"minecraft:jungle_stairs":1,"minecraft:iron_helmet":1,"minecraft:granite":3,"minecraft:bone_meal":1,"minecraft:gray_wool":2,"minecraft:oak_sapling":2,"minecraft:mutton":16,"minecraft:coal":131,"minecraft:white_wool":13,"minecraft:cobblestone":134},"minecraft:killed_by":{"minecraft:skeleton":1,"minecraft:zoglin":1},"minecraft:killed":{"minecraft:pig":2,"minecraft:zombie_villager":1,"minecraft:salmon":7,"minecraft:spider":2,"minecraft:creeper":1,"minecraft:skeleton":2,"minecraft:sheep":10,"minecraft:zombie":2,"minecraft:chicken":3,"minecraft:cow":10},"minecraft:crafted":{"minecraft:cooked_beef":35,"minecraft:crafting_table":2,"minecraft:wooden_pickaxe":2,"minecraft:cooked_chicken":3,"minecraft:furnace":3,"minecraft:cooked_salmon":2,"minecraft:birch_planks":164,"minecraft:stone_axe":3,"minecraft:cooked_mutton":10,"minecraft:air":0,"minecraft:stick":32,"minecraft:iron_ingot":3,"minecraft:iron_pickaxe":1,"minecraft:stone_pickaxe":1,"minecraft:wooden_axe":1,"minecraft:white_bed":1,"minecraft:torch":56},"minecraft:mined":{"minecraft:white_bed":1,"minecraft:red_bed":2,"minecraft:smoker":1,"minecraft:torch":1,"minecraft:crafting_table":7,"minecraft:jungle_stairs":1,"minecraft:granite":3,"minecraft:spruce_fence":2,"minecraft:grass_block":1,"minecraft:jungle_log":5,"minecraft:lapis_ore":3,"minecraft:diorite":1,"minecraft:gray_wool":1,"minecraft:furnace":10,"minecraft:birch_log":60,"minecraft:iron_ore":24,"minecraft:andesite":2,"minecraft:birch_leaves":5,"minecraft:stripped_oak_wood":5,"minecraft:grass":27,"minecraft:pointed_dripstone":3,"minecraft:oak_log":26,"minecraft:coal_ore":59,"minecraft:vine":2,"minecraft:dripstone_block":1,"minecraft:dirt":1,"minecraft:stone":102,"minecraft:white_wool":4,"minecraft:fern":1,"minecraft:oak_leaves":23}},"DataVersion":3465}