{"stats":{"minecraft:killed":{"minecraft:cave_spider":6,"minecraft:witch":1,"minecraft:spider":23,"minecraft:skeleton":63,"alexsmobs:banana_slug":1,"minecraft:chicken":23,"minecraft:pig":13,"alexsmobs:grizzly_bear":2,"minecraft:salmon":2,"minecraft:creeper":11,"alexsmobs:mantis_shrimp":1,"minecraft:sheep":15,"minecraft:zombie":77,"cave_dweller:cave_dweller":2,"minecraft:cow":11,"minecraft:phantom":1,"minecraft:drowned":5,"alexsmobs:bison":1,"alexsmobs:skunk":1,"minecraft:enderman":3},"minecraft:killed_by":{"minecraft:wither_skeleton":1,"minecraft:player":1,"minecraft:enderman":1},"minecraft:dropped":{"mores:silver_ingot":10,"minecraft:brown_mushroom":4,"chococraft:loverly_gysahl_green":5,"minecraft:diamond":2,"minecraft:dark_oak_sapling":1,"minecraft:cooked_porkchop":2,"minecraft:jungle_planks":2,"mores:tin_ingot":3,"minecraft:rail":26,"minecraft:flint":2,"minecraft:emerald":25,"minecraft:dirt":76,"minecraft:dark_oak_log":22,"minecraft:dark_oak_fence":1,"minecraft:mutton":2,"minecraft:dark_oak_wood":4,"alexsmobs:flying_fish":1,"gravestone:obituary":5,"minecraft:sand":8,"minecraft:iron_pickaxe":3,"minecraft:white_wool":2,"minecraft:gold_ingot":27,"minecraft:bone":48,"minecraft:gravel":133,"minecraft:spyglass":1,"minecraft:detector_rail":2,"minecraft:cobbled_deepslate":836,"minecraft:wheat":1,"minecraft:rotten_flesh":80,"minecraft:oak_planks":2,"minecraft:carrot":1,"minecraft:gunpowder":6,"minecraft:jungle_log":7,"minecraft:azalea":1,"minecraft:acacia_sapling":3,"minecraft:arrow":1,"minecraft:iron_ingot":8,"morebows:diamond_bow":1,"minecraft:wheat_seeds":50,"chococraft:gold_gysahl":1,"minecraft:mossy_cobblestone":6,"anthropology_items__structures:hunters_machete":8,"minecraft:iron_helmet":1,"minecraft:oak_fence":19,"minecraft:mangrove_propagule":1,"minecraft:cobblestone":193,"minecraft:amethyst_block":2,"chococraft:gysahl_green_seeds":17,"minecraft:granite":27,"minecraft:copper_ingot":1,"minecraft:acacia_log":35,"minecraft:grass_block":1,"minecraft:stick":6,"minecraft:diorite":73,"minecraft:wooden_axe":1,"minecraft:brown_wool":2,"anthropology_items__structures:limestone":1,"minecraft:iron_leggings":2,"minecraft:iron_axe":1,"minecraft:red_dye":1,"minecraft:mud":1,"minecraft:smooth_stone":1,"minecraft:string":3,"minecraft:bucket":1,"minecraft:smooth_basalt":2,"minecraft:kelp":1,"minecraft:raw_copper":19,"minecraft:cocoa_beans":3,"mores:raw_tin":8,"minecraft:tuff":2,"minecraft:chicken":2,"mores:emerald_helmet":1,"minecraft:clay_ball":104,"minecraft:iron_boots":1,"minecraft:spruce_fence":1,"minecraft:cobblestone_slab":1,"minecraft:allium":1,"minecraft:iron_chestplate":1,"minecraft:andesite":63,"minecraft:oak_sapling":5,"minecraft:spider_eye":11,"minecraft:bamboo":12,"minecraft:bow":3,"minecraft:stone_pickaxe":2,"minecraft:wooden_pickaxe":2,"minecraft:calcite":6,"chococraft:gysahl_green":53},"minecraft:broken":{"minecraft:iron_shovel":1,"minecraft:stone_pickaxe":1,"minecraft:stone_axe":1,"minecraft:bow":1,"minecraft:iron_pickaxe":4,"minecraft:iron_helmet":1},"minecraft:mined":{"minecraft:large_amethyst_bud":6,"anthropology_items__structures:limestone":4,"minecraft:white_bed":1,"minecraft:jungle_leaves":4,"minecraft:granite":26,"minecraft:budding_amethyst":2,"minecraft:acacia_log":5,"minecraft:grass_block":18,"minecraft:jungle_log":13,"minecraft:spawner":1,"mores:deepslate_tourmaline_ore":10,"minecraft:iron_ore":131,"minecraft:cobbled_deepslate":5,"minecraft:fletching_table":2,"minecraft:deepslate_lapis_ore":14,"chococraft:gysahl_green":18,"minecraft:small_amethyst_bud":3,"minecraft:iron_bars":4,"minecraft:azalea":2,"minecraft:deepslate_redstone_ore":9,"minecraft:smoker":4,"minecraft:medium_amethyst_bud":6,"minecraft:amethyst_cluster":12,"minecraft:clay":4,"minecraft:torch":18,"minecraft:dark_oak_wood":9,"minecraft:calcite":9,"minecraft:melon":9,"minecraft:cobblestone":26,"minecraft:white_candle":1,"minecraft:oak_planks":1,"minecraft:wall_torch":29,"minecraft:amethyst_block":6,"minecraft:mud":7,"minecraft:grass":534,"minecraft:oak_log":48,"minecraft:dirt":69,"minecraft:smooth_basalt":2,"anthropology_items__structures:cracked_limestone_brick":1,"mores:deepslate_topaz_ore":14,"minecraft:oak_leaves":28,"minecraft:deepslate":219,"minecraft:emerald_block":6,"minecraft:tuff":2,"minecraft:quartz_stairs":2,"minecraft:mossy_cobblestone":10,"minecraft:dark_oak_leaves":8,"minecraft:deepslate_diamond_ore":14,"minecraft:dark_oak_log":2,"minecraft:mangrove_roots":1,"gravestone:gravestone":4,"minecraft:dark_oak_fence":1,"minecraft:spruce_fence":1,"travelersbackpack:white_sleeping_bag":4,"minecraft:spruce_leaves":1,"minecraft:cartography_table":2,"minecraft:mangrove_propagule":1,"minecraft:sandstone":3,"minecraft:large_fern":2,"minecraft:hay_block":8,"minecraft:spore_blossom":1,"minecraft:furnace":14,"minecraft:andesite":66,"mores:deepslate_cobalt_ore":4,"minecraft:white_glazed_terracotta":1,"minecraft:deepslate_iron_ore":23,"minecraft:cobblestone_slab":1,"minecraft:vine":10,"minecraft:rail":1,"minecraft:bamboo":3,"minecraft:stone":567,"minecraft:white_wool":3,"minecraft:podzol":4,"minecraft:oak_fence":2,"minecraft:crafting_table":20,"minecraft:tall_grass":41,"minecraft:copper_ore":5,"minecraft:lapis_ore":7,"minecraft:deepslate_gold_ore":51,"minecraft:sculk":4,"minecraft:diorite":62,"mores:tin_ore":2,"mores:deepslate_ruby_ore":2,"minecraft:birch_leaves":2,"minecraft:muddy_mangrove_roots":1,"minecraft:coal_ore":338,"minecraft:cocoa":2,"minecraft:gravel":322,"minecraft:cobweb":14,"mores:deepslate_silver_ore":10,"minecraft:gold_ore":8,"minecraft:fern":82},"minecraft:custom":{"minecraft:interact_with_crafting_table":140,"minecraft:open_barrel":10,"minecraft:leave_game":9,"minecraft:time_since_death":403500,"minecraft:sprint_one_cm":1626839,"minecraft:damage_blocked_by_shield":240,"minecraft:drop":297,"minecraft:talked_to_villager":4,"minecraft:play_time":684019,"minecraft:deaths":4,"minecraft:jump":14938,"minecraft:walk_on_water_one_cm":78384,"minecraft:enchant_item":1,"minecraft:interact_with_furnace":314,"minecraft:interact_with_cartography_table":7,"minecraft:sleep_in_bed":11,"minecraft:damage_dealt":39189,"minecraft:player_kills":2,"minecraft:crouch_one_cm":43276,"minecraft:interact_with_smoker":29,"minecraft:horse_one_cm":8632,"minecraft:interact_with_anvil":1,"minecraft:mob_kills":269,"minecraft:climb_one_cm":38818,"minecraft:walk_one_cm":1611515,"minecraft:sneak_time":16137,"minecraft:walk_under_water_one_cm":128041,"minecraft:boat_one_cm":548795,"minecraft:total_world_time":684019,"minecraft:interact_with_stonecutter":1,"minecraft:time_since_rest":181550,"minecraft:damage_absorbed":80,"minecraft:damage_taken":10234,"minecraft:swim_one_cm":210203,"minecraft:fly_one_cm":2541826,"minecraft:open_chest":376,"minecraft:fall_one_cm":400145},"minecraft:picked_up":{"chococraft:loverly_gysahl_green":5,"minecraft:wheat":1,"minecraft:amethyst_block":6,"minecraft:string":51,"minecraft:raw_copper":19,"mores:tourmaline_gem":18,"minecraft:smooth_stone":1,"minecraft:cobbled_deepslate":1051,"minecraft:cobblestone_slab":1,"minecraft:calcite":8,"minecraft:azalea":2,"minecraft:iron_pickaxe":1,"minecraft:melon_slice":37,"minecraft:furnace":14,"minecraft:white_glazed_terracotta":1,"minecraft:stick":5,"minecraft:oak_fence":28,"minecraft:torch":49,"minecraft:acacia_log":25,"minecraft:porkchop":23,"mores:topaz_gem":15,"minecraft:diorite":77,"mores:raw_tin":8,"minecraft:rotten_flesh":75,"minecraft:mangrove_roots":1,"chococraft:chocobo_drumstick_raw":1,"minecraft:iron_bars":4,"morebows:diamond_bow":1,"alexsmobs:flying_fish":1,"minecraft:cobblestone":631,"minecraft:birch_log":2,"minecraft:muddy_mangrove_roots":1,"minecraft:feather":23,"minecraft:cooked_beef":2,"minecraft:andesite":68,"minecraft:jungle_log":12,"minecraft:brown_wool":2,"minecraft:smoker":4,"minecraft:potato":1,"alexsmobs:bear_fur":2,"minecraft:flint":29,"minecraft:tuff":4,"anthropology_items__structures:hunters_machete":8,"minecraft:acacia_boat":1,"minecraft:lapis_lazuli":160,"minecraft:dirt":223,"minecraft:bone":66,"minecraft:bow":6,"minecraft:wheat_seeds":77,"minecraft:raw_gold":66,"mores:silver_ingot":1,"minecraft:fletching_table":2,"minecraft:bamboo":50,"minecraft:oak_planks":14,"minecraft:sand":52,"minecraft:bamboo_raft":3,"minecraft:jungle_planks":1,"mores:raw_cobalt":5,"minecraft:grass_block":1,"minecraft:dark_oak_log":24,"minecraft:mossy_cobblestone":6,"travelersbackpack:white_sleeping_bag":4,"minecraft:white_candle":4,"minecraft:diamond":23,"minecraft:granite":30,"mores:raw_silver":12,"minecraft:oak_sapling":3,"minecraft:dark_oak_fence":1,"minecraft:mud":7,"minecraft:cocoa_beans":6,"minecraft:crafting_table":20,"minecraft:chicken":25,"minecraft:clay_ball":104,"minecraft:brown_mushroom":4,"mores:amethyst_shield":1,"gravestone:obituary":1,"minecraft:iron_axe":1,"minecraft:cartography_table":2,"minecraft:detector_rail":2,"minecraft:beef":31,"minecraft:oak_boat":1,"anthropology_items__structures:cracked_limestone_brick":1,"minecraft:quartz_stairs":2,"minecraft:phantom_membrane":1,"minecraft:egg":5,"minecraft:dark_oak_sapling":1,"minecraft:raw_iron":151,"minecraft:sandstone":2,"minecraft:copper_ingot":1,"minecraft:spruce_fence":2,"minecraft:carrot":2,"minecraft:redstone":41,"minecraft:arrow":73,"minecraft:hay_block":8,"minecraft:mutton":19,"minecraft:rail":26,"minecraft:white_wool":16,"minecraft:golden_carrot":33,"minecraft:glow_ink_sac":9,"minecraft:salmon":2,"minecraft:leather":8,"minecraft:oak_log":48,"anthropology_items__structures:limestone":4,"minecraft:gunpowder":14,"minecraft:cooked_mutton":1,"chococraft:gysahl_green":43,"chococraft:gold_gysahl":2,"minecraft:kelp":1,"minecraft:spore_blossom":1,"minecraft:stone_pickaxe":1,"minecraft:cooked_chicken":1,"minecraft:acacia_sapling":2,"minecraft:smooth_basalt":2,"minecraft:emerald_block":8,"minecraft:spyglass":1,"minecraft:gravel":352,"mores:ruby_gem":2,"minecraft:amethyst_shard":50,"chococraft:gysahl_green_seeds":17,"minecraft:white_bed":1,"minecraft:spider_eye":12,"mores:tin_ingot":3,"minecraft:dark_oak_wood":9,"minecraft:mangrove_propagule":1,"minecraft:coal":446,"minecraft:ender_pearl":3},"minecraft:crafted":{"minecraft:oak_planks":156,"mores:emerald_leggings":1,"minecraft:cooked_chicken":17,"minecraft:cooked_mutton":19,"mores:emerald_helmet":2,"minecraft:glass":44,"minecraft:bow":1,"minecraft:iron_boots":6,"minecraft:chest":8,"mores:silver_ingot":12,"anthropology_items__structures:hunters_machete":1,"minecraft:emerald":54,"minecraft:arrow":36,"minecraft:cooked_porkchop":30,"minecraft:crafting_table":8,"travelersbackpack:lapis":1,"minecraft:iron_helmet":4,"minecraft:baked_potato":1,"minecraft:wooden_pickaxe":1,"travelersbackpack:standard":1,"minecraft:birch_planks":8,"minecraft:iron_chestplate":5,"minecraft:stick":191,"minecraft:iron_ingot":134,"minecraft:iron_pickaxe":11,"minecraft:iron_block":3,"minecraft:gold_ingot":94,"morebows:diamond_bow":1,"useless_sword:emerald_boots":1,"minecraft:furnace":12,"minecraft:bone_meal":12,"travelersbackpack:white_sleeping_bag":1,"minecraft:iron_axe":1,"minecraft:stone_pickaxe":2,"minecraft:wheat":72,"minecraft:cooked_beef":55,"minecraft:red_dye":1,"travelersbackpack:backpack_tank":2,"minecraft:iron_sword":1,"minecraft:cooked_salmon":2,"minecraft:bucket":2,"minecraft:stone_axe":3,"minecraft:bread":24,"minecraft:air":0,"minecraft:jungle_planks":20,"minecraft:iron_shovel":1,"minecraft:iron_leggings":5,"mores:emerald_chestplate":1,"minecraft:anvil":1,"minecraft:white_bed":1,"minecraft:acacia_planks":20,"minecraft:torch":496,"minecraft:lapis_block":4},"minecraft:used":{"minecraft:iron_shovel":252,"travelersbackpack:lapis":2,"minecraft:chest":7,"minecraft:iron_sword":312,"minecraft:quartz_stairs":2,"minecraft:rotten_flesh":8,"minecraft:white_candle":4,"minecraft:iron_chestplate":1,"minecraft:cocoa_beans":3,"minecraft:carrot":1,"minecraft:tuff":2,"minecraft:iron_helmet":2,"minecraft:dark_oak_wood":5,"minecraft:bow":1,"minecraft:mangrove_roots":1,"minecraft:furnace":17,"minecraft:egg":3,"minecraft:diorite":4,"minecraft:stone_pickaxe":223,"minecraft:wooden_pickaxe":3,"minecraft:sandstone":2,"minecraft:golden_apple":2,"minecraft:white_wool":3,"minecraft:glow_berries":15,"anthropology_items__structures:cracked_limestone_brick":1,"minecraft:dark_oak_log":2,"minecraft:melon_slice":37,"minecraft:bread":13,"minecraft:spore_blossom":1,"minecraft:white_glazed_terracotta":1,"minecraft:gravel":218,"minecraft:andesite":5,"chococraft:gysahl_green":1,"minecraft:oak_boat":1,"minecraft:bone_meal":12,"mores:amethyst_shield":11,"minecraft:azalea":2,"minecraft:iron_bars":4,"morebows:diamond_bow":94,"minecraft:cooked_salmon":2,"minecraft:cooked_chicken":13,"minecraft:torch":578,"minecraft:dirt":147,"minecraft:spyglass":19,"minecraft:anvil":1,"minecraft:granite":3,"useless_sword:emerald_boots":1,"minecraft:bamboo_raft":3,"minecraft:iron_axe":69,"minecraft:golden_carrot":16,"minecraft:cooked_beef":39,"minecraft:cobbled_deepslate":35,"minecraft:calcite":2,"minecraft:cooked_mutton":18,"minecraft:acacia_boat":1,"minecraft:water_bucket":20,"minecraft:baked_potato":1,"minecraft:cartography_table":2,"minecraft:fletching_table":2,"anthropology_items__structures:hunters_machete":840,"minecraft:crafting_table":28,"minecraft:white_bed":2,"minecraft:smoker":4,"minecraft:iron_pickaxe":1629,"travelersbackpack:white_sleeping_bag":4,"minecraft:stone_axe":231,"minecraft:cobblestone":120,"travelersbackpack:standard":1,"minecraft:cooked_porkchop":27,"minecraft:bucket":23,"alexsmobs:animal_dictionary":1}},"DataVersion":3465}