{"stats":{"minecraft:killed":{"minecraft:spider":7,"minecraft:skeleton":16,"minecraft:chicken":10,"minecraft:drowned":1,"minecraft:pig":8,"minecraft:salmon":2,"minecraft:creeper":2,"minecraft:sheep":9,"minecraft:zombie":21,"minecraft:cow":7,"minecraft:enderman":1},"minecraft:crafted":{"minecraft:oak_planks":112,"minecraft:cooked_chicken":8,"minecraft:furnace":7,"minecraft:cooked_mutton":10,"travelersbackpack:white_sleeping_bag":1,"minecraft:bow":1,"minecraft:iron_boots":1,"minecraft:stone_pickaxe":2,"minecraft:chest":1,"minecraft:cooked_beef":13,"minecraft:cooked_porkchop":12,"minecraft:crafting_table":4,"minecraft:iron_helmet":1,"minecraft:wooden_pickaxe":1,"minecraft:baked_potato":1,"minecraft:iron_sword":1,"minecraft:cooked_salmon":2,"minecraft:bucket":1,"minecraft:stone_axe":3,"minecraft:air":0,"minecraft:jungle_planks":20,"minecraft:iron_chestplate":1,"minecraft:stick":117,"minecraft:iron_ingot":77,"minecraft:iron_pickaxe":4,"minecraft:iron_leggings":1,"minecraft:gold_ingot":66,"minecraft:white_bed":1,"minecraft:torch":336},"minecraft:custom":{"minecraft:mob_kills":85,"minecraft:interact_with_crafting_table":35,"minecraft:leave_game":4,"minecraft:time_since_death":183810,"minecraft:climb_one_cm":22101,"minecraft:sprint_one_cm":514222,"minecraft:walk_one_cm":586918,"minecraft:drop":82,"minecraft:play_time":229413,"minecraft:sneak_time":10101,"minecraft:deaths":3,"minecraft:walk_under_water_one_cm":64095,"minecraft:jump":5443,"minecraft:walk_on_water_one_cm":20027,"minecraft:total_world_time":229413,"minecraft:interact_with_furnace":118,"minecraft:sleep_in_bed":4,"minecraft:time_since_rest":80044,"minecraft:damage_taken":4396,"minecraft:damage_absorbed":40,"minecraft:damage_dealt":13146,"minecraft:swim_one_cm":45033,"minecraft:fly_one_cm":760377,"minecraft:open_chest":51,"minecraft:crouch_one_cm":25537,"minecraft:interact_with_smoker":26,"minecraft:fall_one_cm":144255},"minecraft:mined":{"minecraft:large_amethyst_bud":6,"minecraft:tuff":1,"anthropology_items__structures:limestone":3,"minecraft:deepslate_diamond_ore":14,"minecraft:jungle_leaves":2,"gravestone:gravestone":3,"minecraft:granite":21,"minecraft:dark_oak_fence":1,"minecraft:budding_amethyst":2,"minecraft:grass_block":4,"minecraft:jungle_log":13,"travelersbackpack:white_sleeping_bag":4,"minecraft:furnace":8,"minecraft:iron_ore":68,"minecraft:cobbled_deepslate":5,"wizards_reborn:deepslate_arcanum_ore":24,"minecraft:andesite":58,"minecraft:deepslate_lapis_ore":14,"minecraft:deepslate_iron_ore":23,"minecraft:vine":7,"minecraft:small_amethyst_bud":3,"minecraft:bamboo":3,"minecraft:stone":452,"minecraft:deepslate_redstone_ore":9,"minecraft:smoker":4,"minecraft:medium_amethyst_bud":5,"minecraft:amethyst_cluster":7,"minecraft:crafting_table":12,"minecraft:torch":1,"wizards_reborn:arcanum_ore":2,"minecraft:calcite":4,"minecraft:melon":4,"minecraft:tall_grass":7,"minecraft:copper_ore":2,"minecraft:cobblestone":1,"minecraft:lapis_ore":3,"minecraft:deepslate_gold_ore":50,"minecraft:sculk":4,"minecraft:diorite":59,"minecraft:wall_torch":4,"minecraft:amethyst_block":4,"minecraft:birch_leaves":1,"minecraft:grass":195,"minecraft:oak_log":33,"minecraft:coal_ore":178,"minecraft:cocoa":1,"minecraft:gravel":30,"minecraft:dirt":18,"minecraft:cobweb":1,"minecraft:smooth_basalt":1,"minecraft:gold_ore":8,"minecraft:oak_leaves":9,"minecraft:deepslate":121,"minecraft:fern":25},"minecraft:killed_by":{"minecraft:wither_skeleton":1,"minecraft:enderman":1},"minecraft:picked_up":{"minecraft:cocoa_beans":3,"minecraft:crafting_table":12,"minecraft:chicken":11,"minecraft:amethyst_block":4,"minecraft:string":9,"minecraft:raw_copper":9,"minecraft:cobbled_deepslate":141,"minecraft:beef":13,"minecraft:calcite":4,"minecraft:melon_slice":21,"minecraft:furnace":8,"minecraft:egg":3,"minecraft:raw_iron":91,"wizards_reborn:arcanum":26,"minecraft:copper_ingot":1,"minecraft:torch":6,"minecraft:porkchop":12,"minecraft:diorite":60,"minecraft:redstone":41,"minecraft:rotten_flesh":20,"minecraft:arrow":19,"minecraft:mutton":10,"minecraft:white_wool":7,"minecraft:cobblestone":475,"minecraft:feather":12,"minecraft:andesite":58,"minecraft:glow_ink_sac":9,"minecraft:salmon":2,"minecraft:jungle_log":12,"minecraft:brown_wool":2,"minecraft:leather":4,"minecraft:smoker":4,"minecraft:potato":1,"minecraft:flint":2,"minecraft:tuff":1,"minecraft:oak_log":33,"anthropology_items__structures:limestone":3,"minecraft:gunpowder":3,"minecraft:lapis_lazuli":119,"minecraft:dirt":21,"minecraft:bone":14,"minecraft:bow":3,"minecraft:wheat_seeds":27,"minecraft:raw_gold":58,"minecraft:stone_pickaxe":1,"minecraft:bamboo":15,"minecraft:smooth_basalt":2,"minecraft:gravel":28,"minecraft:jungle_planks":1,"minecraft:amethyst_shard":30,"minecraft:grass_block":1,"minecraft:spider_eye":1,"travelersbackpack:white_sleeping_bag":4,"minecraft:diamond":14,"wizards_reborn:arcanum_dust":11,"minecraft:granite":26,"minecraft:oak_sapling":1,"minecraft:dark_oak_fence":1,"minecraft:coal":227,"minecraft:ender_pearl":1},"minecraft:dropped":{"minecraft:iron_ingot":8,"minecraft:wheat_seeds":20,"minecraft:cobblestone":145,"minecraft:granite":24,"minecraft:jungle_planks":2,"minecraft:copper_ingot":1,"minecraft:grass_block":1,"minecraft:dirt":18,"minecraft:diorite":59,"minecraft:dark_oak_fence":1,"minecraft:wooden_axe":1,"minecraft:brown_wool":2,"gravestone:obituary":3,"minecraft:string":2,"minecraft:gold_ingot":27,"minecraft:smooth_basalt":2,"minecraft:gravel":28,"minecraft:cobbled_deepslate":107,"minecraft:raw_copper":9,"minecraft:chicken":1,"minecraft:rotten_flesh":19,"minecraft:oak_planks":1,"minecraft:gunpowder":5,"minecraft:andesite":53,"minecraft:jungle_log":7,"minecraft:oak_sapling":1,"minecraft:bamboo":5,"minecraft:wooden_pickaxe":2,"minecraft:stone_pickaxe":2,"minecraft:calcite":4},"minecraft:broken":{"minecraft:stone_pickaxe":1,"minecraft:stone_axe":1,"minecraft:iron_pickaxe":3,"minecraft:bow":1},"minecraft:used":{"minecraft:chest":1,"minecraft:iron_sword":311,"minecraft:cooked_salmon":2,"minecraft:cooked_chicken":8,"minecraft:rotten_flesh":1,"minecraft:iron_chestplate":1,"minecraft:torch":331,"minecraft:dirt":3,"minecraft:cocoa_beans":3,"minecraft:tuff":1,"minecraft:granite":1,"minecraft:iron_helmet":1,"minecraft:bow":1,"minecraft:furnace":9,"minecraft:egg":2,"minecraft:cooked_beef":10,"minecraft:cobbled_deepslate":30,"minecraft:cooked_mutton":10,"minecraft:water_bucket":18,"minecraft:diorite":1,"minecraft:baked_potato":1,"minecraft:stone_pickaxe":223,"minecraft:wooden_pickaxe":3,"minecraft:golden_apple":1,"minecraft:glow_berries":5,"minecraft:crafting_table":16,"minecraft:white_bed":1,"minecraft:smoker":4,"minecraft:bread":4,"minecraft:melon_slice":21,"minecraft:iron_pickaxe":993,"travelersbackpack:white_sleeping_bag":4,"minecraft:stone_axe":231,"minecraft:cobblestone":70,"minecraft:cooked_porkchop":12,"minecraft:andesite":5,"minecraft:bucket":18}},"DataVersion":3465}