{"stats":{"minecraft:killed":{"minecraft:spider":11,"minecraft:skeleton":22,"minecraft:chicken":14,"minecraft:drowned":1,"minecraft:pig":13,"minecraft:salmon":2,"minecraft:creeper":4,"minecraft:sheep":9,"minecraft:zombie":32,"minecraft:cow":9,"minecraft:enderman":2},"minecraft:crafted":{"minecraft:oak_planks":156,"minecraft:cooked_chicken":13,"minecraft:furnace":7,"minecraft:bone_meal":12,"minecraft:cooked_mutton":12,"minecraft:glass":44,"travelersbackpack:white_sleeping_bag":1,"minecraft:bow":1,"minecraft:iron_boots":4,"minecraft:iron_axe":1,"minecraft:stone_pickaxe":2,"minecraft:chest":4,"minecraft:cooked_beef":22,"minecraft:red_dye":1,"minecraft:arrow":8,"minecraft:cooked_porkchop":23,"minecraft:crafting_table":5,"travelersbackpack:lapis":1,"travelersbackpack:standard":1,"travelersbackpack:backpack_tank":2,"minecraft:iron_helmet":2,"minecraft:wooden_pickaxe":1,"minecraft:baked_potato":1,"minecraft:iron_sword":1,"minecraft:cooked_salmon":2,"minecraft:bucket":2,"minecraft:stone_axe":3,"minecraft:air":0,"minecraft:jungle_planks":20,"minecraft:iron_chestplate":3,"minecraft:stick":161,"minecraft:iron_ingot":102,"minecraft:iron_pickaxe":5,"minecraft:iron_leggings":3,"minecraft:gold_ingot":73,"minecraft:white_bed":1,"morebows:diamond_bow":1,"minecraft:acacia_planks":20,"minecraft:torch":392,"minecraft:lapis_block":4},"minecraft:custom":{"minecraft:mob_kills":121,"minecraft:open_barrel":3,"minecraft:interact_with_crafting_table":83,"minecraft:leave_game":4,"minecraft:time_since_death":62894,"minecraft:climb_one_cm":23838,"minecraft:sprint_one_cm":779112,"minecraft:walk_one_cm":836208,"minecraft:drop":112,"minecraft:talked_to_villager":3,"minecraft:play_time":343413,"minecraft:sneak_time":11806,"minecraft:deaths":4,"minecraft:walk_under_water_one_cm":79024,"minecraft:jump":8068,"minecraft:walk_on_water_one_cm":32783,"minecraft:total_world_time":343413,"minecraft:interact_with_furnace":191,"minecraft:interact_with_cartography_table":4,"minecraft:interact_with_stonecutter":1,"minecraft:sleep_in_bed":8,"minecraft:time_since_rest":37742,"minecraft:damage_taken":6136,"minecraft:damage_absorbed":40,"minecraft:damage_dealt":19842,"minecraft:swim_one_cm":106688,"minecraft:fly_one_cm":1269735,"minecraft:open_chest":210,"minecraft:crouch_one_cm":31970,"minecraft:interact_with_smoker":28,"minecraft:fall_one_cm":218762},"minecraft:mined":{"minecraft:large_amethyst_bud":6,"minecraft:tuff":1,"minecraft:white_bed":1,"anthropology_items__structures:limestone":3,"minecraft:mossy_cobblestone":5,"minecraft:deepslate_diamond_ore":14,"minecraft:jungle_leaves":2,"gravestone:gravestone":4,"minecraft:granite":21,"minecraft:dark_oak_fence":1,"minecraft:budding_amethyst":2,"minecraft:acacia_log":5,"minecraft:grass_block":4,"minecraft:jungle_log":13,"travelersbackpack:white_sleeping_bag":4,"minecraft:cartography_table":2,"minecraft:furnace":11,"minecraft:iron_ore":98,"minecraft:cobbled_deepslate":5,"wizards_reborn:deepslate_arcanum_ore":24,"minecraft:andesite":62,"minecraft:deepslate_lapis_ore":14,"minecraft:white_glazed_terracotta":1,"minecraft:deepslate_iron_ore":23,"minecraft:vine":7,"minecraft:small_amethyst_bud":3,"minecraft:bamboo":3,"minecraft:stone":466,"minecraft:deepslate_redstone_ore":9,"minecraft:smoker":4,"minecraft:medium_amethyst_bud":5,"minecraft:amethyst_cluster":7,"minecraft:crafting_table":13,"minecraft:torch":6,"wizards_reborn:arcanum_ore":2,"minecraft:calcite":4,"minecraft:melon":4,"minecraft:tall_grass":18,"minecraft:copper_ore":4,"minecraft:cobblestone":1,"minecraft:lapis_ore":7,"minecraft:deepslate_gold_ore":50,"minecraft:sculk":4,"minecraft:diorite":59,"minecraft:wall_torch":14,"minecraft:amethyst_block":4,"minecraft:birch_leaves":1,"minecraft:grass":233,"minecraft:oak_log":48,"minecraft:coal_ore":269,"minecraft:cocoa":1,"minecraft:gravel":32,"minecraft:dirt":20,"minecraft:cobweb":1,"minecraft:smooth_basalt":1,"anthropology_items__structures:cracked_limestone_brick":1,"minecraft:gold_ore":8,"minecraft:oak_leaves":13,"minecraft:deepslate":121,"minecraft:fern":25},"minecraft:killed_by":{"minecraft:player":1,"minecraft:wither_skeleton":1,"minecraft:enderman":1},"minecraft:picked_up":{"minecraft:cocoa_beans":3,"minecraft:crafting_table":13,"minecraft:chicken":16,"minecraft:amethyst_block":4,"minecraft:string":12,"minecraft:raw_copper":14,"minecraft:cartography_table":2,"minecraft:cobbled_deepslate":141,"minecraft:beef":20,"minecraft:calcite":4,"anthropology_items__structures:cracked_limestone_brick":1,"minecraft:melon_slice":21,"minecraft:furnace":10,"minecraft:egg":4,"minecraft:white_glazed_terracotta":1,"minecraft:raw_iron":121,"wizards_reborn:arcanum":26,"minecraft:copper_ingot":1,"minecraft:acacia_log":25,"minecraft:torch":22,"minecraft:porkchop":23,"minecraft:diorite":60,"minecraft:redstone":41,"minecraft:rotten_flesh":28,"minecraft:arrow":27,"minecraft:mutton":10,"minecraft:white_wool":7,"minecraft:cobblestone":491,"minecraft:feather":16,"minecraft:cooked_beef":2,"minecraft:andesite":62,"minecraft:glow_ink_sac":9,"minecraft:salmon":2,"minecraft:jungle_log":12,"minecraft:brown_wool":2,"minecraft:leather":6,"minecraft:smoker":4,"minecraft:potato":1,"minecraft:flint":3,"minecraft:tuff":1,"minecraft:oak_log":48,"anthropology_items__structures:limestone":3,"minecraft:gunpowder":4,"minecraft:lapis_lazuli":144,"minecraft:dirt":82,"minecraft:bone":18,"minecraft:bow":3,"minecraft:wheat_seeds":35,"minecraft:raw_gold":58,"minecraft:stone_pickaxe":1,"minecraft:bamboo":15,"minecraft:acacia_sapling":1,"minecraft:smooth_basalt":2,"minecraft:gravel":29,"minecraft:sand":44,"minecraft:jungle_planks":1,"minecraft:amethyst_shard":30,"minecraft:white_bed":1,"minecraft:grass_block":1,"minecraft:spider_eye":4,"minecraft:mossy_cobblestone":5,"travelersbackpack:white_sleeping_bag":4,"minecraft:diamond":23,"wizards_reborn:arcanum_dust":11,"minecraft:granite":26,"minecraft:oak_sapling":1,"minecraft:dark_oak_fence":1,"minecraft:coal":379,"minecraft:ender_pearl":2},"minecraft:dropped":{"minecraft:iron_ingot":8,"minecraft:wheat_seeds":28,"minecraft:mossy_cobblestone":5,"minecraft:diamond":2,"minecraft:cooked_porkchop":2,"minecraft:cobblestone":146,"minecraft:granite":25,"minecraft:jungle_planks":2,"minecraft:copper_ingot":1,"minecraft:acacia_log":35,"minecraft:grass_block":1,"minecraft:dirt":18,"minecraft:diorite":59,"minecraft:dark_oak_fence":1,"minecraft:wooden_axe":1,"minecraft:brown_wool":2,"gravestone:obituary":4,"minecraft:red_dye":1,"minecraft:string":2,"minecraft:bucket":1,"minecraft:gold_ingot":27,"minecraft:smooth_basalt":2,"minecraft:gravel":28,"minecraft:cobbled_deepslate":107,"minecraft:raw_copper":14,"minecraft:chicken":1,"minecraft:rotten_flesh":27,"minecraft:oak_planks":2,"minecraft:gunpowder":6,"minecraft:andesite":57,"minecraft:jungle_log":7,"minecraft:acacia_sapling":1,"minecraft:oak_sapling":1,"minecraft:spider_eye":4,"minecraft:bamboo":5,"minecraft:wooden_pickaxe":2,"minecraft:stone_pickaxe":2,"minecraft:calcite":4},"minecraft:broken":{"minecraft:stone_pickaxe":1,"minecraft:stone_axe":1,"minecraft:iron_pickaxe":4,"minecraft:bow":1},"minecraft:used":{"morebows:diamond_bow":4,"minecraft:chest":3,"minecraft:iron_sword":312,"minecraft:cooked_salmon":2,"minecraft:cooked_chicken":11,"minecraft:rotten_flesh":1,"minecraft:iron_chestplate":1,"minecraft:torch":396,"minecraft:dirt":64,"minecraft:cocoa_beans":3,"minecraft:tuff":1,"minecraft:granite":1,"minecraft:iron_axe":25,"minecraft:iron_helmet":1,"minecraft:bow":1,"minecraft:furnace":12,"minecraft:egg":3,"minecraft:cooked_beef":28,"minecraft:cobbled_deepslate":30,"minecraft:cooked_mutton":10,"minecraft:water_bucket":18,"minecraft:diorite":1,"minecraft:cartography_table":2,"minecraft:baked_potato":1,"minecraft:stone_pickaxe":223,"minecraft:wooden_pickaxe":3,"minecraft:golden_apple":1,"minecraft:glow_berries":5,"anthropology_items__structures:hunters_machete":180,"minecraft:crafting_table":17,"anthropology_items__structures:cracked_limestone_brick":1,"minecraft:white_bed":2,"minecraft:smoker":4,"minecraft:bread":4,"minecraft:melon_slice":21,"minecraft:iron_pickaxe":1152,"travelersbackpack:white_sleeping_bag":4,"minecraft:white_glazed_terracotta":1,"minecraft:gravel":1,"minecraft:stone_axe":231,"minecraft:cobblestone":75,"travelersbackpack:standard":1,"minecraft:cooked_porkchop":14,"minecraft:andesite":5,"minecraft:bucket":21,"minecraft:bone_meal":12}},"DataVersion":3465}