{"stats":{"minecraft:dropped":{"minecraft:lapis_lazuli":22,"minecraft:cobbled_deepslate":1,"minecraft:birch_sapling":2,"minecraft:raw_iron":51,"minecraft:iron_helmet":1,"minecraft:feather":2,"minecraft:rotten_flesh":1,"minecraft:clay_ball":28,"minecraft:leather":1,"minecraft:lily_of_the_valley":1,"minecraft:stick":6,"minecraft:diorite":1,"minecraft:wooden_axe":1,"minecraft:stone_pickaxe":1,"minecraft:wooden_pickaxe":1,"minecraft:raw_gold":11,"minecraft:iron_pickaxe":1,"minecraft:ghast_tear":1,"minecraft:smooth_basalt":2},"minecraft:custom":{"minecraft:interact_with_furnace":4,"minecraft:mob_kills":11,"minecraft:interact_with_crafting_table":6,"minecraft:time_since_death":13527,"minecraft:climb_one_cm":2562,"minecraft:time_since_rest":13569,"minecraft:sprint_one_cm":57146,"minecraft:damage_taken":270,"minecraft:walk_one_cm":41527,"minecraft:drop":20,"minecraft:damage_dealt":982,"minecraft:swim_one_cm":8579,"minecraft:fly_one_cm":66723,"minecraft:crouch_one_cm":926,"minecraft:play_time":18886,"minecraft:deaths":1,"minecraft:sneak_time":937,"minecraft:walk_under_water_one_cm":5145,"minecraft:jump":349,"minecraft:walk_on_water_one_cm":6637,"minecraft:total_world_time":18886,"minecraft:fall_one_cm":7170},"minecraft:used":{"minecraft:stone_pickaxe":49,"minecraft:wooden_pickaxe":5,"minecraft:dirt":5,"minecraft:crafting_table":3,"minecraft:granite":2,"minecraft:wooden_axe":14,"minecraft:stone_axe":42,"minecraft:cobblestone":1,"minecraft:furnace":1,"minecraft:birch_log":2,"minecraft:cooked_beef":2,"minecraft:gray_wool":1},"minecraft:picked_up":{"minecraft:birch_log":35,"minecraft:crafting_table":3,"minecraft:feather":2,"minecraft:clay_ball":28,"minecraft:salmon":1,"minecraft:andesite":3,"minecraft:leather":7,"minecraft:wooden_pickaxe":1,"minecraft:birch_planks":45,"minecraft:oak_log":16,"minecraft:lapis_lazuli":22,"minecraft:dirt":5,"minecraft:cobbled_deepslate":2,"minecraft:raw_gold":11,"minecraft:beef":12,"minecraft:stone_pickaxe":2,"minecraft:iron_pickaxe":1,"minecraft:birch_sapling":4,"minecraft:furnace":1,"minecraft:ghast_tear":3,"minecraft:stick":6,"minecraft:raw_iron":51,"minecraft:smooth_basalt":2,"minecraft:porkchop":3,"minecraft:diorite":1,"minecraft:lily_of_the_valley":1,"minecraft:rotten_flesh":2,"minecraft:stone_axe":1,"minecraft:iron_helmet":1,"minecraft:granite":3,"minecraft:gray_wool":2,"minecraft:mutton":6,"minecraft:coal":16,"minecraft:white_wool":3,"minecraft:cobblestone":65},"minecraft:killed_by":{"minecraft:zoglin":1},"minecraft:killed":{"minecraft:pig":2,"minecraft:salmon":1,"minecraft:sheep":4,"minecraft:cow":4},"minecraft:crafted":{"minecraft:cooked_beef":12,"minecraft:crafting_table":1,"minecraft:wooden_pickaxe":1,"minecraft:furnace":1,"minecraft:birch_planks":56,"minecraft:stone_axe":1,"minecraft:air":0,"minecraft:stick":16,"minecraft:wooden_axe":1},"minecraft:mined":{"minecraft:crafting_table":3,"minecraft:granite":3,"minecraft:gray_wool":1,"minecraft:furnace":1,"minecraft:birch_log":33,"minecraft:birch_leaves":3,"minecraft:grass":2,"minecraft:oak_log":16,"minecraft:coal_ore":16,"minecraft:dirt":1,"minecraft:stone":33,"minecraft:oak_leaves":1}},"DataVersion":3465}