{"stats":{"minecraft:killed":{"minecraft:cave_spider":6,"minecraft:witch":1,"minecraft:spider":30,"alexsmobs:froststalker":4,"minecraft:skeleton":86,"alexsmobs:orca":2,"alexsmobs:banana_slug":1,"minecraft:chicken":26,"minecraft:silverfish":1,"minecraft:magma_cube":5,"minecraft:pig":13,"alexsmobs:grizzly_bear":3,"minecraft:salmon":2,"minecraft:iron_golem":1,"alexsmobs:mantis_shrimp":1,"minecraft:creeper":11,"minecraft:sheep":15,"alexsmobs:flutter":1,"minecraft:zombie":95,"alexsmobs:fly":1,"cave_dweller:cave_dweller":4,"minecraft:cow":12,"chococraft:chocobo":1,"alexsmobs:tasmanian_devil":1,"minecraft:phantom":1,"alexsmobs:bison":2,"minecraft:drowned":9,"alexsmobs:skunk":1,"alexsmobs:elephant":1,"minecraft:enderman":7},"minecraft:killed_by":{"minecraft:wither_skeleton":1,"minecraft:player":1,"minecraft:enderman":1},"minecraft:dropped":{"mores:silver_ingot":11,"minecraft:soul_sand":2,"minecraft:moss_block":58,"minecraft:brown_mushroom":4,"minecraft:porkchop":3,"chococraft:loverly_gysahl_green":6,"minecraft:lapis_lazuli":56,"minecraft:diamond":12,"minecraft:spore_blossom":1,"minecraft:crafting_table":1,"minecraft:dark_oak_sapling":1,"minecraft:cooked_porkchop":2,"minecraft:sandstone_stairs":1,"minecraft:sandstone_slab":2,"minecraft:leather":22,"minecraft:jungle_planks":2,"minecraft:fletching_table":1,"mores:tin_ingot":3,"minecraft:rail":26,"minecraft:leather_helmet":2,"minecraft:red_carpet":8,"minecraft:emerald":25,"minecraft:flint":2,"minecraft:cracked_polished_blackstone_bricks":16,"minecraft:dirt":181,"minecraft:red_bed":1,"minecraft:dark_oak_log":22,"minecraft:dark_oak_fence":1,"minecraft:polished_blackstone_brick_stairs":2,"mores:ruby_gem":3,"minecraft:dark_oak_wood":4,"minecraft:mutton":2,"alexsmobs:flying_fish":1,"minecraft:snowball":83,"mores:amethyst_shield":1,"gravestone:obituary":7,"minecraft:gold_nugget":11,"minecraft:gilded_blackstone":1,"minecraft:sand":17,"minecraft:polished_blackstone_bricks":104,"minecraft:iron_pickaxe":4,"mores:ruby_pickaxe":1,"minecraft:dark_oak_planks":5,"minecraft:white_wool":5,"minecraft:bone":48,"minecraft:gold_ingot":34,"minecraft:gravel":181,"minecraft:chiseled_polished_blackstone":1,"minecraft:blackstone":8,"minecraft:sugar_cane":1,"minecraft:spyglass":1,"minecraft:cooked_chicken":3,"minecraft:iron_nugget":51,"minecraft:detector_rail":2,"minecraft:cobbled_deepslate":2900,"minecraft:nether_brick":8,"minecraft:wheat":2,"mores:topaz_leggings":1,"minecraft:obsidian":6,"minecraft:rotten_flesh":148,"minecraft:oak_planks":4,"minecraft:light_gray_carpet":3,"minecraft:salmon":1,"minecraft:carrot":1,"minecraft:poppy":1,"minecraft:leather_chestplate":2,"minecraft:gunpowder":10,"minecraft:charcoal":12,"minecraft:jungle_log":7,"minecraft:acacia_sapling":6,"minecraft:azalea":1,"mores:emerald_chestplate":1,"minecraft:basalt":2,"minecraft:iron_bars":2,"minecraft:arrow":6,"minecraft:beef":2,"minecraft:quartz":7,"minecraft:netherrack":20,"minecraft:iron_ingot":8,"morebows:diamond_bow":2,"minecraft:wheat_seeds":85,"chococraft:gold_gysahl":1,"minecraft:tnt":11,"minecraft:mossy_cobblestone":19,"anthropology_items__structures:hunters_machete":9,"mores:topaz_gem":40,"minecraft:mangrove_propagule":1,"minecraft:oak_fence":33,"minecraft:iron_helmet":1,"minecraft:cobblestone":225,"minecraft:amethyst_block":2,"chococraft:gysahl_green_seeds":26,"minecraft:granite":82,"minecraft:copper_ingot":4,"minecraft:spruce_door":2,"minecraft:tropical_fish":1,"minecraft:acacia_log":36,"minecraft:grass_block":5,"mores:stone_dagger":1,"minecraft:coal":2,"minecraft:golden_apple":1,"minecraft:polished_andesite":1,"minecraft:stick":21,"minecraft:jungle_slab":1,"minecraft:mossy_cobblestone_slab":1,"minecraft:diorite":74,"minecraft:golden_carrot":64,"minecraft:wooden_axe":2,"chococraft:chocobo_drumstick_raw":2,"minecraft:brown_wool":3,"anthropology_items__structures:limestone":1,"minecraft:iron_leggings":2,"minecraft:oak_stairs":7,"minecraft:white_banner":1,"minecraft:iron_axe":2,"minecraft:red_dye":1,"minecraft:polished_basalt":2,"minecraft:mud":1,"minecraft:smooth_stone":1,"minecraft:string":66,"minecraft:smooth_sandstone":4,"minecraft:tripwire_hook":1,"minecraft:bucket":1,"minecraft:redstone":105,"minecraft:dandelion":2,"minecraft:smooth_basalt":10,"mores:emerald_leggings":1,"minecraft:furnace":1,"minecraft:kelp":1,"useless_sword:emerald_boots":1,"minecraft:soul_soil":3,"minecraft:oak_trapdoor":1,"minecraft:cocoa_beans":24,"minecraft:raw_copper":19,"mores:raw_tin":8,"minecraft:deepslate":558,"minecraft:tuff":219,"minecraft:raw_iron":8,"minecraft:chicken":6,"minecraft:white_carpet":14,"mores:emerald_helmet":2,"minecraft:clay_ball":168,"minecraft:iron_boots":1,"mores:raw_cobalt":12,"minecraft:spruce_fence":1,"minecraft:flint_and_steel":1,"minecraft:cobblestone_slab":1,"minecraft:potato":10,"minecraft:stone":11,"minecraft:allium":1,"travelersbackpack:lapis":2,"minecraft:diamond_pickaxe":1,"minecraft:iron_chestplate":1,"minecraft:andesite":77,"minecraft:mossy_stone_bricks":2,"mores:raw_silver":12,"minecraft:oak_sapling":6,"minecraft:redstone_torch":2,"minecraft:stone_bricks":11,"minecraft:spider_eye":18,"minecraft:brown_carpet":1,"minecraft:bamboo":12,"minecraft:bow":8,"minecraft:stone_pickaxe":2,"minecraft:wooden_pickaxe":2,"minecraft:raw_gold":11,"minecraft:calcite":6,"minecraft:magma_block":6,"mores:silver_shovel":1,"chococraft:gysahl_green":211,"minecraft:brick":20},"minecraft:broken":{"minecraft:iron_shovel":1,"minecraft:stone_pickaxe":1,"minecraft:stone_axe":1,"minecraft:bow":1,"minecraft:iron_pickaxe":4,"minecraft:iron_helmet":1},"minecraft:mined":{"minecraft:large_amethyst_bud":6,"anthropology_items__structures:limestone":4,"minecraft:white_bed":1,"minecraft:jungle_slab":1,"minecraft:jungle_leaves":4,"minecraft:sculk_vein":33,"minecraft:brewing_stand":1,"minecraft:obsidian":3,"minecraft:granite":30,"minecraft:budding_amethyst":2,"minecraft:acacia_log":5,"minecraft:grass_block":23,"minecraft:jungle_log":15,"minecraft:cracked_polished_blackstone_bricks":3,"minecraft:soul_soil":2,"minecraft:spawner":1,"minecraft:gilded_blackstone":2,"minecraft:polished_blackstone_bricks":11,"minecraft:mossy_cobblestone_slab":1,"mores:deepslate_tourmaline_ore":42,"minecraft:mossy_cobblestone_stairs":1,"minecraft:iron_ore":131,"minecraft:fire":5,"minecraft:cobbled_deepslate":8,"minecraft:deepslate_lapis_ore":16,"minecraft:fletching_table":2,"chococraft:gysahl_green":28,"minecraft:iron_bars":5,"minecraft:small_amethyst_bud":3,"minecraft:azalea":2,"mores:deepslate_moissanite_ore":8,"minecraft:deepslate_redstone_ore":10,"minecraft:medium_amethyst_bud":6,"minecraft:blackstone":7,"minecraft:smoker":6,"minecraft:amethyst_cluster":12,"mores:deepslate_anthracite_ore":1,"minecraft:clay":9,"minecraft:torch":32,"minecraft:dark_oak_wood":16,"minecraft:poppy":1,"minecraft:calcite":9,"minecraft:melon":9,"minecraft:cobblestone":34,"minecraft:white_candle":1,"minecraft:oak_planks":3,"minecraft:wall_torch":44,"mores:deepslate_turquoise_ore":35,"minecraft:amethyst_block":6,"minecraft:mud":7,"minecraft:wheat":1,"minecraft:stripped_oak_wood":2,"minecraft:tnt":46,"minecraft:grass":704,"minecraft:oak_log":49,"minecraft:dirt":76,"minecraft:smooth_basalt":2,"mores:deepslate_topaz_ore":38,"anthropology_items__structures:cracked_limestone_brick":1,"minecraft:netherrack":8,"minecraft:oak_leaves":33,"minecraft:deepslate":830,"minecraft:emerald_block":7,"minecraft:tuff":36,"minecraft:red_carpet":4,"travelersbackpack:lapis":7,"minecraft:quartz_stairs":2,"minecraft:mossy_cobblestone":17,"minecraft:dark_oak_leaves":8,"minecraft:deepslate_diamond_ore":40,"minecraft:dark_oak_log":2,"minecraft:mangrove_roots":1,"gravestone:gravestone":5,"minecraft:dark_oak_fence":1,"minecraft:spruce_fence":1,"travelersbackpack:white_sleeping_bag":6,"minecraft:spruce_leaves":1,"minecraft:cartography_table":2,"minecraft:sandstone":3,"minecraft:moss_block":58,"minecraft:mangrove_propagule":1,"minecraft:large_fern":2,"minecraft:hay_block":8,"minecraft:spore_blossom":1,"minecraft:oak_trapdoor":1,"minecraft:furnace":14,"minecraft:polished_basalt":2,"minecraft:andesite":71,"mores:deepslate_cobalt_ore":6,"minecraft:white_glazed_terracotta":1,"minecraft:cobblestone_slab":1,"minecraft:deepslate_iron_ore":23,"minecraft:vine":12,"minecraft:rail":1,"minecraft:bamboo":3,"minecraft:stone":571,"minecraft:bone_block":10,"minecraft:white_wool":3,"minecraft:podzol":4,"minecraft:smithing_table":1,"minecraft:soul_sand":1,"minecraft:infested_stone_bricks":1,"minecraft:basalt":12,"minecraft:dandelion":1,"minecraft:oak_fence":2,"minecraft:crafting_table":23,"minecraft:sculk_sensor":3,"minecraft:copper_ore":5,"minecraft:tall_grass":46,"minecraft:lapis_ore":7,"minecraft:deepslate_gold_ore":56,"minecraft:polished_blackstone_brick_stairs":1,"minecraft:diorite":63,"minecraft:sculk":286,"mores:tin_ore":2,"mores:deepslate_ruby_ore":12,"minecraft:white_carpet":7,"minecraft:birch_leaves":3,"minecraft:white_wall_banner":1,"minecraft:muddy_mangrove_roots":1,"minecraft:coal_ore":338,"minecraft:cocoa":2,"minecraft:gravel":344,"minecraft:cobweb":14,"minecraft:cracked_stone_bricks":1,"minecraft:stone_bricks":11,"mores:deepslate_silver_ore":10,"minecraft:mossy_stone_bricks":4,"minecraft:gold_ore":8,"minecraft:fern":82},"minecraft:custom":{"minecraft:interact_with_crafting_table":181,"minecraft:open_barrel":10,"minecraft:leave_game":12,"minecraft:time_since_death":168823,"minecraft:sprint_one_cm":2377981,"minecraft:damage_blocked_by_shield":340,"minecraft:drop":696,"minecraft:talked_to_villager":37,"minecraft:play_time":1000020,"minecraft:deaths":5,"minecraft:jump":21105,"minecraft:interact_with_brewingstand":1,"minecraft:walk_on_water_one_cm":175252,"minecraft:enchant_item":1,"minecraft:interact_with_furnace":333,"minecraft:interact_with_cartography_table":7,"minecraft:sleep_in_bed":18,"minecraft:damage_dealt":52423,"minecraft:player_kills":3,"minecraft:crouch_one_cm":72478,"minecraft:interact_with_smoker":38,"minecraft:horse_one_cm":8632,"minecraft:interact_with_smithing_table":10,"minecraft:interact_with_anvil":4,"minecraft:mob_kills":354,"minecraft:climb_one_cm":48545,"minecraft:walk_one_cm":2392016,"minecraft:sneak_time":25470,"minecraft:walk_under_water_one_cm":255314,"minecraft:boat_one_cm":707899,"minecraft:total_world_time":1000020,"minecraft:interact_with_stonecutter":1,"minecraft:time_since_rest":6403,"minecraft:damage_absorbed":120,"minecraft:damage_taken":14012,"minecraft:swim_one_cm":339662,"minecraft:fly_one_cm":3720764,"minecraft:open_chest":509,"minecraft:fall_one_cm":563725},"minecraft:picked_up":{"chococraft:loverly_gysahl_green":6,"minecraft:wheat":2,"minecraft:smithing_table":1,"minecraft:lead":2,"minecraft:oak_stairs":7,"minecraft:nether_brick":8,"minecraft:gilded_blackstone":2,"mores:silver_shovel":1,"minecraft:brewing_stand":1,"minecraft:amethyst_block":6,"minecraft:polished_blackstone_brick_stairs":2,"minecraft:string":79,"minecraft:soul_soil":4,"minecraft:raw_copper":19,"mores:tourmaline_gem":50,"minecraft:smooth_stone":1,"alexsmobs:banana":2,"minecraft:gold_nugget":11,"minecraft:cobbled_deepslate":2978,"minecraft:redstone_torch":2,"minecraft:cobblestone_slab":1,"minecraft:calcite":8,"minecraft:azalea":2,"minecraft:iron_pickaxe":2,"minecraft:melon_slice":37,"minecraft:furnace":15,"minecraft:white_glazed_terracotta":1,"minecraft:stick":6,"mores:ruby_pickaxe":1,"minecraft:oak_fence":40,"minecraft:torch":81,"minecraft:acacia_log":25,"minecraft:porkchop":29,"mores:topaz_gem":66,"minecraft:diorite":78,"mores:topaz_leggings":1,"minecraft:brown_carpet":1,"mores:raw_tin":8,"minecraft:rotten_flesh":102,"minecraft:polished_basalt":2,"minecraft:mangrove_roots":1,"chococraft:chocobo_drumstick_raw":2,"minecraft:obsidian":9,"minecraft:iron_bars":6,"minecraft:snowball":147,"morebows:diamond_bow":2,"alexsmobs:flying_fish":1,"minecraft:cobblestone":660,"minecraft:birch_log":2,"minecraft:mossy_cobblestone_slab":1,"minecraft:magma_block":6,"minecraft:muddy_mangrove_roots":1,"minecraft:feather":28,"minecraft:cooked_beef":4,"minecraft:andesite":86,"minecraft:magma_cream":1,"minecraft:water_bucket":1,"minecraft:jungle_log":12,"minecraft:brown_wool":2,"minecraft:potato":11,"minecraft:smoker":6,"alexsmobs:bear_fur":2,"alexsmobs:bison_fur":2,"minecraft:flint":36,"minecraft:tuff":200,"anthropology_items__structures:hunters_machete":9,"minecraft:acacia_boat":1,"minecraft:lapis_lazuli":200,"minecraft:dirt":314,"minecraft:bone":113,"minecraft:bow":9,"minecraft:wheat_seeds":106,"minecraft:raw_gold":69,"mores:silver_ingot":1,"minecraft:mossy_stone_bricks":6,"minecraft:fletching_table":3,"minecraft:bamboo":50,"minecraft:moss_block":58,"minecraft:oak_planks":38,"mores:turquoise_gem":39,"minecraft:chiseled_polished_blackstone":1,"minecraft:jungle_planks":1,"minecraft:sand":61,"minecraft:bamboo_raft":3,"mores:raw_cobalt":12,"minecraft:grass_block":5,"minecraft:dark_oak_log":24,"minecraft:jungle_slab":1,"minecraft:mossy_cobblestone":19,"travelersbackpack:white_sleeping_bag":5,"minecraft:polished_andesite":1,"minecraft:white_candle":4,"minecraft:deepslate":574,"minecraft:diamond":51,"minecraft:cracked_polished_blackstone_bricks":16,"minecraft:blue_ice":1,"minecraft:granite":79,"minecraft:emerald":1,"alexsmobs:maggot":1,"minecraft:light_gray_carpet":3,"minecraft:oak_sapling":4,"mores:raw_silver":12,"minecraft:netherrack":38,"minecraft:dark_oak_fence":1,"minecraft:diamond_pickaxe":2,"minecraft:charcoal":10,"minecraft:cocoa_beans":6,"minecraft:mud":7,"minecraft:crafting_table":25,"minecraft:chicken":30,"minecraft:ladder":1,"minecraft:clay_ball":168,"minecraft:brown_mushroom":4,"minecraft:diamond_horse_armor":1,"minecraft:gold_block":3,"mores:amethyst_shield":2,"mores:stone_dagger":1,"alexsmobs:froststalker_horn":3,"gravestone:obituary":2,"minecraft:brick":20,"minecraft:oak_trapdoor":1,"minecraft:red_bed":1,"minecraft:iron_axe":1,"minecraft:white_carpet":15,"minecraft:blackstone":21,"minecraft:cracked_stone_bricks":12,"minecraft:cartography_table":2,"minecraft:detector_rail":2,"travelersbackpack:lapis":9,"minecraft:beef":46,"minecraft:oak_boat":3,"anthropology_items__structures:cracked_limestone_brick":1,"minecraft:poppy":1,"minecraft:sugar_cane":1,"minecraft:quartz_stairs":2,"minecraft:chest":4,"minecraft:egg":7,"minecraft:phantom_membrane":1,"minecraft:dark_oak_sapling":1,"minecraft:raw_iron":159,"minecraft:sandstone":2,"minecraft:stone":11,"minecraft:copper_ingot":1,"minecraft:spruce_fence":2,"minecraft:polished_blackstone_bricks":104,"minecraft:carrot":5,"minecraft:redstone":142,"alexsmobs:crocodile_scute":1,"minecraft:tnt":110,"minecraft:arrow":113,"minecraft:hay_block":8,"minecraft:gold_ingot":7,"minecraft:glow_berries":2,"minecraft:rail":26,"minecraft:mutton":19,"minecraft:white_wool":19,"minecraft:bone_block":10,"minecraft:basalt":2,"minecraft:tripwire_hook":1,"minecraft:glow_ink_sac":9,"minecraft:golden_carrot":161,"minecraft:salmon":2,"minecraft:leather":25,"chococraft:chocobo_saddle":1,"minecraft:oak_log":66,"anthropology_items__structures:limestone":4,"minecraft:gunpowder":18,"minecraft:white_banner":1,"minecraft:cooked_mutton":1,"chococraft:chocobo_feather":2,"minecraft:red_carpet":8,"chococraft:gysahl_green":221,"minecraft:stone_bricks":12,"minecraft:kelp":1,"chococraft:gold_gysahl":4,"minecraft:spore_blossom":2,"minecraft:iron_ingot":9,"minecraft:stone_pickaxe":1,"minecraft:cooked_chicken":2,"minecraft:acacia_sapling":2,"minecraft:soul_sand":3,"travelersbackpack:blank_upgrade":4,"minecraft:smooth_basalt":14,"minecraft:emerald_block":11,"minecraft:birch_boat":2,"minecraft:quartz":7,"minecraft:dandelion":1,"minecraft:spyglass":1,"minecraft:gravel":399,"mores:ruby_gem":15,"minecraft:amethyst_shard":50,"chococraft:gysahl_green_seeds":26,"mores:moissanite_gem":8,"minecraft:white_bed":2,"minecraft:spider_eye":17,"minecraft:spruce_door":2,"mores:tin_ingot":3,"mores:anthracite":8,"minecraft:mangrove_propagule":1,"minecraft:dark_oak_wood":9,"minecraft:coal":447,"minecraft:ender_pearl":6},"minecraft:crafted":{"minecraft:oak_planks":184,"travelersbackpack:crafting_upgrade":1,"mores:emerald_leggings":1,"minecraft:cooked_chicken":18,"minecraft:cooked_mutton":19,"mores:emerald_helmet":2,"mores:turquoise_helmet":1,"minecraft:glass":44,"minecraft:bow":1,"minecraft:iron_boots":6,"minecraft:chest":8,"mores:silver_ingot":12,"anthropology_items__structures:hunters_machete":2,"travelersbackpack:iron_tier_upgrade":1,"minecraft:arrow":56,"minecraft:emerald":72,"minecraft:cooked_porkchop":33,"minecraft:crafting_table":11,"travelersbackpack:lapis":5,"mores:topaz_hoe":1,"travelersbackpack:standard":1,"minecraft:wooden_pickaxe":1,"minecraft:baked_potato":1,"minecraft:iron_helmet":4,"minecraft:birch_planks":8,"minecraft:iron_chestplate":5,"minecraft:stick":243,"minecraft:iron_ingot":134,"minecraft:iron_pickaxe":12,"minecraft:iron_block":3,"minecraft:gold_ingot":94,"morebows:diamond_bow":1,"useless_sword:emerald_boots":1,"mores:ruby_axe":1,"minecraft:furnace":12,"minecraft:bone_meal":147,"travelersbackpack:gold_tier_upgrade":1,"minecraft:flint_and_steel":1,"travelersbackpack:white_sleeping_bag":1,"minecraft:iron_axe":1,"minecraft:stone_pickaxe":2,"mores:turquoise_leggings":1,"travelersbackpack:diamond_tier_upgrade":1,"minecraft:wheat":72,"minecraft:cooked_beef":68,"minecraft:red_dye":1,"minecraft:bone_block":15,"minecraft:iron_trapdoor":1,"travelersbackpack:backpack_tank":2,"mores:ruby_pickaxe":1,"minecraft:iron_sword":1,"minecraft:cooked_salmon":2,"mores:turquoise_chestplate":1,"minecraft:bucket":2,"minecraft:stone_axe":3,"minecraft:air":0,"minecraft:bread":24,"minecraft:jungle_planks":20,"mores:turquoise_sword":1,"minecraft:oak_boat":1,"minecraft:iron_shovel":1,"mores:turquoise_boots":1,"minecraft:iron_leggings":5,"mores:emerald_chestplate":1,"minecraft:anvil":1,"minecraft:white_bed":1,"minecraft:acacia_planks":20,"minecraft:torch":608,"minecraft:lapis_block":4},"minecraft:used":{"minecraft:iron_shovel":252,"travelersbackpack:lapis":23,"minecraft:chest":8,"minecraft:iron_sword":312,"minecraft:ladder":1,"minecraft:quartz_stairs":2,"minecraft:rotten_flesh":8,"minecraft:white_candle":4,"minecraft:iron_chestplate":1,"minecraft:soul_sand":1,"minecraft:cocoa_beans":3,"minecraft:carrot":5,"minecraft:tuff":6,"minecraft:snowball":64,"minecraft:lava_bucket":1,"minecraft:iron_helmet":2,"minecraft:dark_oak_wood":5,"mores:ruby_pickaxe":919,"minecraft:stone_bricks":1,"minecraft:bow":1,"minecraft:mangrove_roots":1,"minecraft:furnace":17,"minecraft:egg":5,"minecraft:stone_pickaxe":223,"mores:ruby_axe":35,"minecraft:diorite":4,"minecraft:mossy_stone_bricks":4,"minecraft:blackstone":13,"minecraft:wooden_pickaxe":3,"minecraft:sandstone":2,"minecraft:glow_berries":18,"minecraft:golden_apple":3,"minecraft:white_wool":3,"anthropology_items__structures:cracked_limestone_brick":1,"minecraft:blue_ice":1,"minecraft:dark_oak_log":2,"minecraft:melon_slice":37,"minecraft:bread":36,"minecraft:spore_blossom":1,"minecraft:white_glazed_terracotta":1,"minecraft:deepslate":16,"minecraft:gravel":218,"minecraft:smithing_table":1,"minecraft:andesite":9,"chococraft:gysahl_green":11,"minecraft:azalea":2,"minecraft:oak_boat":3,"minecraft:bone_meal":12,"mores:amethyst_shield":15,"minecraft:iron_bars":4,"minecraft:flint_and_steel":12,"morebows:diamond_bow":163,"minecraft:cooked_salmon":2,"minecraft:cooked_chicken":20,"minecraft:netherrack":18,"minecraft:torch":714,"minecraft:dirt":178,"minecraft:spyglass":20,"minecraft:anvil":1,"minecraft:white_carpet":1,"minecraft:granite":7,"mores:silver_apple":1,"useless_sword:emerald_boots":1,"alexsmobs:maggot":1,"minecraft:bamboo_raft":3,"minecraft:iron_axe":73,"minecraft:smooth_basalt":4,"minecraft:golden_carrot":30,"minecraft:soul_soil":1,"minecraft:iron_trapdoor":1,"alexsmobs:banana":2,"minecraft:cooked_beef":54,"minecraft:cobbled_deepslate":52,"minecraft:calcite":2,"minecraft:cooked_mutton":18,"mores:topaz_hoe":313,"minecraft:acacia_boat":1,"minecraft:water_bucket":21,"minecraft:cartography_table":2,"minecraft:baked_potato":1,"minecraft:birch_boat":1,"minecraft:fletching_table":2,"minecraft:cracked_stone_bricks":12,"minecraft:gilded_blackstone":1,"anthropology_items__structures:hunters_machete":973,"minecraft:tnt":99,"minecraft:crafting_table":34,"minecraft:white_bed":2,"minecraft:smoker":5,"minecraft:iron_pickaxe":1752,"travelersbackpack:white_sleeping_bag":4,"mores:stone_dagger":3,"minecraft:stone_axe":231,"minecraft:cobblestone":120,"travelersbackpack:standard":1,"mores:turquoise_sword":282,"minecraft:cooked_porkchop":29,"minecraft:bucket":24,"alexsmobs:animal_dictionary":1}},"DataVersion":3465}