{"stats":{"minecraft:killed":{"minecraft:spider":1,"minecraft:skeleton":14,"minecraft:chicken":1,"minecraft:salmon":1,"minecraft:wandering_trader":1,"minecraft:creeper":2,"minecraft:sheep":3,"minecraft:trader_llama":1,"minecraft:zombie":20},"minecraft:dropped":{"minecraft:iron_ingot":9,"minecraft:wheat_seeds":2,"minecraft:leather":16,"wizards_reborn:arcanum_dust":1,"travelersbackpack:standard":1,"minecraft:coal":24,"minecraft:torch":45,"minecraft:brown_wool":1,"anthropology_items__structures:limestone":7,"gravestone:obituary":3,"minecraft:gravel":2,"minecraft:raw_iron":2,"minecraft:oak_planks":2,"travelersbackpack:white_sleeping_bag":1},"minecraft:custom":{"minecraft:mob_kills":47,"minecraft:interact_with_crafting_table":27,"minecraft:bell_ring":2,"minecraft:leave_game":4,"minecraft:time_since_death":117431,"minecraft:climb_one_cm":24271,"minecraft:sprint_one_cm":512749,"minecraft:walk_one_cm":269906,"minecraft:damage_blocked_by_shield":245,"minecraft:drop":19,"minecraft:talked_to_villager":1,"minecraft:play_time":154909,"minecraft:deaths":3,"minecraft:sneak_time":4355,"minecraft:walk_under_water_one_cm":4377,"minecraft:jump":3180,"minecraft:walk_on_water_one_cm":16240,"minecraft:total_world_time":154909,"minecraft:interact_with_furnace":35,"minecraft:time_since_rest":117492,"minecraft:damage_taken":3158,"minecraft:damage_dealt":8426,"minecraft:fly_one_cm":585405,"minecraft:swim_one_cm":38059,"minecraft:open_chest":41,"minecraft:crouch_one_cm":8976,"minecraft:interact_with_smoker":6,"minecraft:fall_one_cm":92143,"minecraft:horse_one_cm":4927},"minecraft:mined":{"minecraft:tuff":9,"anthropology_items__structures:limestone":7,"minecraft:mossy_cobblestone":1,"minecraft:deepslate_diamond_ore":4,"minecraft:jungle_leaves":12,"minecraft:spruce_trapdoor":2,"gravestone:gravestone":3,"minecraft:granite":6,"minecraft:acacia_log":7,"minecraft:grass_block":17,"minecraft:jungle_planks":2,"minecraft:stripped_jungle_wood":1,"minecraft:jungle_log":50,"minecraft:hay_block":51,"minecraft:furnace":3,"minecraft:iron_ore":21,"wizards_reborn:deepslate_arcanum_ore":10,"minecraft:andesite":1,"minecraft:deepslate_lapis_ore":8,"minecraft:bell":1,"minecraft:deepslate_iron_ore":24,"minecraft:vine":4,"minecraft:bamboo":1,"minecraft:stone":208,"wizards_reborn:elder_mor":2,"minecraft:melon_stem":4,"minecraft:smoker":1,"minecraft:dandelion":1,"minecraft:smooth_sandstone":4,"minecraft:crafting_table":4,"minecraft:torch":10,"minecraft:poppy":1,"minecraft:melon":19,"minecraft:chest":2,"minecraft:tall_grass":18,"minecraft:cobblestone":2,"minecraft:deepslate_gold_ore":3,"minecraft:sugar_cane":27,"minecraft:diorite":3,"minecraft:wall_torch":3,"minecraft:seagrass":1,"minecraft:cactus":2,"minecraft:lime_bed":1,"minecraft:coarse_dirt":2,"minecraft:wheat":69,"minecraft:grass":193,"minecraft:oak_log":5,"minecraft:coal_ore":65,"minecraft:beetroots":6,"minecraft:cocoa":7,"minecraft:gravel":2,"minecraft:sand":26,"minecraft:dirt":21,"minecraft:oak_leaves":4,"minecraft:deepslate":19,"minecraft:fern":1},"minecraft:killed_by":{"minecraft:zombie":2},"minecraft:used":{"minecraft:iron_shovel":38,"minecraft:chest":2,"minecraft:shield":9,"minecraft:iron_sword":153,"minecraft:cooked_chicken":1,"minecraft:rotten_flesh":4,"minecraft:torch":64,"minecraft:dirt":115,"minecraft:jungle_planks":16,"minecraft:tuff":8,"minecraft:granite":6,"minecraft:iron_hoe":252,"minecraft:wooden_axe":12,"minecraft:iron_axe":9,"minecraft:melon_seeds":9,"minecraft:furnace":5,"minecraft:wheat_seeds":140,"minecraft:cooked_mutton":4,"minecraft:water_bucket":3,"minecraft:stone_pickaxe":126,"minecraft:oak_planks":1,"minecraft:wooden_pickaxe":6,"anthropology_items__structures:hunters_machete":35,"minecraft:crafting_table":6,"minecraft:bread":12,"minecraft:iron_pickaxe":279,"minecraft:melon_slice":53,"travelersbackpack:white_sleeping_bag":1,"minecraft:gravel":2,"minecraft:stone_axe":86,"minecraft:cobblestone":130,"travelersbackpack:standard":1,"minecraft:cooked_porkchop":12,"minecraft:andesite":1,"minecraft:bucket":7,"minecraft:bone_meal":111},"minecraft:crafted":{"minecraft:oak_planks":20,"minecraft:cooked_chicken":1,"minecraft:furnace":1,"minecraft:bone_meal":111,"minecraft:cooked_mutton":4,"travelersbackpack:white_sleeping_bag":1,"minecraft:iron_boots":1,"minecraft:iron_axe":1,"minecraft:melon_seeds":9,"minecraft:iron_hoe":1,"minecraft:stone_pickaxe":1,"minecraft:chest":2,"minecraft:glistering_melon_slice":29,"minecraft:crafting_table":2,"travelersbackpack:lapis":1,"minecraft:wooden_pickaxe":1,"minecraft:iron_helmet":1,"minecraft:iron_sword":1,"minecraft:stone_axe":1,"minecraft:bread":19,"minecraft:air":0,"minecraft:jungle_planks":144,"minecraft:iron_chestplate":1,"minecraft:gold_nugget":236,"minecraft:shield":1,"minecraft:stick":100,"minecraft:iron_ingot":31,"minecraft:iron_pickaxe":2,"minecraft:wooden_axe":1,"minecraft:iron_shovel":1,"minecraft:iron_leggings":1,"minecraft:torch":136,"minecraft:lapis_block":4},"minecraft:picked_up":{"minecraft:cocoa_beans":42,"minecraft:coarse_dirt":2,"minecraft:crafting_table":4,"minecraft:wheat":54,"minecraft:chicken":1,"minecraft:lead":1,"wizards_reborn:elder_mor":2,"minecraft:music_disc_cat":1,"minecraft:string":39,"minecraft:gold_nugget":18,"minecraft:cobbled_deepslate":19,"minecraft:bucket":1,"minecraft:jungle_sapling":1,"minecraft:poppy":1,"minecraft:melon_slice":92,"minecraft:sugar_cane":66,"minecraft:spruce_trapdoor":2,"minecraft:egg":2,"minecraft:furnace":4,"minecraft:stick":5,"minecraft:raw_iron":64,"wizards_reborn:arcanum":10,"minecraft:acacia_log":12,"minecraft:torch":59,"minecraft:cactus":5,"minecraft:rotten_flesh":14,"minecraft:arrow":37,"minecraft:beetroot_seeds":5,"minecraft:hay_block":51,"minecraft:gold_ingot":27,"minecraft:mutton":4,"minecraft:white_wool":2,"minecraft:cobblestone":210,"minecraft:lime_bed":1,"minecraft:feather":1,"minecraft:salmon":1,"minecraft:andesite":1,"minecraft:jungle_log":50,"minecraft:leather":1,"minecraft:brown_wool":3,"minecraft:smoker":1,"minecraft:tuff":8,"anthropology_items__structures:hunters_machete":1,"minecraft:oak_log":11,"anthropology_items__structures:limestone":14,"minecraft:gunpowder":1,"minecraft:lapis_lazuli":232,"minecraft:dirt":75,"minecraft:name_tag":2,"minecraft:smooth_sandstone":4,"minecraft:bone":14,"minecraft:bow":1,"minecraft:wheat_seeds":191,"minecraft:raw_gold":6,"minecraft:bell":1,"minecraft:iron_ingot":10,"minecraft:bamboo":8,"minecraft:acacia_sapling":1,"minecraft:oak_planks":5,"minecraft:cooked_porkchop":14,"minecraft:music_disc_13":1,"minecraft:jungle_planks":2,"minecraft:dandelion":1,"minecraft:amethyst_shard":18,"minecraft:gravel":4,"minecraft:sand":26,"minecraft:spider_eye":3,"travelersbackpack:white_sleeping_bag":1,"travelersbackpack:standard":2,"minecraft:diamond":18,"wizards_reborn:arcanum_dust":5,"minecraft:stripped_jungle_wood":1,"minecraft:granite":6,"minecraft:oak_sapling":2,"minecraft:coal":161},"minecraft:broken":{"minecraft:iron_pickaxe":1}},"DataVersion":3465}