{"stats":{"minecraft:killed":{"minecraft:sheep":3,"minecraft:zombie":6,"minecraft:chicken":1},"minecraft:killed_by":{"minecraft:zombie":2},"minecraft:picked_up":{"minecraft:cocoa_beans":21,"minecraft:crafting_table":3,"minecraft:feather":1,"minecraft:chicken":1,"minecraft:jungle_log":50,"minecraft:brown_wool":2,"minecraft:oak_log":5,"anthropology_items__structures:limestone":6,"minecraft:lapis_lazuli":11,"minecraft:dirt":28,"minecraft:gold_nugget":7,"minecraft:cobbled_deepslate":6,"minecraft:raw_gold":1,"minecraft:iron_ingot":9,"minecraft:jungle_sapling":1,"minecraft:bamboo":8,"minecraft:melon_slice":89,"minecraft:acacia_sapling":1,"minecraft:egg":2,"minecraft:furnace":1,"minecraft:stick":5,"minecraft:raw_iron":28,"wizards_reborn:arcanum":3,"minecraft:torch":1,"minecraft:acacia_log":6,"minecraft:gravel":4,"minecraft:rotten_flesh":3,"wizards_reborn:arcanum_dust":2,"minecraft:gold_ingot":27,"minecraft:mutton":4,"minecraft:coal":43,"minecraft:white_wool":2,"minecraft:cobblestone":112},"minecraft:dropped":{"minecraft:gravel":2,"minecraft:iron_ingot":9,"minecraft:raw_iron":2,"wizards_reborn:arcanum_dust":1,"minecraft:brown_wool":1,"gravestone:obituary":3},"minecraft:custom":{"minecraft:interact_with_furnace":17,"minecraft:mob_kills":10,"minecraft:interact_with_crafting_table":14,"minecraft:leave_game":2,"minecraft:time_since_death":14770,"minecraft:climb_one_cm":16528,"minecraft:time_since_rest":14831,"minecraft:sprint_one_cm":173691,"minecraft:damage_taken":1384,"minecraft:walk_one_cm":77439,"minecraft:drop":9,"minecraft:damage_dealt":1788,"minecraft:swim_one_cm":1860,"minecraft:fly_one_cm":215673,"minecraft:open_chest":5,"minecraft:crouch_one_cm":4464,"minecraft:play_time":52248,"minecraft:deaths":3,"minecraft:sneak_time":1853,"minecraft:walk_under_water_one_cm":544,"minecraft:jump":1333,"minecraft:walk_on_water_one_cm":1541,"minecraft:interact_with_smoker":5,"minecraft:total_world_time":52248,"minecraft:fall_one_cm":41761},"minecraft:crafted":{"minecraft:oak_planks":20,"minecraft:crafting_table":2,"minecraft:wooden_pickaxe":1,"minecraft:iron_helmet":1,"minecraft:cooked_chicken":1,"minecraft:iron_sword":1,"minecraft:furnace":1,"minecraft:stone_axe":1,"minecraft:cooked_mutton":4,"minecraft:air":0,"minecraft:jungle_planks":144,"minecraft:iron_boots":1,"minecraft:iron_chestplate":1,"minecraft:gold_nugget":236,"minecraft:iron_axe":1,"minecraft:melon_seeds":4,"minecraft:stick":100,"minecraft:iron_ingot":19,"minecraft:iron_pickaxe":1,"minecraft:stone_pickaxe":1,"minecraft:wooden_axe":1,"minecraft:iron_leggings":1,"minecraft:torch":60,"minecraft:glistering_melon_slice":29},"minecraft:mined":{"anthropology_items__structures:limestone":6,"minecraft:jungle_leaves":10,"minecraft:crafting_table":3,"gravestone:gravestone":3,"minecraft:acacia_log":7,"minecraft:grass_block":5,"minecraft:melon":18,"minecraft:jungle_log":50,"minecraft:deepslate_gold_ore":1,"minecraft:wall_torch":1,"minecraft:furnace":1,"minecraft:iron_ore":12,"wizards_reborn:deepslate_arcanum_ore":3,"minecraft:deepslate_lapis_ore":2,"minecraft:grass":1,"minecraft:oak_log":5,"minecraft:coal_ore":43,"minecraft:deepslate_iron_ore":14,"minecraft:cocoa":7,"minecraft:vine":4,"minecraft:gravel":2,"minecraft:dirt":7,"minecraft:bamboo":1,"minecraft:stone":112,"minecraft:oak_leaves":4,"minecraft:deepslate":6},"minecraft:used":{"minecraft:cooked_mutton":4,"minecraft:stone_pickaxe":126,"minecraft:oak_planks":1,"minecraft:wooden_pickaxe":6,"minecraft:iron_sword":20,"minecraft:cooked_chicken":1,"minecraft:rotten_flesh":3,"minecraft:torch":4,"minecraft:dirt":5,"minecraft:crafting_table":3,"minecraft:wooden_axe":12,"minecraft:iron_axe":1,"minecraft:melon_slice":21,"minecraft:iron_pickaxe":72,"minecraft:stone_axe":86,"minecraft:cobblestone":21,"minecraft:furnace":1}},"DataVersion":3465}