{"stats":{"minecraft:killed":{"alexsmobs:lobster":1,"minecraft:spider":33,"alexsmobs:snow_leopard":1,"alexsmobs:froststalker":2,"minecraft:skeleton":73,"minecraft:chicken":1,"alexsmobs:straddler":2,"minecraft:wolf":1,"minecraft:magma_cube":2,"minecraft:pig":1,"minecraft:salmon":1,"alexsmobs:seal":7,"minecraft:creeper":16,"minecraft:sheep":3,"minecraft:trader_llama":4,"minecraft:pillager":13,"minecraft:zombie":78,"minecraft:stray":4,"minecraft:ghast":1,"minecraft:cow":36,"chococraft:chocobo":2,"minecraft:allay":1,"minecraft:vindicator":2,"alexsmobs:bison":2,"minecraft:drowned":2,"minecraft:wandering_trader":2,"minecraft:ravager":1,"alexsmobs:cockroach":1,"minecraft:villager":1,"minecraft:enderman":6},"minecraft:killed_by":{"alexsmobs:cachalot_whale":1,"minecraft:zombie":2,"minecraft:player":2},"minecraft:dropped":{"minecraft:iron_sword":1,"minecraft:brown_mushroom":1,"chococraft:loverly_gysahl_green":11,"minecraft:cooked_beef":2,"minecraft:oak_log":3,"minecraft:diamond":9,"minecraft:crafting_table":2,"minecraft:cooked_porkchop":6,"minecraft:crossbow":2,"minecraft:glow_berries":3,"minecraft:leather":32,"travelersbackpack:standard":1,"minecraft:rail":9,"minecraft:leather_helmet":1,"minecraft:red_carpet":4,"minecraft:flint":2,"minecraft:dirt":28,"mores:ruby_gem":1,"minecraft:snowball":16,"mores:amethyst_shield":4,"gravestone:obituary":13,"minecraft:sand":53,"minecraft:iron_pickaxe":2,"mores:ruby_pickaxe":2,"minecraft:white_wool":5,"minecraft:bone":3,"minecraft:gravel":42,"minecraft:chiseled_polished_blackstone":18,"minecraft:mangrove_roots":1,"minecraft:cobbled_deepslate":808,"minecraft:stripped_jungle_wood":1,"minecraft:birch_sapling":1,"minecraft:rotten_flesh":10,"minecraft:oak_planks":11,"minecraft:light_gray_carpet":4,"minecraft:gunpowder":1,"travelersbackpack:white_sleeping_bag":2,"minecraft:charcoal":6,"chococraft:chocobo_saddle":1,"minecraft:beef":1,"minecraft:egg":1,"minecraft:stone_hoe":1,"minecraft:iron_ingot":66,"minecraft:bread":26,"minecraft:wheat_seeds":72,"minecraft:tnt":4,"chococraft:gold_gysahl":3,"anthropology_items__structures:hunters_machete":2,"minecraft:iron_helmet":1,"minecraft:cobblestone":53,"minecraft:amethyst_block":3,"chococraft:gysahl_green_seeds":63,"minecraft:spruce_door":1,"minecraft:grass_block":2,"mores:stone_dagger":1,"minecraft:coal":24,"minecraft:stick":2,"minecraft:polished_andesite":1,"minecraft:mossy_cobblestone_slab":2,"minecraft:diorite":16,"minecraft:golden_carrot":192,"minecraft:ink_sac":6,"minecraft:torch":46,"minecraft:melon_slice":65,"minecraft:brown_wool":1,"anthropology_items__structures:limestone":7,"travelersbackpack:blank_upgrade":4,"minecraft:fire_charge":1,"minecraft:iron_leggings":1,"mores:amethyst_mace":1,"minecraft:mossy_cobblestone_stairs":1,"minecraft:string":9,"minecraft:acacia_planks":2,"minecraft:smooth_basalt":6,"minecraft:redstone":42,"minecraft:furnace":1,"minecraft:kelp":8,"minecraft:raw_copper":4,"useless_sword:ravager_sword":8,"minecraft:tuff":59,"minecraft:raw_iron":2,"minecraft:chicken":2,"minecraft:white_carpet":14,"minecraft:iron_boots":1,"minecraft:clay_ball":136,"minecraft:spruce_fence":1,"minecraft:shield":1,"mores:tin_chestplate":1,"minecraft:iron_chestplate":1,"minecraft:diamond_pickaxe":2,"minecraft:andesite":7,"minecraft:mossy_stone_bricks":3,"minecraft:oak_sapling":1,"minecraft:spider_eye":3,"minecraft:stone_bricks":3,"minecraft:bow":5,"minecraft:calcite":3,"chococraft:gysahl_green":134},"minecraft:broken":{"minecraft:iron_hoe":1,"minecraft:iron_pickaxe":3,"minecraft:iron_helmet":2},"minecraft:mined":{"anthropology_items__structures:limestone":7,"minecraft:white_bed":1,"minecraft:jungle_leaves":12,"minecraft:brewing_stand":1,"minecraft:obsidian":10,"minecraft:spruce_trapdoor":2,"minecraft:granite":8,"minecraft:budding_amethyst":2,"minecraft:chiseled_polished_blackstone":2,"minecraft:acacia_log":38,"minecraft:grass_block":177,"minecraft:jungle_log":50,"minecraft:cracked_polished_blackstone_bricks":6,"minecraft:soul_soil":18,"minecraft:polished_blackstone_bricks":14,"minecraft:mossy_cobblestone_slab":1,"mores:deepslate_tourmaline_ore":11,"minecraft:mossy_cobblestone_stairs":1,"minecraft:iron_ore":72,"minecraft:fire":6,"minecraft:cobbled_deepslate":4,"minecraft:deepslate_lapis_ore":9,"chococraft:gysahl_green":82,"mores:deepslate_sapphire_ore":8,"minecraft:cave_vines":1,"minecraft:iron_bars":2,"minecraft:small_amethyst_bud":1,"mores:deepslate_moissanite_ore":3,"minecraft:deepslate_redstone_ore":12,"minecraft:cut_sandstone":1,"minecraft:brown_mushroom":1,"minecraft:blackstone":2,"minecraft:medium_amethyst_bud":1,"minecraft:kelp_plant":1,"minecraft:melon_stem":4,"minecraft:smoker":1,"minecraft:amethyst_cluster":1,"mores:deepslate_anthracite_ore":2,"minecraft:clay":1,"minecraft:torch":20,"minecraft:calcite":1,"minecraft:poppy":1,"minecraft:melon":31,"minecraft:chest":2,"minecraft:dead_bush":2,"minecraft:nether_quartz_ore":46,"minecraft:cobblestone":5,"minecraft:oak_planks":2,"minecraft:sugar_cane":264,"minecraft:wall_torch":11,"mores:deepslate_turquoise_ore":4,"minecraft:amethyst_block":1,"minecraft:seagrass":1,"minecraft:repeater":1,"minecraft:light_gray_stained_glass":2,"minecraft:wheat":358,"minecraft:tnt":467,"minecraft:grass":393,"minecraft:oak_log":5,"minecraft:beetroots":6,"minecraft:acacia_fence":1,"minecraft:sand":274,"minecraft:dirt":92,"mores:silver_ore":19,"minecraft:smooth_basalt":2,"minecraft:netherrack":87,"mores:deepslate_topaz_ore":41,"minecraft:oak_leaves":18,"minecraft:deepslate":517,"minecraft:emerald_block":5,"minecraft:tuff":57,"travelersbackpack:lapis":9,"minecraft:mossy_cobblestone":3,"minecraft:dark_oak_leaves":1,"minecraft:deepslate_diamond_ore":13,"minecraft:mangrove_roots":1,"gravestone:gravestone":10,"minecraft:dark_oak_fence":2,"minecraft:spruce_fence":1,"minecraft:jungle_planks":2,"minecraft:stripped_jungle_wood":1,"minecraft:redstone_wire":7,"travelersbackpack:white_sleeping_bag":4,"mores:sapphire_ore":2,"minecraft:hay_block":85,"minecraft:redstone_ore":6,"minecraft:furnace":3,"minecraft:carrots":178,"minecraft:snow":5,"minecraft:andesite":2,"minecraft:gold_block":101,"mores:deepslate_cobalt_ore":4,"minecraft:bell":1,"minecraft:deepslate_iron_ore":62,"minecraft:vine":5,"minecraft:bamboo":7,"minecraft:stone":321,"minecraft:light_gray_carpet":1,"minecraft:acacia_leaves":1,"mores:cobalt_ore":1,"minecraft:soul_sand":2,"minecraft:snow_block":9,"minecraft:dandelion":1,"minecraft:smooth_sandstone":4,"minecraft:crafting_table":6,"minecraft:campfire":1,"minecraft:tall_grass":25,"minecraft:lapis_ore":6,"minecraft:deepslate_gold_ore":24,"minecraft:diorite":5,"mores:tin_ore":17,"minecraft:spruce_stairs":1,"minecraft:cactus":2,"minecraft:lime_bed":1,"minecraft:coarse_dirt":2,"minecraft:redstone_torch":1,"minecraft:white_carpet":1,"minecraft:birch_leaves":3,"minecraft:mangrove_leaves":3,"minecraft:white_wall_banner":1,"minecraft:coal_ore":112,"minecraft:cocoa":7,"minecraft:gravel":30,"minecraft:cobweb":2,"minecraft:polished_andesite":1,"minecraft:stone_bricks":3,"minecraft:mossy_stone_bricks":2,"minecraft:fern":3},"minecraft:custom":{"minecraft:animals_bred":1,"minecraft:interact_with_crafting_table":89,"minecraft:open_barrel":10,"minecraft:bell_ring":15,"minecraft:leave_game":23,"minecraft:time_since_death":76363,"minecraft:sprint_one_cm":3313245,"minecraft:damage_blocked_by_shield":2831,"minecraft:drop":318,"minecraft:talked_to_villager":21,"minecraft:play_time":918999,"minecraft:deaths":10,"minecraft:jump":17334,"minecraft:interact_with_brewingstand":1,"minecraft:walk_on_water_one_cm":150883,"minecraft:enchant_item":3,"minecraft:interact_with_furnace":131,"minecraft:interact_with_cartography_table":3,"minecraft:sleep_in_bed":16,"minecraft:damage_dealt":66425,"minecraft:crouch_one_cm":32321,"minecraft:interact_with_smithing_table":13,"minecraft:horse_one_cm":222155,"minecraft:interact_with_smoker":8,"minecraft:interact_with_anvil":3,"minecraft:mob_kills":364,"minecraft:climb_one_cm":56250,"minecraft:walk_one_cm":1354626,"minecraft:raid_win":1,"minecraft:sneak_time":16207,"minecraft:walk_under_water_one_cm":73241,"minecraft:boat_one_cm":1491011,"minecraft:total_world_time":918999,"minecraft:raid_trigger":1,"minecraft:time_since_rest":8689,"minecraft:damage_taken":18104,"minecraft:swim_one_cm":511814,"minecraft:fly_one_cm":4140068,"minecraft:open_chest":267,"minecraft:fall_one_cm":509008},"minecraft:picked_up":{"minecraft:iron_chestplate":1,"chococraft:loverly_gysahl_green":16,"minecraft:wheat":270,"minecraft:lead":2,"mores:silver_shovel":1,"minecraft:brewing_stand":1,"minecraft:amethyst_block":3,"minecraft:music_disc_cat":1,"minecraft:polished_blackstone_brick_stairs":17,"minecraft:string":128,"minecraft:raw_copper":4,"minecraft:iron_leggings":2,"mores:tourmaline_gem":12,"minecraft:gold_nugget":24,"minecraft:cobbled_deepslate":1032,"minecraft:bucket":1,"mores:emerald_helmet":1,"minecraft:calcite":3,"minecraft:iron_pickaxe":4,"minecraft:melon_slice":179,"minecraft:iron_boots":1,"useless_sword:emerald_boots":1,"minecraft:furnace":6,"minecraft:tipped_arrow":3,"minecraft:stick":9,"mores:ruby_pickaxe":2,"minecraft:torch":85,"minecraft:acacia_log":45,"minecraft:spruce_stairs":1,"mores:emerald_chestplate":1,"minecraft:porkchop":3,"mores:topaz_gem":39,"minecraft:diorite":16,"mores:raw_tin":72,"minecraft:cactus":7,"minecraft:rotten_flesh":80,"alexsmobs:emu_egg":1,"minecraft:mangrove_roots":1,"chococraft:chocobo_drumstick_raw":2,"minecraft:obsidian":10,"minecraft:iron_bars":2,"minecraft:snowball":40,"minecraft:cobblestone":369,"minecraft:mossy_cobblestone_slab":2,"minecraft:feather":1,"minecraft:water_bucket":1,"minecraft:andesite":8,"minecraft:jungle_log":50,"minecraft:brown_wool":3,"minecraft:smoker":1,"alexsmobs:bison_fur":2,"minecraft:flint":10,"minecraft:tuff":67,"anthropology_items__structures:hunters_machete":2,"minecraft:acacia_boat":1,"alexsmobs:mosquito_larva":1,"minecraft:lapis_lazuli":278,"minecraft:dirt":583,"minecraft:name_tag":2,"minecraft:bone":153,"minecraft:bow":14,"minecraft:wheat_seeds":941,"minecraft:raw_gold":26,"minecraft:bell":1,"minecraft:mossy_stone_bricks":3,"minecraft:bamboo":70,"mores:turquoise_gem":8,"minecraft:oak_planks":8,"minecraft:chiseled_polished_blackstone":40,"minecraft:cooked_porkchop":19,"minecraft:music_disc_13":1,"alexsmobs:shark_tooth":1,"minecraft:sand":281,"minecraft:bamboo_raft":2,"minecraft:jungle_planks":2,"mores:raw_cobalt":5,"minecraft:ink_sac":6,"minecraft:grass_block":4,"alexsmobs:animal_dictionary":1,"minecraft:mossy_cobblestone":2,"travelersbackpack:white_sleeping_bag":1,"minecraft:polished_andesite":1,"minecraft:diamond":31,"minecraft:crossbow":3,"minecraft:granite":8,"mores:amethyst_mace":1,"minecraft:golden_apple":1,"alexsmobs:maggot":3,"mores:raw_silver":19,"minecraft:oak_sapling":3,"minecraft:light_gray_carpet":4,"minecraft:netherrack":49,"minecraft:dark_oak_fence":2,"minecraft:diamond_pickaxe":2,"minecraft:crafting_table":7,"minecraft:charcoal":9,"minecraft:cocoa_beans":42,"minecraft:coarse_dirt":2,"minecraft:chicken":3,"minecraft:clay_ball":200,"minecraft:brown_mushroom":1,"minecraft:gold_block":105,"mores:amethyst_shield":5,"alexsmobs:froststalker_horn":1,"gravestone:obituary":3,"minecraft:white_carpet":15,"useless_sword:ravager_sword":8,"travelersbackpack:lapis":10,"minecraft:beef":27,"minecraft:oak_boat":1,"minecraft:jungle_sapling":1,"minecraft:poppy":1,"minecraft:sugar_cane":451,"minecraft:chest":3,"minecraft:birch_sapling":1,"useless_sword:ravager_leather":1,"minecraft:spruce_trapdoor":2,"minecraft:egg":5,"minecraft:raw_iron":155,"minecraft:copper_ingot":1,"minecraft:spruce_fence":2,"minecraft:polished_blackstone_bricks":30,"minecraft:carrot":620,"minecraft:redstone":53,"minecraft:tnt":451,"minecraft:arrow":114,"minecraft:beetroot_seeds":5,"minecraft:hay_block":85,"minecraft:saddle":1,"minecraft:gold_ingot":28,"minecraft:glow_berries":3,"minecraft:mutton":6,"minecraft:rail":9,"minecraft:white_wool":30,"minecraft:lime_bed":1,"minecraft:jungle_boat":5,"minecraft:golden_carrot":66,"minecraft:salmon":1,"minecraft:cut_sandstone":1,"minecraft:leather":66,"alexsmobs:acacia_blossom":1,"alexsmobs:cachalot_whale_tooth":1,"minecraft:oak_log":17,"anthropology_items__structures:limestone":14,"minecraft:gunpowder":20,"minecraft:white_banner":5,"chococraft:chocobo_feather":4,"minecraft:smooth_sandstone":4,"minecraft:red_carpet":4,"chococraft:gysahl_green":351,"minecraft:stone_bricks":3,"chococraft:gold_gysahl":5,"minecraft:kelp":8,"minecraft:iron_ingot":10,"minecraft:cooked_chicken":2,"minecraft:iron_sword":1,"minecraft:acacia_sapling":4,"minecraft:smooth_basalt":6,"minecraft:emerald_block":3,"minecraft:quartz":29,"minecraft:dandelion":1,"minecraft:spyglass":1,"minecraft:gravel":78,"mores:ruby_gem":1,"minecraft:amethyst_shard":22,"chococraft:gysahl_green_seeds":84,"mores:moissanite_gem":3,"minecraft:white_bed":1,"minecraft:spruce_door":1,"minecraft:spider_eye":14,"mores:tin_chestplate":1,"travelersbackpack:standard":2,"mores:sapphire_gem":10,"mores:anthracite":2,"minecraft:iron_helmet":1,"minecraft:stripped_jungle_wood":2,"minecraft:mossy_cobblestone_stairs":1,"minecraft:black_wool":1,"mores:emerald_leggings":1,"minecraft:coal":239,"minecraft:ender_pearl":4},"minecraft:crafted":{"minecraft:oak_planks":32,"travelersbackpack:crafting_upgrade":1,"minecraft:cooked_chicken":5,"minecraft:stone":1,"minecraft:lever":1,"minecraft:cooked_mutton":4,"minecraft:glass":192,"minecraft:bow":2,"minecraft:iron_boots":4,"minecraft:melon_seeds":9,"minecraft:chest":10,"minecraft:stone_hoe":1,"travelersbackpack:iron_tier_upgrade":1,"minecraft:cooked_porkchop":7,"minecraft:crafting_table":4,"travelersbackpack:lapis":5,"minecraft:wooden_pickaxe":1,"minecraft:iron_helmet":3,"mores:stone_dagger":1,"minecraft:iron_chestplate":4,"minecraft:diamond_pickaxe":1,"minecraft:shield":2,"minecraft:stick":108,"minecraft:iron_pickaxe":3,"minecraft:iron_ingot":215,"minecraft:gold_ingot":348,"chococraft:gysahl_green_seeds":9,"minecraft:shears":1,"minecraft:golden_carrot":399,"minecraft:furnace":1,"minecraft:bone_meal":339,"travelersbackpack:blank_upgrade":8,"travelersbackpack:gold_tier_upgrade":1,"minecraft:flint_and_steel":1,"travelersbackpack:white_sleeping_bag":2,"minecraft:iron_axe":1,"minecraft:iron_hoe":1,"minecraft:stone_pickaxe":1,"travelersbackpack:diamond_tier_upgrade":1,"minecraft:glistering_melon_slice":29,"minecraft:wheat":126,"minecraft:cooked_beef":13,"minecraft:crossbow":1,"travelersbackpack:backpack_tank":8,"minecraft:iron_sword":2,"minecraft:stone_axe":1,"minecraft:bread":149,"minecraft:air":0,"minecraft:jungle_planks":144,"minecraft:gold_nugget":3569,"morebows:gold_bow":1,"minecraft:wooden_axe":1,"minecraft:iron_shovel":3,"minecraft:iron_leggings":4,"chococraft:chocobo_saddle":2,"minecraft:white_bed":1,"minecraft:acacia_planks":88,"minecraft:torch":356,"minecraft:lapis_block":4},"minecraft:used":{"minecraft:iron_shovel":550,"travelersbackpack:lapis":24,"minecraft:chest":4,"minecraft:shield":41,"minecraft:iron_sword":153,"minecraft:stripped_jungle_wood":1,"minecraft:rotten_flesh":4,"minecraft:jungle_planks":16,"minecraft:carrot":214,"minecraft:tuff":8,"minecraft:axolotl_bucket":1,"minecraft:snowball":24,"minecraft:obsidian":8,"minecraft:lava_bucket":6,"mores:ruby_pickaxe":1,"minecraft:furnace":5,"minecraft:potato":1,"minecraft:cactus":2,"minecraft:oak_planks":3,"minecraft:stone_pickaxe":126,"minecraft:wooden_pickaxe":6,"minecraft:sugar_cane":109,"minecraft:jungle_boat":4,"minecraft:crossbow":5,"minecraft:lever":1,"anthropology_items__structures:stagnant_water_bucket":8,"minecraft:melon_slice":94,"minecraft:bread":143,"minecraft:gravel":36,"minecraft:coarse_dirt":2,"minecraft:andesite":1,"useless_sword:ravager_sword":563,"minecraft:dark_oak_fence":2,"mores:amethyst_shield":57,"chococraft:gysahl_green":29,"minecraft:oak_boat":1,"minecraft:bone_meal":283,"minecraft:iron_bars":2,"minecraft:flint_and_steel":43,"minecraft:redstone":6,"minecraft:cooked_chicken":3,"minecraft:stone_hoe":63,"minecraft:torch":194,"minecraft:brewing_stand":1,"minecraft:dirt":455,"minecraft:white_carpet":1,"minecraft:granite":8,"minecraft:iron_hoe":317,"minecraft:wooden_axe":12,"minecraft:bamboo_raft":1,"mores:silver_shovel":1,"minecraft:iron_axe":66,"minecraft:melon_seeds":9,"minecraft:golden_carrot":104,"minecraft:beef":3,"minecraft:cobbled_deepslate":223,"minecraft:cooked_mutton":4,"minecraft:wheat_seeds":481,"minecraft:water_bucket":42,"minecraft:acacia_boat":1,"anthropology_items__structures:hunters_machete":124,"minecraft:mossy_cobblestone":2,"minecraft:tnt":92,"minecraft:crafting_table":8,"minecraft:white_bed":2,"minecraft:diamond_pickaxe":580,"morebows:gold_bow":27,"chococraft:gysahl_green_seeds":29,"minecraft:iron_pickaxe":1220,"minecraft:leather_helmet":1,"travelersbackpack:white_sleeping_bag":1,"mores:stone_dagger":3,"minecraft:stone_axe":86,"minecraft:cobblestone":221,"travelersbackpack:standard":1,"minecraft:porkchop":3,"minecraft:cooked_porkchop":18,"minecraft:bucket":67,"minecraft:splash_potion":1}},"DataVersion":3465}