{"stats":{"minecraft:used":{"minecraft:iron_shovel":227,"minecraft:chest":2,"minecraft:shield":40,"minecraft:iron_sword":153,"minecraft:stripped_jungle_wood":1,"minecraft:rotten_flesh":4,"minecraft:jungle_planks":16,"minecraft:carrot":34,"minecraft:tuff":8,"minecraft:furnace":5,"minecraft:potato":1,"minecraft:stone_pickaxe":126,"minecraft:oak_planks":1,"minecraft:cactus":2,"minecraft:wooden_pickaxe":6,"minecraft:sugar_cane":106,"minecraft:jungle_boat":4,"minecraft:crossbow":5,"minecraft:bread":127,"minecraft:melon_slice":83,"minecraft:gravel":2,"useless_sword:ravager_sword":231,"minecraft:dark_oak_fence":2,"minecraft:andesite":1,"minecraft:coarse_dirt":2,"minecraft:bone_meal":219,"minecraft:stone_hoe":62,"minecraft:cooked_chicken":1,"minecraft:torch":149,"minecraft:dirt":250,"minecraft:granite":8,"minecraft:iron_hoe":317,"minecraft:wooden_axe":12,"minecraft:bamboo_raft":1,"minecraft:iron_axe":63,"minecraft:melon_seeds":9,"minecraft:golden_carrot":9,"minecraft:beef":3,"minecraft:cobbled_deepslate":81,"minecraft:cooked_mutton":4,"minecraft:wheat_seeds":481,"minecraft:acacia_boat":1,"minecraft:water_bucket":12,"minecraft:mossy_cobblestone":2,"anthropology_items__structures:hunters_machete":124,"minecraft:tnt":1,"minecraft:crafting_table":6,"minecraft:white_bed":2,"morebows:gold_bow":6,"minecraft:iron_pickaxe":815,"travelersbackpack:white_sleeping_bag":1,"minecraft:leather_helmet":1,"minecraft:stone_axe":86,"minecraft:cobblestone":139,"travelersbackpack:standard":1,"minecraft:cooked_porkchop":14,"minecraft:porkchop":3,"minecraft:bucket":16},"minecraft:picked_up":{"minecraft:wheat":260,"minecraft:lead":1,"wizards_reborn:elder_mor":2,"minecraft:brewing_stand":1,"minecraft:amethyst_block":3,"minecraft:string":49,"minecraft:polished_blackstone_brick_stairs":17,"minecraft:music_disc_cat":1,"minecraft:gold_nugget":18,"minecraft:cobbled_deepslate":250,"minecraft:bucket":1,"minecraft:calcite":3,"minecraft:iron_pickaxe":2,"minecraft:melon_slice":150,"minecraft:furnace":5,"minecraft:stick":6,"minecraft:torch":67,"minecraft:acacia_log":45,"minecraft:porkchop":3,"minecraft:diorite":6,"minecraft:cactus":7,"minecraft:rotten_flesh":43,"minecraft:mangrove_roots":1,"minecraft:cobblestone":223,"minecraft:mossy_cobblestone_slab":2,"minecraft:feather":1,"minecraft:andesite":5,"minecraft:jungle_log":50,"minecraft:brown_wool":3,"minecraft:smoker":1,"anthropology_items__structures:hunters_machete":1,"minecraft:tuff":8,"minecraft:acacia_boat":1,"minecraft:dirt":322,"minecraft:lapis_lazuli":278,"minecraft:name_tag":2,"minecraft:bone":54,"minecraft:bow":6,"minecraft:wheat_seeds":903,"minecraft:raw_gold":26,"minecraft:bell":1,"minecraft:bamboo":70,"minecraft:oak_planks":5,"minecraft:chiseled_polished_blackstone":40,"minecraft:cooked_porkchop":16,"minecraft:music_disc_13":1,"minecraft:bamboo_raft":2,"minecraft:jungle_planks":2,"minecraft:sand":71,"minecraft:mossy_cobblestone":2,"travelersbackpack:white_sleeping_bag":1,"minecraft:diamond":18,"minecraft:crossbow":3,"minecraft:granite":8,"minecraft:oak_sapling":2,"minecraft:dark_oak_fence":2,"minecraft:crafting_table":4,"minecraft:cocoa_beans":42,"minecraft:coarse_dirt":2,"minecraft:chicken":1,"minecraft:brown_mushroom":1,"minecraft:gold_block":105,"useless_sword:ravager_sword":2,"minecraft:beef":4,"minecraft:jungle_sapling":1,"minecraft:poppy":1,"minecraft:sugar_cane":244,"useless_sword:ravager_leather":1,"minecraft:spruce_trapdoor":2,"minecraft:egg":2,"minecraft:raw_iron":103,"wizards_reborn:arcanum":13,"minecraft:copper_ingot":1,"minecraft:spruce_fence":1,"minecraft:polished_blackstone_bricks":30,"minecraft:carrot":72,"minecraft:redstone":14,"minecraft:tnt":309,"minecraft:arrow":69,"minecraft:beetroot_seeds":5,"minecraft:hay_block":85,"minecraft:saddle":1,"minecraft:gold_ingot":27,"minecraft:mutton":6,"minecraft:white_wool":25,"minecraft:lime_bed":1,"minecraft:jungle_boat":5,"minecraft:salmon":1,"minecraft:cut_sandstone":1,"minecraft:leather":4,"minecraft:oak_log":11,"anthropology_items__structures:limestone":14,"minecraft:gunpowder":6,"minecraft:white_banner":4,"minecraft:smooth_sandstone":4,"chococraft:gysahl_green":13,"minecraft:kelp":7,"minecraft:iron_ingot":10,"minecraft:acacia_sapling":4,"minecraft:iron_sword":1,"minecraft:smooth_basalt":6,"minecraft:dandelion":1,"minecraft:spyglass":1,"minecraft:gravel":5,"minecraft:amethyst_shard":22,"chococraft:gysahl_green_seeds":5,"minecraft:white_bed":1,"minecraft:spider_eye":5,"wizards_reborn:mor":2,"travelersbackpack:standard":2,"wizards_reborn:arcanum_dust":7,"minecraft:stripped_jungle_wood":2,"minecraft:mossy_cobblestone_stairs":1,"minecraft:black_wool":1,"minecraft:coal":215,"minecraft:ender_pearl":2},"minecraft:killed_by":{"minecraft:zombie":2,"minecraft:player":1},"minecraft:broken":{"minecraft:iron_hoe":1,"minecraft:iron_pickaxe":2,"minecraft:iron_helmet":1},"minecraft:killed":{"alexsmobs:lobster":1,"minecraft:spider":11,"minecraft:skeleton":40,"minecraft:chicken":1,"minecraft:wolf":1,"minecraft:pig":1,"minecraft:salmon":1,"minecraft:creeper":7,"minecraft:sheep":3,"minecraft:trader_llama":1,"minecraft:pillager":13,"minecraft:zombie":50,"minecraft:cow":4,"minecraft:allay":1,"minecraft:vindicator":2,"minecraft:drowned":1,"minecraft:wandering_trader":1,"minecraft:ravager":1,"minecraft:enderman":2},"minecraft:mined":{"anthropology_items__structures:limestone":7,"minecraft:white_bed":1,"minecraft:jungle_leaves":12,"minecraft:brewing_stand":1,"minecraft:spruce_trapdoor":2,"minecraft:granite":8,"minecraft:budding_amethyst":2,"minecraft:chiseled_polished_blackstone":2,"minecraft:acacia_log":38,"minecraft:grass_block":151,"minecraft:jungle_log":50,"minecraft:polished_blackstone_bricks":3,"minecraft:mossy_cobblestone_slab":1,"minecraft:mossy_cobblestone_stairs":1,"minecraft:iron_ore":48,"minecraft:deepslate_lapis_ore":8,"chococraft:gysahl_green":5,"minecraft:small_amethyst_bud":1,"minecraft:iron_bars":1,"minecraft:deepslate_redstone_ore":2,"minecraft:cut_sandstone":1,"minecraft:brown_mushroom":1,"minecraft:melon_stem":4,"minecraft:smoker":1,"minecraft:medium_amethyst_bud":1,"minecraft:amethyst_cluster":1,"minecraft:torch":14,"wizards_reborn:arcanum_ore":2,"minecraft:calcite":1,"minecraft:poppy":1,"minecraft:melon":27,"minecraft:chest":2,"minecraft:dead_bush":1,"minecraft:cobblestone":2,"minecraft:sugar_cane":160,"minecraft:wall_torch":6,"minecraft:amethyst_block":1,"minecraft:seagrass":1,"minecraft:repeater":1,"minecraft:light_gray_stained_glass":2,"minecraft:wheat":340,"minecraft:tnt":454,"minecraft:grass":332,"minecraft:oak_log":5,"minecraft:beetroots":6,"minecraft:acacia_fence":1,"minecraft:sand":72,"minecraft:dirt":37,"minecraft:smooth_basalt":2,"minecraft:oak_leaves":6,"minecraft:deepslate":109,"minecraft:tuff":9,"minecraft:mossy_cobblestone":3,"minecraft:deepslate_diamond_ore":4,"minecraft:mangrove_roots":1,"gravestone:gravestone":6,"minecraft:dark_oak_fence":2,"minecraft:spruce_fence":1,"minecraft:jungle_planks":2,"minecraft:stripped_jungle_wood":1,"minecraft:redstone_wire":5,"minecraft:hay_block":85,"minecraft:furnace":3,"minecraft:carrots":21,"wizards_reborn:deepslate_arcanum_ore":11,"minecraft:andesite":2,"minecraft:gold_block":101,"minecraft:bell":1,"minecraft:deepslate_iron_ore":37,"minecraft:vine":5,"minecraft:bamboo":7,"minecraft:stone":216,"minecraft:acacia_leaves":1,"wizards_reborn:elder_mor":2,"minecraft:dandelion":1,"minecraft:smooth_sandstone":4,"minecraft:crafting_table":4,"minecraft:tall_grass":21,"minecraft:lapis_ore":6,"minecraft:deepslate_gold_ore":23,"minecraft:diorite":3,"minecraft:lime_bed":1,"minecraft:cactus":2,"minecraft:coarse_dirt":2,"minecraft:redstone_torch":1,"minecraft:birch_leaves":3,"minecraft:mangrove_leaves":3,"minecraft:coal_ore":89,"minecraft:cocoa":7,"minecraft:gravel":2,"minecraft:fern":3,"wizards_reborn:mor":2},"minecraft:custom":{"minecraft:animals_bred":1,"minecraft:interact_with_crafting_table":50,"minecraft:open_barrel":4,"minecraft:bell_ring":2,"minecraft:leave_game":10,"minecraft:time_since_death":59298,"minecraft:sprint_one_cm":1768619,"minecraft:damage_blocked_by_shield":1473,"minecraft:drop":69,"minecraft:talked_to_villager":7,"minecraft:play_time":486294,"minecraft:deaths":6,"minecraft:jump":9299,"minecraft:walk_on_water_one_cm":94422,"minecraft:interact_with_furnace":54,"minecraft:interact_with_cartography_table":1,"minecraft:sleep_in_bed":6,"minecraft:damage_dealt":30682,"minecraft:crouch_one_cm":12561,"minecraft:interact_with_smoker":8,"minecraft:horse_one_cm":222155,"minecraft:mob_kills":163,"minecraft:climb_one_cm":44368,"minecraft:walk_one_cm":695727,"minecraft:raid_win":1,"minecraft:sneak_time":6604,"minecraft:walk_under_water_one_cm":28985,"minecraft:boat_one_cm":1136936,"minecraft:total_world_time":486294,"minecraft:raid_trigger":1,"minecraft:time_since_rest":59325,"minecraft:damage_taken":9321,"minecraft:swim_one_cm":265930,"minecraft:fly_one_cm":2409550,"minecraft:open_chest":152,"minecraft:fall_one_cm":273180},"minecraft:dropped":{"minecraft:iron_sword":1,"minecraft:brown_mushroom":1,"minecraft:cooked_beef":2,"minecraft:diamond":9,"minecraft:crossbow":2,"minecraft:leather":17,"travelersbackpack:standard":1,"minecraft:leather_helmet":1,"gravestone:obituary":6,"minecraft:sand":44,"minecraft:gravel":3,"minecraft:chiseled_polished_blackstone":18,"minecraft:mangrove_roots":1,"minecraft:cobbled_deepslate":150,"minecraft:stripped_jungle_wood":1,"minecraft:oak_planks":2,"minecraft:gunpowder":1,"travelersbackpack:white_sleeping_bag":1,"minecraft:iron_ingot":9,"minecraft:bread":26,"minecraft:wheat_seeds":68,"anthropology_items__structures:hunters_machete":1,"minecraft:amethyst_block":3,"wizards_reborn:elder_mor":2,"wizards_reborn:arcanum_dust":2,"minecraft:coal":24,"minecraft:mossy_cobblestone_slab":2,"minecraft:diorite":6,"minecraft:torch":45,"minecraft:melon_slice":47,"minecraft:brown_wool":1,"anthropology_items__structures:limestone":7,"minecraft:mossy_cobblestone_stairs":1,"minecraft:smooth_basalt":6,"minecraft:kelp":7,"useless_sword:ravager_sword":2,"minecraft:raw_iron":2,"minecraft:andesite":4,"minecraft:spider_eye":1,"minecraft:calcite":3},"minecraft:crafted":{"minecraft:oak_planks":20,"minecraft:cooked_chicken":1,"minecraft:cooked_mutton":4,"minecraft:bow":2,"minecraft:iron_boots":2,"minecraft:melon_seeds":9,"minecraft:chest":2,"minecraft:stone_hoe":1,"minecraft:crafting_table":2,"travelersbackpack:lapis":1,"minecraft:wooden_pickaxe":1,"minecraft:iron_helmet":2,"minecraft:iron_chestplate":2,"minecraft:shield":2,"minecraft:stick":100,"minecraft:iron_ingot":88,"minecraft:iron_pickaxe":2,"minecraft:gold_ingot":63,"minecraft:shears":1,"minecraft:golden_carrot":51,"minecraft:furnace":1,"minecraft:bone_meal":219,"travelersbackpack:white_sleeping_bag":1,"minecraft:iron_axe":1,"minecraft:iron_hoe":1,"minecraft:stone_pickaxe":1,"minecraft:glistering_melon_slice":29,"minecraft:wheat":126,"minecraft:cooked_beef":13,"minecraft:crossbow":1,"minecraft:iron_sword":2,"minecraft:stone_axe":1,"minecraft:bread":149,"minecraft:air":0,"minecraft:jungle_planks":144,"minecraft:gold_nugget":776,"minecraft:wooden_axe":1,"morebows:gold_bow":1,"minecraft:iron_shovel":2,"minecraft:iron_leggings":2,"minecraft:white_bed":1,"minecraft:torch":356,"minecraft:lapis_block":4}},"DataVersion":3465}