{"stats":{"minecraft:killed":{"minecraft:sheep":3,"minecraft:zombie":6,"minecraft:chicken":1},"minecraft:killed_by":{"minecraft:zombie":2},"minecraft:picked_up":{"minecraft:cocoa_beans":21,"minecraft:crafting_table":2,"minecraft:feather":1,"minecraft:chicken":1,"minecraft:jungle_log":50,"minecraft:brown_wool":1,"minecraft:oak_log":5,"anthropology_items__structures:limestone":6,"minecraft:dirt":28,"minecraft:iron_ingot":9,"minecraft:jungle_sapling":1,"minecraft:bamboo":8,"minecraft:melon_slice":89,"minecraft:acacia_sapling":1,"minecraft:egg":2,"minecraft:furnace":1,"minecraft:stick":5,"minecraft:raw_iron":14,"minecraft:acacia_log":6,"minecraft:gravel":2,"minecraft:rotten_flesh":3,"minecraft:mutton":4,"minecraft:coal":43,"minecraft:white_wool":2,"minecraft:cobblestone":112},"minecraft:dropped":{"minecraft:iron_ingot":9,"minecraft:raw_iron":2,"gravestone:obituary":3},"minecraft:custom":{"minecraft:interact_with_furnace":17,"minecraft:mob_kills":10,"minecraft:interact_with_crafting_table":11,"minecraft:leave_game":1,"minecraft:time_since_death":3346,"minecraft:climb_one_cm":16528,"minecraft:time_since_rest":3407,"minecraft:sprint_one_cm":132477,"minecraft:damage_taken":1233,"minecraft:walk_one_cm":60185,"minecraft:drop":6,"minecraft:damage_dealt":1788,"minecraft:fly_one_cm":154973,"minecraft:open_chest":5,"minecraft:crouch_one_cm":1516,"minecraft:play_time":40824,"minecraft:deaths":3,"minecraft:sneak_time":568,"minecraft:jump":1006,"minecraft:interact_with_smoker":5,"minecraft:total_world_time":40824,"minecraft:fall_one_cm":32000},"minecraft:crafted":{"minecraft:oak_planks":20,"minecraft:crafting_table":2,"minecraft:wooden_pickaxe":1,"minecraft:iron_helmet":1,"minecraft:cooked_chicken":1,"minecraft:iron_sword":1,"minecraft:furnace":1,"minecraft:stone_axe":1,"minecraft:cooked_mutton":4,"minecraft:air":0,"minecraft:jungle_planks":144,"minecraft:iron_boots":1,"minecraft:iron_chestplate":1,"minecraft:iron_axe":1,"minecraft:melon_seeds":4,"minecraft:stick":100,"minecraft:iron_ingot":19,"minecraft:iron_pickaxe":1,"minecraft:stone_pickaxe":1,"minecraft:wooden_axe":1,"minecraft:iron_leggings":1},"minecraft:mined":{"anthropology_items__structures:limestone":6,"minecraft:jungle_leaves":10,"minecraft:crafting_table":2,"gravestone:gravestone":2,"minecraft:acacia_log":7,"minecraft:grass_block":5,"minecraft:melon":18,"minecraft:jungle_log":50,"minecraft:furnace":1,"minecraft:iron_ore":12,"minecraft:grass":1,"minecraft:oak_log":5,"minecraft:coal_ore":43,"minecraft:cocoa":7,"minecraft:vine":4,"minecraft:gravel":2,"minecraft:dirt":7,"minecraft:bamboo":1,"minecraft:stone":112,"minecraft:oak_leaves":3},"minecraft:used":{"minecraft:cooked_mutton":3,"minecraft:stone_pickaxe":126,"minecraft:wooden_pickaxe":6,"minecraft:iron_sword":20,"minecraft:cooked_chicken":1,"minecraft:rotten_flesh":3,"minecraft:dirt":5,"minecraft:crafting_table":3,"minecraft:wooden_axe":12,"minecraft:melon_slice":15,"minecraft:iron_pickaxe":46,"minecraft:stone_axe":86,"minecraft:cobblestone":5,"minecraft:furnace":1}},"DataVersion":3465}