{"stats":{"minecraft:killed":{"minecraft:allay":1,"minecraft:spider":3,"minecraft:skeleton":17,"minecraft:chicken":1,"minecraft:salmon":1,"minecraft:wandering_trader":1,"minecraft:creeper":5,"minecraft:sheep":3,"minecraft:trader_llama":1,"minecraft:pillager":7,"minecraft:zombie":26,"minecraft:cow":2,"minecraft:enderman":1},"minecraft:dropped":{"minecraft:iron_ingot":9,"minecraft:wheat_seeds":2,"minecraft:crossbow":2,"minecraft:leather":16,"wizards_reborn:arcanum_dust":1,"travelersbackpack:standard":1,"minecraft:coal":24,"minecraft:torch":45,"minecraft:brown_wool":1,"anthropology_items__structures:limestone":7,"gravestone:obituary":4,"minecraft:gravel":2,"minecraft:kelp":7,"minecraft:mangrove_roots":1,"minecraft:raw_iron":2,"minecraft:oak_planks":2,"travelersbackpack:white_sleeping_bag":1},"minecraft:custom":{"minecraft:mob_kills":74,"minecraft:interact_with_crafting_table":28,"minecraft:bell_ring":2,"minecraft:leave_game":4,"minecraft:time_since_death":22260,"minecraft:climb_one_cm":32337,"minecraft:sprint_one_cm":725622,"minecraft:walk_one_cm":344838,"minecraft:damage_blocked_by_shield":280,"minecraft:drop":24,"minecraft:talked_to_villager":1,"minecraft:play_time":214909,"minecraft:deaths":4,"minecraft:sneak_time":4998,"minecraft:walk_under_water_one_cm":12356,"minecraft:boat_one_cm":424262,"minecraft:jump":4198,"minecraft:walk_on_water_one_cm":38480,"minecraft:total_world_time":214909,"minecraft:interact_with_furnace":40,"minecraft:time_since_rest":22892,"minecraft:damage_taken":4221,"minecraft:damage_dealt":14628,"minecraft:fly_one_cm":1255552,"minecraft:swim_one_cm":95280,"minecraft:open_chest":54,"minecraft:crouch_one_cm":9764,"minecraft:interact_with_smoker":7,"minecraft:fall_one_cm":115628,"minecraft:horse_one_cm":4927},"minecraft:mined":{"minecraft:tuff":9,"anthropology_items__structures:limestone":7,"minecraft:mossy_cobblestone":1,"minecraft:deepslate_diamond_ore":4,"minecraft:jungle_leaves":12,"minecraft:mangrove_roots":1,"minecraft:dark_oak_fence":2,"minecraft:spruce_trapdoor":2,"gravestone:gravestone":4,"minecraft:granite":6,"minecraft:chiseled_polished_blackstone":1,"minecraft:acacia_log":16,"minecraft:grass_block":17,"minecraft:jungle_planks":2,"minecraft:stripped_jungle_wood":1,"minecraft:jungle_log":50,"minecraft:hay_block":51,"minecraft:furnace":3,"minecraft:iron_ore":21,"wizards_reborn:deepslate_arcanum_ore":10,"minecraft:andesite":1,"minecraft:deepslate_lapis_ore":8,"minecraft:gold_block":47,"minecraft:bell":1,"minecraft:deepslate_iron_ore":24,"minecraft:vine":5,"minecraft:bamboo":1,"minecraft:stone":208,"minecraft:cut_sandstone":1,"minecraft:brown_mushroom":1,"wizards_reborn:elder_mor":2,"minecraft:melon_stem":4,"minecraft:smoker":1,"minecraft:dandelion":1,"minecraft:smooth_sandstone":4,"minecraft:crafting_table":4,"minecraft:torch":10,"minecraft:poppy":1,"minecraft:melon":19,"minecraft:chest":2,"minecraft:tall_grass":18,"minecraft:cobblestone":2,"minecraft:deepslate_gold_ore":3,"minecraft:sugar_cane":54,"minecraft:diorite":3,"minecraft:wall_torch":3,"minecraft:seagrass":1,"minecraft:cactus":2,"minecraft:lime_bed":1,"minecraft:coarse_dirt":2,"minecraft:wheat":69,"minecraft:birch_leaves":3,"minecraft:grass":201,"minecraft:oak_log":5,"minecraft:coal_ore":65,"minecraft:beetroots":6,"minecraft:cocoa":7,"minecraft:gravel":2,"minecraft:sand":27,"minecraft:dirt":21,"wizards_reborn:mor":2,"minecraft:oak_leaves":4,"minecraft:deepslate":19,"minecraft:fern":1},"minecraft:killed_by":{"minecraft:zombie":2},"minecraft:used":{"minecraft:iron_shovel":38,"minecraft:chest":2,"minecraft:shield":11,"minecraft:iron_sword":153,"minecraft:cooked_chicken":1,"minecraft:rotten_flesh":4,"minecraft:torch":64,"minecraft:dirt":116,"minecraft:jungle_planks":16,"minecraft:tuff":8,"minecraft:granite":6,"minecraft:iron_hoe":252,"minecraft:wooden_axe":12,"minecraft:iron_axe":23,"minecraft:melon_seeds":9,"minecraft:furnace":5,"minecraft:wheat_seeds":140,"minecraft:cooked_mutton":4,"minecraft:water_bucket":4,"minecraft:stone_pickaxe":126,"minecraft:oak_planks":1,"minecraft:wooden_pickaxe":6,"minecraft:jungle_boat":1,"anthropology_items__structures:hunters_machete":110,"minecraft:crafting_table":6,"minecraft:bread":32,"minecraft:iron_pickaxe":328,"minecraft:melon_slice":54,"travelersbackpack:white_sleeping_bag":1,"minecraft:gravel":2,"minecraft:stone_axe":86,"minecraft:cobblestone":130,"travelersbackpack:standard":1,"minecraft:dark_oak_fence":2,"minecraft:cooked_porkchop":14,"useless_sword:ravager_sword":43,"minecraft:andesite":1,"minecraft:bucket":8,"minecraft:coarse_dirt":2,"minecraft:bone_meal":111},"minecraft:crafted":{"minecraft:oak_planks":20,"minecraft:cooked_chicken":1,"minecraft:furnace":1,"minecraft:bone_meal":111,"minecraft:cooked_mutton":4,"travelersbackpack:white_sleeping_bag":1,"minecraft:iron_boots":1,"minecraft:iron_axe":1,"minecraft:melon_seeds":9,"minecraft:iron_hoe":1,"minecraft:stone_pickaxe":1,"minecraft:chest":2,"minecraft:glistering_melon_slice":29,"minecraft:crafting_table":2,"travelersbackpack:lapis":1,"minecraft:wooden_pickaxe":1,"minecraft:iron_helmet":1,"minecraft:iron_sword":2,"minecraft:stone_axe":1,"minecraft:bread":19,"minecraft:air":0,"minecraft:jungle_planks":144,"minecraft:iron_chestplate":1,"minecraft:gold_nugget":236,"minecraft:shield":1,"minecraft:stick":100,"minecraft:iron_ingot":67,"minecraft:iron_pickaxe":2,"minecraft:wooden_axe":1,"minecraft:iron_shovel":1,"minecraft:iron_leggings":1,"minecraft:torch":136,"minecraft:shears":1,"minecraft:lapis_block":4},"minecraft:picked_up":{"minecraft:cocoa_beans":42,"minecraft:coarse_dirt":2,"minecraft:crafting_table":4,"minecraft:wheat":54,"minecraft:chicken":1,"minecraft:brown_mushroom":1,"minecraft:lead":1,"wizards_reborn:elder_mor":2,"minecraft:gold_block":50,"minecraft:polished_blackstone_brick_stairs":17,"minecraft:music_disc_cat":1,"minecraft:string":39,"minecraft:gold_nugget":18,"minecraft:cobbled_deepslate":19,"minecraft:bucket":1,"minecraft:beef":1,"minecraft:jungle_sapling":1,"minecraft:poppy":1,"minecraft:melon_slice":92,"minecraft:sugar_cane":128,"minecraft:spruce_trapdoor":2,"minecraft:egg":2,"minecraft:furnace":4,"minecraft:stick":6,"minecraft:raw_iron":64,"wizards_reborn:arcanum":10,"minecraft:acacia_log":21,"minecraft:torch":59,"minecraft:polished_blackstone_bricks":27,"minecraft:cactus":5,"minecraft:rotten_flesh":17,"minecraft:arrow":39,"minecraft:beetroot_seeds":5,"minecraft:hay_block":51,"minecraft:mangrove_roots":1,"minecraft:gold_ingot":27,"minecraft:mutton":4,"minecraft:white_wool":25,"minecraft:cobblestone":210,"minecraft:lime_bed":1,"minecraft:jungle_boat":1,"minecraft:feather":1,"minecraft:salmon":1,"minecraft:andesite":1,"minecraft:jungle_log":50,"minecraft:cut_sandstone":1,"minecraft:leather":3,"minecraft:brown_wool":3,"minecraft:smoker":1,"minecraft:tuff":8,"anthropology_items__structures:hunters_machete":1,"minecraft:oak_log":11,"anthropology_items__structures:limestone":14,"minecraft:gunpowder":1,"minecraft:lapis_lazuli":232,"minecraft:dirt":75,"minecraft:name_tag":2,"minecraft:smooth_sandstone":4,"minecraft:bone":18,"minecraft:kelp":7,"minecraft:bow":2,"minecraft:wheat_seeds":193,"minecraft:raw_gold":6,"minecraft:bell":1,"minecraft:iron_ingot":10,"minecraft:bamboo":8,"minecraft:acacia_sapling":1,"minecraft:oak_planks":5,"minecraft:chiseled_polished_blackstone":17,"minecraft:cooked_porkchop":14,"minecraft:music_disc_13":1,"minecraft:jungle_planks":2,"minecraft:dandelion":1,"minecraft:amethyst_shard":18,"minecraft:gravel":5,"minecraft:sand":27,"minecraft:spider_eye":3,"wizards_reborn:mor":2,"travelersbackpack:white_sleeping_bag":1,"travelersbackpack:standard":2,"minecraft:diamond":18,"wizards_reborn:arcanum_dust":5,"minecraft:crossbow":1,"minecraft:stripped_jungle_wood":1,"minecraft:granite":6,"minecraft:dark_oak_fence":2,"minecraft:oak_sapling":2,"minecraft:coal":161,"minecraft:ender_pearl":1},"minecraft:broken":{"minecraft:iron_pickaxe":1}},"DataVersion":3465}