{"stats":{"minecraft:killed":{"minecraft:creeper":2,"minecraft:skeleton":1,"minecraft:sheep":3,"minecraft:zombie":14,"minecraft:chicken":1},"minecraft:dropped":{"minecraft:gravel":2,"minecraft:iron_ingot":9,"minecraft:raw_iron":2,"wizards_reborn:arcanum_dust":1,"minecraft:torch":45,"minecraft:brown_wool":1,"gravestone:obituary":3},"minecraft:custom":{"minecraft:interact_with_furnace":17,"minecraft:mob_kills":21,"minecraft:interact_with_crafting_table":14,"minecraft:leave_game":3,"minecraft:time_since_death":39832,"minecraft:climb_one_cm":16528,"minecraft:time_since_rest":39893,"minecraft:sprint_one_cm":241817,"minecraft:damage_taken":1651,"minecraft:walk_one_cm":114335,"minecraft:drop":10,"minecraft:damage_dealt":3893,"minecraft:swim_one_cm":1860,"minecraft:fly_one_cm":263576,"minecraft:open_chest":7,"minecraft:crouch_one_cm":7646,"minecraft:play_time":77310,"minecraft:sneak_time":3365,"minecraft:deaths":3,"minecraft:walk_under_water_one_cm":544,"minecraft:jump":1770,"minecraft:walk_on_water_one_cm":1541,"minecraft:total_world_time":77310,"minecraft:interact_with_smoker":5,"minecraft:fall_one_cm":45964},"minecraft:mined":{"minecraft:tuff":9,"anthropology_items__structures:limestone":7,"minecraft:mossy_cobblestone":1,"minecraft:deepslate_diamond_ore":4,"minecraft:jungle_leaves":10,"minecraft:crafting_table":3,"minecraft:torch":7,"gravestone:gravestone":3,"minecraft:granite":6,"minecraft:acacia_log":7,"minecraft:grass_block":5,"minecraft:melon":18,"minecraft:jungle_log":50,"minecraft:cobblestone":2,"minecraft:deepslate_gold_ore":3,"minecraft:diorite":3,"minecraft:wall_torch":2,"minecraft:furnace":1,"minecraft:iron_ore":20,"wizards_reborn:deepslate_arcanum_ore":10,"minecraft:andesite":1,"minecraft:deepslate_lapis_ore":8,"minecraft:grass":1,"minecraft:oak_log":5,"minecraft:coal_ore":65,"minecraft:cocoa":7,"minecraft:deepslate_iron_ore":24,"minecraft:vine":4,"minecraft:gravel":2,"minecraft:dirt":9,"minecraft:bamboo":1,"minecraft:stone":182,"minecraft:oak_leaves":4,"minecraft:deepslate":19},"minecraft:killed_by":{"minecraft:zombie":2},"minecraft:used":{"minecraft:cooked_mutton":4,"minecraft:stone_pickaxe":126,"minecraft:oak_planks":1,"minecraft:wooden_pickaxe":6,"minecraft:iron_sword":65,"minecraft:cooked_chicken":1,"minecraft:rotten_flesh":3,"minecraft:torch":58,"minecraft:dirt":5,"minecraft:crafting_table":3,"minecraft:jungle_planks":16,"minecraft:tuff":8,"minecraft:granite":6,"minecraft:wooden_axe":12,"minecraft:iron_axe":1,"minecraft:melon_slice":46,"minecraft:iron_pickaxe":240,"minecraft:gravel":2,"minecraft:stone_axe":86,"minecraft:cobblestone":127,"minecraft:furnace":1,"minecraft:andesite":1},"minecraft:crafted":{"minecraft:oak_planks":20,"minecraft:crafting_table":2,"minecraft:wooden_pickaxe":1,"minecraft:iron_helmet":1,"minecraft:cooked_chicken":1,"minecraft:iron_sword":1,"minecraft:furnace":1,"minecraft:stone_axe":1,"minecraft:cooked_mutton":4,"minecraft:air":0,"minecraft:jungle_planks":144,"minecraft:iron_boots":1,"minecraft:iron_chestplate":1,"minecraft:gold_nugget":236,"minecraft:iron_axe":1,"minecraft:melon_seeds":4,"minecraft:stick":100,"minecraft:iron_ingot":19,"minecraft:iron_pickaxe":1,"minecraft:stone_pickaxe":1,"minecraft:wooden_axe":1,"minecraft:iron_leggings":1,"minecraft:torch":60,"minecraft:glistering_melon_slice":29},"minecraft:picked_up":{"minecraft:cocoa_beans":21,"minecraft:crafting_table":3,"minecraft:feather":1,"minecraft:chicken":1,"minecraft:andesite":1,"minecraft:jungle_log":50,"minecraft:brown_wool":2,"minecraft:tuff":8,"minecraft:oak_log":5,"anthropology_items__structures:limestone":7,"minecraft:dirt":30,"minecraft:lapis_lazuli":55,"minecraft:gold_nugget":7,"minecraft:cobbled_deepslate":19,"minecraft:raw_gold":3,"minecraft:iron_ingot":9,"minecraft:jungle_sapling":1,"minecraft:bamboo":8,"minecraft:melon_slice":89,"minecraft:acacia_sapling":1,"minecraft:furnace":1,"minecraft:egg":2,"minecraft:stick":5,"minecraft:raw_iron":46,"wizards_reborn:arcanum":10,"minecraft:torch":55,"minecraft:acacia_log":6,"minecraft:gravel":4,"minecraft:rotten_flesh":5,"minecraft:diamond":4,"wizards_reborn:arcanum_dust":5,"minecraft:granite":6,"minecraft:gold_ingot":27,"minecraft:mutton":4,"minecraft:coal":65,"minecraft:white_wool":2,"minecraft:cobblestone":184}},"DataVersion":3465}