{"stats":{"minecraft:killed":{"minecraft:allay":1,"minecraft:vindicator":2,"minecraft:spider":10,"minecraft:skeleton":29,"minecraft:chicken":1,"minecraft:drowned":1,"minecraft:wolf":1,"minecraft:salmon":1,"minecraft:wandering_trader":1,"minecraft:ravager":1,"minecraft:creeper":6,"minecraft:sheep":3,"minecraft:trader_llama":1,"minecraft:pillager":13,"minecraft:zombie":48,"minecraft:enderman":2,"minecraft:cow":2},"minecraft:crafted":{"minecraft:oak_planks":20,"minecraft:cooked_chicken":1,"minecraft:furnace":1,"minecraft:bone_meal":219,"minecraft:cooked_mutton":4,"travelersbackpack:white_sleeping_bag":1,"minecraft:bow":2,"minecraft:iron_boots":2,"minecraft:iron_axe":1,"minecraft:melon_seeds":9,"minecraft:iron_hoe":1,"minecraft:stone_pickaxe":1,"minecraft:chest":2,"minecraft:stone_hoe":1,"minecraft:wheat":126,"minecraft:glistering_melon_slice":29,"minecraft:cooked_beef":13,"minecraft:crossbow":1,"minecraft:crafting_table":2,"travelersbackpack:lapis":1,"minecraft:wooden_pickaxe":1,"minecraft:iron_helmet":2,"minecraft:iron_sword":2,"minecraft:stone_axe":1,"minecraft:bread":149,"minecraft:air":0,"minecraft:jungle_planks":144,"minecraft:iron_chestplate":2,"minecraft:shield":2,"minecraft:gold_nugget":236,"minecraft:stick":100,"morebows:gold_bow":1,"minecraft:iron_ingot":88,"minecraft:iron_pickaxe":2,"minecraft:wooden_axe":1,"minecraft:gold_ingot":9,"minecraft:iron_shovel":2,"minecraft:iron_leggings":2,"minecraft:white_bed":1,"minecraft:torch":136,"minecraft:shears":1,"minecraft:lapis_block":4},"minecraft:custom":{"minecraft:mob_kills":144,"minecraft:animals_bred":1,"minecraft:open_barrel":4,"minecraft:interact_with_crafting_table":44,"minecraft:bell_ring":2,"minecraft:leave_game":9,"minecraft:time_since_death":173171,"minecraft:climb_one_cm":33445,"minecraft:sprint_one_cm":1359399,"minecraft:walk_one_cm":598400,"minecraft:damage_blocked_by_shield":1338,"minecraft:drop":37,"minecraft:talked_to_villager":7,"minecraft:raid_win":1,"minecraft:play_time":365820,"minecraft:sneak_time":5496,"minecraft:deaths":4,"minecraft:walk_under_water_one_cm":18891,"minecraft:boat_one_cm":1055806,"minecraft:jump":6629,"minecraft:walk_on_water_one_cm":56851,"minecraft:total_world_time":365820,"minecraft:interact_with_furnace":54,"minecraft:interact_with_cartography_table":1,"minecraft:raid_trigger":1,"minecraft:sleep_in_bed":6,"minecraft:time_since_rest":25742,"minecraft:damage_taken":6649,"minecraft:damage_dealt":27468,"minecraft:swim_one_cm":138211,"minecraft:fly_one_cm":1845176,"minecraft:open_chest":138,"minecraft:crouch_one_cm":10692,"minecraft:fall_one_cm":175886,"minecraft:interact_with_smoker":8,"minecraft:horse_one_cm":4927},"minecraft:mined":{"minecraft:tuff":9,"minecraft:white_bed":1,"anthropology_items__structures:limestone":7,"minecraft:mossy_cobblestone":1,"minecraft:deepslate_diamond_ore":4,"minecraft:jungle_leaves":12,"minecraft:mangrove_roots":1,"minecraft:spruce_trapdoor":2,"gravestone:gravestone":4,"minecraft:granite":6,"minecraft:dark_oak_fence":2,"minecraft:chiseled_polished_blackstone":2,"minecraft:acacia_log":16,"minecraft:spruce_fence":1,"minecraft:grass_block":146,"minecraft:jungle_planks":2,"minecraft:stripped_jungle_wood":1,"minecraft:jungle_log":50,"minecraft:redstone_wire":5,"minecraft:hay_block":51,"minecraft:polished_blackstone_bricks":3,"minecraft:furnace":3,"minecraft:carrots":11,"minecraft:iron_ore":21,"wizards_reborn:deepslate_arcanum_ore":10,"minecraft:andesite":1,"minecraft:deepslate_lapis_ore":8,"minecraft:gold_block":101,"minecraft:bell":1,"minecraft:deepslate_iron_ore":24,"minecraft:vine":5,"minecraft:iron_bars":1,"minecraft:bamboo":1,"minecraft:stone":210,"minecraft:cut_sandstone":1,"minecraft:brown_mushroom":1,"wizards_reborn:elder_mor":2,"minecraft:melon_stem":4,"minecraft:smoker":1,"minecraft:dandelion":1,"minecraft:smooth_sandstone":4,"minecraft:crafting_table":4,"minecraft:torch":14,"minecraft:poppy":1,"minecraft:melon":27,"minecraft:chest":2,"minecraft:dead_bush":1,"minecraft:tall_grass":21,"minecraft:cobblestone":2,"minecraft:deepslate_gold_ore":3,"minecraft:sugar_cane":160,"minecraft:wall_torch":3,"minecraft:diorite":3,"minecraft:seagrass":1,"minecraft:cactus":2,"minecraft:lime_bed":1,"minecraft:repeater":1,"minecraft:coarse_dirt":2,"minecraft:light_gray_stained_glass":2,"minecraft:wheat":338,"minecraft:redstone_torch":1,"minecraft:birch_leaves":3,"minecraft:tnt":454,"minecraft:grass":319,"minecraft:oak_log":5,"minecraft:coal_ore":69,"minecraft:cocoa":7,"minecraft:beetroots":6,"minecraft:gravel":2,"minecraft:sand":72,"minecraft:dirt":26,"minecraft:deepslate":19,"wizards_reborn:mor":2,"minecraft:oak_leaves":4,"minecraft:fern":1},"minecraft:killed_by":{"minecraft:zombie":2},"minecraft:picked_up":{"minecraft:coarse_dirt":2,"minecraft:cocoa_beans":42,"minecraft:crafting_table":4,"minecraft:wheat":260,"minecraft:chicken":1,"minecraft:brown_mushroom":1,"minecraft:lead":1,"wizards_reborn:elder_mor":2,"minecraft:gold_block":105,"minecraft:music_disc_cat":1,"minecraft:polished_blackstone_brick_stairs":17,"minecraft:string":49,"useless_sword:ravager_sword":1,"minecraft:gold_nugget":18,"minecraft:cobbled_deepslate":19,"minecraft:bucket":1,"minecraft:beef":1,"minecraft:jungle_sapling":1,"minecraft:poppy":1,"minecraft:melon_slice":150,"minecraft:sugar_cane":244,"useless_sword:ravager_leather":1,"minecraft:spruce_trapdoor":2,"minecraft:furnace":5,"minecraft:egg":2,"minecraft:stick":6,"minecraft:raw_iron":64,"wizards_reborn:arcanum":10,"minecraft:copper_ingot":1,"minecraft:torch":64,"minecraft:acacia_log":23,"minecraft:spruce_fence":1,"minecraft:polished_blackstone_bricks":30,"minecraft:carrot":40,"minecraft:redstone":5,"minecraft:tnt":309,"minecraft:arrow":54,"minecraft:cactus":7,"minecraft:rotten_flesh":43,"minecraft:beetroot_seeds":5,"minecraft:hay_block":51,"minecraft:saddle":1,"minecraft:mangrove_roots":1,"minecraft:gold_ingot":27,"minecraft:mutton":6,"minecraft:white_wool":25,"minecraft:cobblestone":212,"minecraft:lime_bed":1,"minecraft:jungle_boat":5,"minecraft:feather":1,"minecraft:andesite":1,"minecraft:salmon":1,"minecraft:jungle_log":50,"minecraft:brown_wool":3,"minecraft:cut_sandstone":1,"minecraft:leather":3,"minecraft:smoker":1,"minecraft:oak_log":11,"minecraft:tuff":8,"anthropology_items__structures:hunters_machete":1,"anthropology_items__structures:limestone":14,"minecraft:gunpowder":5,"minecraft:lapis_lazuli":232,"minecraft:dirt":297,"minecraft:white_banner":4,"minecraft:name_tag":2,"minecraft:smooth_sandstone":4,"minecraft:bone":40,"minecraft:kelp":7,"minecraft:bow":5,"minecraft:wheat_seeds":899,"minecraft:raw_gold":6,"minecraft:bell":1,"minecraft:iron_ingot":10,"minecraft:bamboo":8,"minecraft:acacia_sapling":1,"minecraft:iron_sword":1,"minecraft:oak_planks":5,"minecraft:chiseled_polished_blackstone":40,"minecraft:cooked_porkchop":16,"minecraft:music_disc_13":1,"minecraft:spyglass":1,"minecraft:dandelion":1,"minecraft:gravel":5,"minecraft:sand":71,"minecraft:jungle_planks":2,"minecraft:amethyst_shard":18,"minecraft:white_bed":1,"minecraft:spider_eye":4,"wizards_reborn:mor":2,"travelersbackpack:white_sleeping_bag":1,"travelersbackpack:standard":2,"minecraft:diamond":18,"wizards_reborn:arcanum_dust":5,"minecraft:stripped_jungle_wood":2,"minecraft:crossbow":3,"minecraft:granite":6,"minecraft:black_wool":1,"minecraft:oak_sapling":2,"minecraft:dark_oak_fence":2,"minecraft:coal":195,"minecraft:ender_pearl":2},"minecraft:dropped":{"minecraft:iron_ingot":9,"minecraft:bread":26,"minecraft:iron_sword":1,"minecraft:brown_mushroom":1,"minecraft:wheat_seeds":65,"minecraft:cooked_beef":2,"minecraft:diamond":9,"minecraft:crossbow":2,"wizards_reborn:elder_mor":2,"minecraft:leather":16,"wizards_reborn:arcanum_dust":1,"travelersbackpack:standard":1,"minecraft:coal":24,"minecraft:torch":45,"minecraft:brown_wool":1,"anthropology_items__structures:limestone":7,"gravestone:obituary":4,"minecraft:sand":44,"minecraft:gravel":3,"minecraft:chiseled_polished_blackstone":18,"minecraft:kelp":7,"minecraft:mangrove_roots":1,"minecraft:stripped_jungle_wood":1,"useless_sword:ravager_sword":1,"minecraft:raw_iron":2,"minecraft:oak_planks":2,"travelersbackpack:white_sleeping_bag":1},"minecraft:broken":{"minecraft:iron_pickaxe":1,"minecraft:iron_helmet":1,"minecraft:iron_hoe":1},"minecraft:used":{"minecraft:iron_shovel":227,"minecraft:chest":2,"minecraft:shield":36,"minecraft:iron_sword":153,"minecraft:cooked_chicken":1,"minecraft:stripped_jungle_wood":1,"minecraft:rotten_flesh":4,"minecraft:stone_hoe":26,"minecraft:torch":64,"minecraft:dirt":195,"minecraft:jungle_planks":16,"minecraft:tuff":8,"minecraft:granite":6,"minecraft:iron_hoe":317,"minecraft:wooden_axe":12,"minecraft:iron_axe":32,"minecraft:melon_seeds":9,"minecraft:furnace":5,"minecraft:potato":1,"minecraft:cooked_mutton":4,"minecraft:wheat_seeds":481,"minecraft:water_bucket":11,"minecraft:stone_pickaxe":126,"minecraft:oak_planks":1,"minecraft:cactus":2,"minecraft:wooden_pickaxe":6,"minecraft:sugar_cane":106,"minecraft:jungle_boat":4,"anthropology_items__structures:hunters_machete":110,"minecraft:tnt":1,"minecraft:crafting_table":6,"minecraft:crossbow":5,"minecraft:white_bed":2,"morebows:gold_bow":2,"minecraft:iron_pickaxe":607,"minecraft:bread":98,"travelersbackpack:white_sleeping_bag":1,"minecraft:melon_slice":54,"minecraft:gravel":2,"minecraft:stone_axe":86,"minecraft:cobblestone":139,"travelersbackpack:standard":1,"useless_sword:ravager_sword":191,"minecraft:cooked_porkchop":14,"minecraft:dark_oak_fence":2,"minecraft:andesite":1,"minecraft:bucket":15,"minecraft:coarse_dirt":2,"minecraft:bone_meal":219}},"DataVersion":3465}