{"stats":{"minecraft:killed":{"minecraft:creeper":2,"minecraft:skeleton":2,"minecraft:sheep":3,"minecraft:zombie":16,"minecraft:chicken":1},"minecraft:dropped":{"minecraft:gravel":2,"minecraft:iron_ingot":9,"minecraft:wheat_seeds":2,"minecraft:raw_iron":2,"wizards_reborn:arcanum_dust":1,"travelersbackpack:white_sleeping_bag":1,"minecraft:torch":45,"minecraft:brown_wool":1,"anthropology_items__structures:limestone":7,"gravestone:obituary":3},"minecraft:custom":{"minecraft:interact_with_furnace":21,"minecraft:mob_kills":26,"minecraft:interact_with_crafting_table":19,"minecraft:leave_game":3,"minecraft:time_since_death":63832,"minecraft:climb_one_cm":16528,"minecraft:time_since_rest":63893,"minecraft:sprint_one_cm":320370,"minecraft:damage_taken":2078,"minecraft:walk_one_cm":179819,"minecraft:drop":14,"minecraft:damage_dealt":4690,"minecraft:swim_one_cm":1860,"minecraft:fly_one_cm":355155,"minecraft:open_chest":17,"minecraft:crouch_one_cm":7715,"minecraft:play_time":101310,"minecraft:sneak_time":3416,"minecraft:deaths":3,"minecraft:walk_under_water_one_cm":544,"minecraft:jump":2157,"minecraft:walk_on_water_one_cm":1934,"minecraft:total_world_time":101310,"minecraft:interact_with_smoker":5,"minecraft:fall_one_cm":59085},"minecraft:mined":{"minecraft:tuff":9,"anthropology_items__structures:limestone":7,"minecraft:mossy_cobblestone":1,"minecraft:deepslate_diamond_ore":4,"minecraft:melon_stem":4,"minecraft:jungle_leaves":10,"minecraft:dandelion":1,"minecraft:crafting_table":3,"minecraft:torch":10,"gravestone:gravestone":3,"minecraft:granite":6,"minecraft:acacia_log":7,"minecraft:grass_block":16,"minecraft:poppy":1,"minecraft:melon":19,"minecraft:jungle_log":50,"minecraft:tall_grass":15,"minecraft:cobblestone":2,"minecraft:deepslate_gold_ore":3,"minecraft:diorite":3,"minecraft:wall_torch":3,"minecraft:wheat":33,"minecraft:furnace":1,"minecraft:iron_ore":20,"wizards_reborn:deepslate_arcanum_ore":10,"minecraft:andesite":1,"minecraft:deepslate_lapis_ore":8,"minecraft:grass":159,"minecraft:oak_log":5,"minecraft:coal_ore":65,"minecraft:cocoa":7,"minecraft:deepslate_iron_ore":24,"minecraft:vine":4,"minecraft:gravel":2,"minecraft:sand":26,"minecraft:dirt":12,"minecraft:bamboo":1,"minecraft:stone":182,"minecraft:oak_leaves":4,"minecraft:deepslate":19},"minecraft:killed_by":{"minecraft:zombie":2},"minecraft:used":{"minecraft:wheat_seeds":76,"minecraft:cooked_mutton":4,"minecraft:water_bucket":3,"minecraft:iron_shovel":29,"minecraft:stone_pickaxe":126,"minecraft:oak_planks":1,"minecraft:wooden_pickaxe":6,"minecraft:iron_sword":85,"minecraft:cooked_chicken":1,"minecraft:rotten_flesh":3,"minecraft:torch":64,"minecraft:dirt":68,"minecraft:crafting_table":5,"minecraft:jungle_planks":16,"minecraft:tuff":8,"minecraft:granite":6,"minecraft:iron_hoe":111,"minecraft:wooden_axe":12,"travelersbackpack:white_sleeping_bag":1,"minecraft:iron_axe":1,"minecraft:melon_slice":53,"minecraft:iron_pickaxe":240,"minecraft:gravel":2,"minecraft:melon_seeds":9,"minecraft:stone_axe":86,"minecraft:cobblestone":127,"minecraft:furnace":2,"minecraft:cooked_porkchop":5,"minecraft:bucket":3,"minecraft:andesite":1,"minecraft:bone_meal":81},"minecraft:crafted":{"minecraft:oak_planks":20,"minecraft:crafting_table":2,"minecraft:wooden_pickaxe":1,"minecraft:iron_helmet":1,"minecraft:cooked_chicken":1,"minecraft:iron_sword":1,"minecraft:furnace":1,"minecraft:bone_meal":81,"minecraft:stone_axe":1,"minecraft:cooked_mutton":4,"minecraft:air":0,"minecraft:jungle_planks":144,"travelersbackpack:white_sleeping_bag":1,"minecraft:iron_boots":1,"minecraft:iron_chestplate":1,"minecraft:gold_nugget":236,"minecraft:shield":1,"minecraft:iron_axe":1,"minecraft:melon_seeds":9,"minecraft:iron_hoe":1,"minecraft:stick":100,"minecraft:iron_ingot":19,"minecraft:iron_pickaxe":1,"minecraft:stone_pickaxe":1,"minecraft:wooden_axe":1,"minecraft:iron_shovel":1,"minecraft:iron_leggings":1,"minecraft:torch":60,"minecraft:glistering_melon_slice":29},"minecraft:picked_up":{"minecraft:cocoa_beans":21,"minecraft:crafting_table":3,"minecraft:wheat":33,"minecraft:feather":1,"minecraft:chicken":1,"minecraft:andesite":1,"minecraft:jungle_log":50,"minecraft:brown_wool":2,"minecraft:tuff":8,"minecraft:oak_log":5,"anthropology_items__structures:limestone":14,"minecraft:gunpowder":1,"minecraft:dirt":63,"minecraft:lapis_lazuli":55,"minecraft:wheat_seeds":116,"minecraft:gold_nugget":7,"minecraft:cobbled_deepslate":19,"minecraft:raw_gold":3,"minecraft:bucket":1,"minecraft:iron_ingot":10,"minecraft:jungle_sapling":1,"minecraft:poppy":1,"minecraft:bamboo":8,"minecraft:melon_slice":92,"minecraft:acacia_sapling":1,"minecraft:furnace":1,"minecraft:egg":2,"minecraft:stick":5,"minecraft:raw_iron":46,"wizards_reborn:arcanum":10,"minecraft:cooked_porkchop":14,"minecraft:sand":26,"minecraft:dandelion":1,"minecraft:torch":58,"minecraft:acacia_log":6,"minecraft:gravel":4,"travelersbackpack:white_sleeping_bag":1,"minecraft:rotten_flesh":12,"minecraft:diamond":4,"wizards_reborn:arcanum_dust":5,"minecraft:granite":6,"minecraft:gold_ingot":27,"minecraft:oak_sapling":1,"minecraft:mutton":4,"minecraft:coal":65,"minecraft:white_wool":2,"minecraft:cobblestone":185}},"DataVersion":3465}