{"stats":{"minecraft:killed":{"minecraft:skeleton":7,"minecraft:chicken":1,"minecraft:wandering_trader":1,"minecraft:creeper":2,"minecraft:sheep":3,"minecraft:trader_llama":1,"minecraft:zombie":18},"minecraft:dropped":{"minecraft:iron_ingot":9,"minecraft:wheat_seeds":2,"minecraft:leather":16,"wizards_reborn:arcanum_dust":1,"travelersbackpack:standard":1,"minecraft:coal":24,"minecraft:torch":45,"minecraft:brown_wool":1,"anthropology_items__structures:limestone":7,"gravestone:obituary":3,"minecraft:gravel":2,"minecraft:raw_iron":2,"travelersbackpack:white_sleeping_bag":1},"minecraft:custom":{"minecraft:mob_kills":35,"minecraft:interact_with_crafting_table":26,"minecraft:leave_game":4,"minecraft:time_since_death":87431,"minecraft:climb_one_cm":16528,"minecraft:sprint_one_cm":384142,"minecraft:walk_one_cm":225463,"minecraft:damage_blocked_by_shield":195,"minecraft:drop":17,"minecraft:play_time":124909,"minecraft:deaths":3,"minecraft:sneak_time":3462,"minecraft:walk_under_water_one_cm":544,"minecraft:jump":2300,"minecraft:walk_on_water_one_cm":1934,"minecraft:total_world_time":124909,"minecraft:interact_with_furnace":35,"minecraft:time_since_rest":87492,"minecraft:damage_taken":2207,"minecraft:damage_dealt":6284,"minecraft:fly_one_cm":393074,"minecraft:swim_one_cm":1860,"minecraft:open_chest":30,"minecraft:crouch_one_cm":7803,"minecraft:interact_with_smoker":5,"minecraft:fall_one_cm":62822},"minecraft:mined":{"minecraft:tuff":9,"anthropology_items__structures:limestone":7,"minecraft:mossy_cobblestone":1,"minecraft:deepslate_diamond_ore":4,"minecraft:jungle_leaves":10,"gravestone:gravestone":3,"minecraft:granite":6,"minecraft:acacia_log":7,"minecraft:grass_block":17,"minecraft:jungle_log":50,"minecraft:furnace":3,"minecraft:iron_ore":20,"wizards_reborn:deepslate_arcanum_ore":10,"minecraft:andesite":1,"minecraft:deepslate_lapis_ore":8,"minecraft:deepslate_iron_ore":24,"minecraft:vine":4,"minecraft:bamboo":1,"minecraft:stone":182,"minecraft:melon_stem":4,"minecraft:dandelion":1,"minecraft:crafting_table":4,"minecraft:torch":10,"minecraft:poppy":1,"minecraft:melon":19,"minecraft:chest":2,"minecraft:tall_grass":15,"minecraft:cobblestone":2,"minecraft:deepslate_gold_ore":3,"minecraft:diorite":3,"minecraft:wall_torch":3,"minecraft:wheat":55,"minecraft:grass":183,"minecraft:oak_log":5,"minecraft:coal_ore":65,"minecraft:cocoa":7,"minecraft:gravel":2,"minecraft:sand":26,"minecraft:dirt":20,"minecraft:oak_leaves":4,"minecraft:deepslate":19},"minecraft:killed_by":{"minecraft:zombie":2},"minecraft:used":{"minecraft:iron_shovel":38,"minecraft:chest":2,"minecraft:shield":8,"minecraft:iron_sword":120,"minecraft:cooked_chicken":1,"minecraft:rotten_flesh":4,"minecraft:torch":64,"minecraft:dirt":68,"minecraft:jungle_planks":16,"minecraft:tuff":8,"minecraft:granite":6,"minecraft:iron_hoe":159,"minecraft:wooden_axe":12,"minecraft:iron_axe":4,"minecraft:melon_seeds":9,"minecraft:furnace":5,"minecraft:wheat_seeds":140,"minecraft:cooked_mutton":4,"minecraft:water_bucket":3,"minecraft:stone_pickaxe":126,"minecraft:oak_planks":1,"minecraft:wooden_pickaxe":6,"minecraft:crafting_table":6,"minecraft:iron_pickaxe":243,"minecraft:melon_slice":53,"travelersbackpack:white_sleeping_bag":1,"minecraft:gravel":2,"minecraft:stone_axe":86,"minecraft:cobblestone":127,"travelersbackpack:standard":1,"minecraft:cooked_porkchop":6,"minecraft:andesite":1,"minecraft:bucket":7,"minecraft:bone_meal":111},"minecraft:crafted":{"minecraft:oak_planks":20,"minecraft:cooked_chicken":1,"minecraft:furnace":1,"minecraft:bone_meal":111,"minecraft:cooked_mutton":4,"travelersbackpack:white_sleeping_bag":1,"minecraft:iron_boots":1,"minecraft:iron_axe":1,"minecraft:melon_seeds":9,"minecraft:iron_hoe":1,"minecraft:stone_pickaxe":1,"minecraft:chest":2,"minecraft:glistering_melon_slice":29,"minecraft:crafting_table":2,"travelersbackpack:lapis":1,"minecraft:wooden_pickaxe":1,"minecraft:iron_helmet":1,"minecraft:iron_sword":1,"minecraft:stone_axe":1,"minecraft:bread":19,"minecraft:air":0,"minecraft:jungle_planks":144,"minecraft:iron_chestplate":1,"minecraft:gold_nugget":236,"minecraft:shield":1,"minecraft:stick":100,"minecraft:iron_ingot":31,"minecraft:iron_pickaxe":2,"minecraft:wooden_axe":1,"minecraft:iron_shovel":1,"minecraft:iron_leggings":1,"minecraft:torch":136,"minecraft:lapis_block":4},"minecraft:picked_up":{"minecraft:cocoa_beans":42,"minecraft:crafting_table":4,"minecraft:wheat":54,"minecraft:chicken":1,"minecraft:lead":1,"minecraft:music_disc_cat":1,"minecraft:string":38,"minecraft:gold_nugget":18,"minecraft:cobbled_deepslate":19,"minecraft:bucket":1,"minecraft:jungle_sapling":1,"minecraft:poppy":1,"minecraft:melon_slice":92,"minecraft:egg":2,"minecraft:furnace":4,"minecraft:stick":5,"minecraft:raw_iron":63,"wizards_reborn:arcanum":10,"minecraft:acacia_log":12,"minecraft:torch":58,"minecraft:rotten_flesh":12,"minecraft:arrow":30,"minecraft:gold_ingot":27,"minecraft:mutton":4,"minecraft:white_wool":2,"minecraft:cobblestone":185,"minecraft:feather":1,"minecraft:andesite":1,"minecraft:jungle_log":50,"minecraft:leather":1,"minecraft:brown_wool":3,"minecraft:tuff":8,"minecraft:oak_log":11,"anthropology_items__structures:limestone":14,"minecraft:gunpowder":1,"minecraft:lapis_lazuli":232,"minecraft:dirt":72,"minecraft:name_tag":2,"minecraft:bone":11,"minecraft:bow":1,"minecraft:wheat_seeds":181,"minecraft:raw_gold":6,"minecraft:iron_ingot":10,"minecraft:bamboo":8,"minecraft:acacia_sapling":1,"minecraft:oak_planks":4,"minecraft:cooked_porkchop":14,"minecraft:music_disc_13":1,"minecraft:dandelion":1,"minecraft:amethyst_shard":18,"minecraft:gravel":4,"minecraft:sand":26,"minecraft:spider_eye":1,"travelersbackpack:white_sleeping_bag":1,"travelersbackpack:standard":2,"minecraft:diamond":18,"wizards_reborn:arcanum_dust":5,"minecraft:granite":6,"minecraft:oak_sapling":2,"minecraft:coal":161}},"DataVersion":3465}