{"stats":{"minecraft:used":{"minecraft:iron_shovel":227,"minecraft:chest":2,"minecraft:shield":41,"minecraft:iron_sword":153,"minecraft:stripped_jungle_wood":1,"minecraft:rotten_flesh":4,"minecraft:jungle_planks":16,"minecraft:carrot":118,"minecraft:tuff":8,"minecraft:furnace":5,"minecraft:potato":1,"minecraft:stone_pickaxe":126,"minecraft:oak_planks":1,"minecraft:cactus":2,"minecraft:wooden_pickaxe":6,"minecraft:sugar_cane":109,"minecraft:jungle_boat":4,"minecraft:crossbow":5,"minecraft:bread":143,"minecraft:melon_slice":94,"minecraft:gravel":2,"useless_sword:ravager_sword":323,"minecraft:dark_oak_fence":2,"minecraft:andesite":1,"minecraft:coarse_dirt":2,"minecraft:bone_meal":283,"mores:amethyst_shield":17,"minecraft:stone_hoe":63,"minecraft:cooked_chicken":1,"minecraft:torch":149,"minecraft:dirt":285,"minecraft:granite":8,"minecraft:iron_hoe":317,"minecraft:wooden_axe":12,"minecraft:bamboo_raft":1,"minecraft:iron_axe":64,"minecraft:melon_seeds":9,"minecraft:golden_carrot":18,"minecraft:beef":3,"minecraft:cobbled_deepslate":81,"minecraft:cooked_mutton":4,"minecraft:wheat_seeds":481,"minecraft:acacia_boat":1,"minecraft:water_bucket":12,"minecraft:mossy_cobblestone":2,"anthropology_items__structures:hunters_machete":124,"minecraft:tnt":1,"minecraft:crafting_table":7,"minecraft:white_bed":2,"morebows:gold_bow":8,"chococraft:gysahl_green_seeds":29,"minecraft:iron_pickaxe":820,"travelersbackpack:white_sleeping_bag":1,"minecraft:leather_helmet":1,"minecraft:stone_axe":86,"minecraft:cobblestone":139,"travelersbackpack:standard":1,"minecraft:cooked_porkchop":14,"minecraft:porkchop":3,"minecraft:bucket":16},"minecraft:picked_up":{"chococraft:loverly_gysahl_green":13,"minecraft:wheat":270,"minecraft:lead":2,"wizards_reborn:elder_mor":2,"minecraft:brewing_stand":1,"minecraft:amethyst_block":3,"minecraft:string":54,"minecraft:polished_blackstone_brick_stairs":17,"minecraft:music_disc_cat":1,"minecraft:gold_nugget":18,"minecraft:cobbled_deepslate":250,"minecraft:bucket":1,"minecraft:calcite":3,"minecraft:iron_pickaxe":2,"minecraft:melon_slice":179,"minecraft:furnace":5,"minecraft:stick":6,"minecraft:torch":67,"minecraft:acacia_log":45,"minecraft:porkchop":3,"minecraft:diorite":6,"mores:raw_tin":15,"minecraft:cactus":7,"minecraft:rotten_flesh":59,"minecraft:mangrove_roots":1,"chococraft:chocobo_drumstick_raw":1,"minecraft:cobblestone":224,"minecraft:mossy_cobblestone_slab":2,"minecraft:feather":1,"minecraft:andesite":5,"minecraft:jungle_log":50,"minecraft:brown_wool":3,"minecraft:smoker":1,"anthropology_items__structures:hunters_machete":2,"minecraft:tuff":8,"minecraft:acacia_boat":1,"minecraft:dirt":359,"minecraft:lapis_lazuli":278,"minecraft:name_tag":2,"minecraft:bone":121,"minecraft:bow":10,"minecraft:wheat_seeds":937,"minecraft:raw_gold":26,"minecraft:bell":1,"minecraft:bamboo":70,"minecraft:oak_planks":5,"minecraft:chiseled_polished_blackstone":40,"minecraft:cooked_porkchop":16,"minecraft:music_disc_13":1,"minecraft:bamboo_raft":2,"minecraft:jungle_planks":2,"minecraft:sand":71,"minecraft:ink_sac":6,"minecraft:grass_block":1,"minecraft:mossy_cobblestone":2,"travelersbackpack:white_sleeping_bag":1,"minecraft:diamond":18,"mores:amethyst_mace":1,"minecraft:crossbow":3,"minecraft:granite":8,"minecraft:oak_sapling":2,"minecraft:dark_oak_fence":2,"minecraft:crafting_table":5,"minecraft:cocoa_beans":42,"minecraft:coarse_dirt":2,"minecraft:chicken":1,"minecraft:brown_mushroom":1,"minecraft:gold_block":105,"mores:amethyst_shield":2,"gravestone:obituary":2,"useless_sword:ravager_sword":5,"minecraft:beef":17,"minecraft:jungle_sapling":1,"minecraft:poppy":1,"minecraft:sugar_cane":451,"useless_sword:ravager_leather":1,"minecraft:spruce_trapdoor":2,"minecraft:egg":2,"minecraft:raw_iron":103,"wizards_reborn:arcanum":13,"minecraft:copper_ingot":1,"minecraft:spruce_fence":1,"minecraft:polished_blackstone_bricks":30,"minecraft:carrot":309,"minecraft:redstone":14,"minecraft:tnt":311,"minecraft:arrow":85,"minecraft:beetroot_seeds":5,"minecraft:hay_block":85,"minecraft:saddle":1,"minecraft:gold_ingot":27,"minecraft:mutton":6,"minecraft:white_wool":25,"minecraft:lime_bed":1,"minecraft:jungle_boat":5,"minecraft:golden_carrot":2,"minecraft:salmon":1,"minecraft:cut_sandstone":1,"minecraft:leather":13,"alexsmobs:cachalot_whale_tooth":1,"minecraft:oak_log":11,"anthropology_items__structures:limestone":14,"minecraft:gunpowder":6,"minecraft:white_banner":4,"chococraft:chocobo_feather":2,"minecraft:smooth_sandstone":4,"chococraft:gysahl_green":178,"minecraft:kelp":8,"minecraft:iron_ingot":10,"minecraft:acacia_sapling":4,"minecraft:iron_sword":1,"minecraft:smooth_basalt":6,"minecraft:dandelion":1,"minecraft:spyglass":1,"minecraft:gravel":5,"minecraft:amethyst_shard":22,"chococraft:gysahl_green_seeds":56,"minecraft:white_bed":1,"minecraft:spider_eye":8,"wizards_reborn:mor":2,"travelersbackpack:standard":2,"wizards_reborn:arcanum_dust":7,"minecraft:stripped_jungle_wood":2,"minecraft:mossy_cobblestone_stairs":1,"minecraft:black_wool":1,"minecraft:coal":215,"minecraft:ender_pearl":2},"minecraft:killed_by":{"alexsmobs:cachalot_whale":1,"minecraft:zombie":2,"minecraft:player":1},"minecraft:broken":{"minecraft:iron_hoe":1,"minecraft:iron_pickaxe":2,"minecraft:iron_helmet":2},"minecraft:killed":{"alexsmobs:lobster":1,"minecraft:spider":15,"minecraft:skeleton":54,"minecraft:chicken":1,"minecraft:wolf":1,"minecraft:pig":1,"minecraft:salmon":1,"minecraft:creeper":8,"minecraft:sheep":3,"minecraft:trader_llama":2,"minecraft:pillager":13,"minecraft:zombie":64,"minecraft:cow":10,"chococraft:chocobo":1,"minecraft:allay":1,"minecraft:vindicator":2,"minecraft:drowned":1,"minecraft:wandering_trader":1,"minecraft:ravager":1,"minecraft:enderman":3},"minecraft:mined":{"anthropology_items__structures:limestone":7,"minecraft:white_bed":1,"minecraft:jungle_leaves":12,"minecraft:brewing_stand":1,"minecraft:spruce_trapdoor":2,"minecraft:granite":8,"minecraft:budding_amethyst":2,"minecraft:chiseled_polished_blackstone":2,"minecraft:acacia_log":38,"minecraft:grass_block":152,"minecraft:jungle_log":50,"minecraft:polished_blackstone_bricks":3,"minecraft:mossy_cobblestone_slab":1,"minecraft:mossy_cobblestone_stairs":1,"minecraft:iron_ore":48,"minecraft:deepslate_lapis_ore":8,"chococraft:gysahl_green":52,"minecraft:small_amethyst_bud":1,"minecraft:iron_bars":1,"minecraft:deepslate_redstone_ore":2,"minecraft:cut_sandstone":1,"minecraft:brown_mushroom":1,"minecraft:kelp_plant":1,"minecraft:melon_stem":4,"minecraft:smoker":1,"minecraft:medium_amethyst_bud":1,"minecraft:amethyst_cluster":1,"minecraft:torch":14,"wizards_reborn:arcanum_ore":2,"minecraft:calcite":1,"minecraft:poppy":1,"minecraft:melon":31,"minecraft:chest":2,"minecraft:dead_bush":1,"minecraft:cobblestone":2,"minecraft:sugar_cane":264,"minecraft:wall_torch":6,"minecraft:amethyst_block":1,"minecraft:seagrass":1,"minecraft:repeater":1,"minecraft:light_gray_stained_glass":2,"minecraft:wheat":358,"minecraft:tnt":456,"minecraft:grass":352,"minecraft:oak_log":5,"minecraft:beetroots":6,"minecraft:acacia_fence":1,"minecraft:sand":72,"minecraft:dirt":39,"minecraft:smooth_basalt":2,"minecraft:oak_leaves":12,"minecraft:deepslate":109,"minecraft:tuff":9,"minecraft:mossy_cobblestone":3,"minecraft:deepslate_diamond_ore":4,"minecraft:mangrove_roots":1,"gravestone:gravestone":8,"minecraft:dark_oak_fence":2,"minecraft:spruce_fence":1,"minecraft:jungle_planks":2,"minecraft:stripped_jungle_wood":1,"minecraft:redstone_wire":5,"minecraft:hay_block":85,"minecraft:furnace":3,"minecraft:carrots":99,"wizards_reborn:deepslate_arcanum_ore":11,"minecraft:andesite":2,"minecraft:gold_block":101,"minecraft:bell":1,"minecraft:deepslate_iron_ore":37,"minecraft:vine":5,"minecraft:bamboo":7,"minecraft:stone":217,"minecraft:acacia_leaves":1,"wizards_reborn:elder_mor":2,"minecraft:dandelion":1,"minecraft:smooth_sandstone":4,"minecraft:crafting_table":5,"minecraft:tall_grass":22,"minecraft:lapis_ore":6,"minecraft:deepslate_gold_ore":23,"minecraft:diorite":3,"mores:tin_ore":2,"minecraft:lime_bed":1,"minecraft:cactus":2,"minecraft:coarse_dirt":2,"minecraft:redstone_torch":1,"minecraft:birch_leaves":3,"minecraft:mangrove_leaves":3,"minecraft:coal_ore":89,"minecraft:cocoa":7,"minecraft:gravel":2,"minecraft:fern":3,"wizards_reborn:mor":2},"minecraft:custom":{"minecraft:animals_bred":1,"minecraft:interact_with_crafting_table":60,"minecraft:open_barrel":4,"minecraft:bell_ring":2,"minecraft:leave_game":11,"minecraft:time_since_death":20997,"minecraft:sprint_one_cm":2070911,"minecraft:damage_blocked_by_shield":1866,"minecraft:drop":89,"minecraft:talked_to_villager":7,"minecraft:play_time":580492,"minecraft:deaths":8,"minecraft:jump":10504,"minecraft:walk_on_water_one_cm":105130,"minecraft:interact_with_furnace":95,"minecraft:interact_with_cartography_table":2,"minecraft:sleep_in_bed":9,"minecraft:damage_dealt":39742,"minecraft:crouch_one_cm":13915,"minecraft:interact_with_smoker":8,"minecraft:horse_one_cm":222155,"minecraft:interact_with_anvil":3,"minecraft:mob_kills":210,"minecraft:climb_one_cm":52367,"minecraft:walk_one_cm":804532,"minecraft:raid_win":1,"minecraft:sneak_time":7149,"minecraft:walk_under_water_one_cm":43166,"minecraft:boat_one_cm":1348871,"minecraft:total_world_time":580492,"minecraft:raid_trigger":1,"minecraft:time_since_rest":21073,"minecraft:damage_taken":11359,"minecraft:swim_one_cm":289508,"minecraft:fly_one_cm":2702013,"minecraft:open_chest":197,"minecraft:fall_one_cm":311780},"minecraft:dropped":{"minecraft:iron_sword":1,"minecraft:brown_mushroom":1,"chococraft:loverly_gysahl_green":2,"minecraft:cooked_beef":2,"minecraft:diamond":9,"minecraft:crossbow":2,"minecraft:leather":17,"travelersbackpack:standard":1,"minecraft:leather_helmet":1,"mores:amethyst_shield":1,"gravestone:obituary":10,"minecraft:sand":44,"minecraft:gravel":3,"minecraft:chiseled_polished_blackstone":18,"minecraft:mangrove_roots":1,"minecraft:cobbled_deepslate":150,"minecraft:stripped_jungle_wood":1,"minecraft:oak_planks":2,"minecraft:gunpowder":1,"travelersbackpack:white_sleeping_bag":1,"minecraft:iron_ingot":57,"minecraft:bread":26,"minecraft:wheat_seeds":68,"anthropology_items__structures:hunters_machete":2,"minecraft:amethyst_block":3,"wizards_reborn:elder_mor":2,"chococraft:gysahl_green_seeds":5,"wizards_reborn:arcanum_dust":2,"minecraft:coal":24,"minecraft:mossy_cobblestone_slab":2,"minecraft:diorite":6,"minecraft:golden_carrot":64,"minecraft:ink_sac":3,"minecraft:torch":45,"minecraft:melon_slice":65,"minecraft:brown_wool":1,"anthropology_items__structures:limestone":7,"mores:amethyst_mace":1,"minecraft:mossy_cobblestone_stairs":1,"minecraft:smooth_basalt":6,"minecraft:kelp":8,"useless_sword:ravager_sword":5,"minecraft:raw_iron":2,"minecraft:andesite":4,"minecraft:spider_eye":1,"minecraft:calcite":3,"chococraft:gysahl_green":37},"minecraft:crafted":{"minecraft:oak_planks":20,"minecraft:cooked_chicken":1,"minecraft:cooked_mutton":4,"minecraft:bow":2,"minecraft:iron_boots":3,"minecraft:melon_seeds":9,"minecraft:chest":2,"minecraft:stone_hoe":1,"minecraft:cooked_porkchop":7,"minecraft:crafting_table":3,"travelersbackpack:lapis":1,"minecraft:wooden_pickaxe":1,"minecraft:iron_helmet":2,"minecraft:iron_chestplate":3,"minecraft:shield":2,"minecraft:stick":100,"minecraft:iron_ingot":163,"minecraft:iron_pickaxe":2,"minecraft:gold_ingot":168,"chococraft:gysahl_green_seeds":9,"minecraft:shears":1,"minecraft:golden_carrot":207,"minecraft:furnace":1,"minecraft:bone_meal":339,"travelersbackpack:white_sleeping_bag":1,"minecraft:iron_axe":1,"minecraft:iron_hoe":1,"minecraft:stone_pickaxe":1,"minecraft:glistering_melon_slice":29,"minecraft:wheat":126,"minecraft:cooked_beef":13,"minecraft:crossbow":1,"minecraft:iron_sword":2,"minecraft:stone_axe":1,"minecraft:bread":149,"minecraft:air":0,"minecraft:jungle_planks":144,"minecraft:gold_nugget":2036,"minecraft:wooden_axe":1,"morebows:gold_bow":1,"minecraft:iron_shovel":2,"minecraft:iron_leggings":3,"minecraft:white_bed":1,"minecraft:acacia_planks":4,"minecraft:torch":356,"minecraft:lapis_block":4}},"DataVersion":3465}